issue_id,entity_type,entity_id,issue_type,issue_summary,severity,recommended_action,review_status,production_eligible,question_id,original_paper_file,original_paper_page,answer_source_file,answer_evidence_location,year_report_evidence_location,difficulty_value,discrimination_value,metric_review_summary,common_errors_review,teaching_suggestion_review,evidence_decision
QI-C003-0001,year_report_observation,YRO-C003-2016-01,year_report_metric_review_required,已文档核验2016Q01: 原卷真题p1; 答案2016广州中考答案.pdf; 年报p2; 难度/区分度已摘录或补录; 错误/建议已摘录或确认缺项,low,已关闭；后续 active 前由 C002S 复核,resolved,true,QPHY-C003-2016-01,2016广州中考.pdf,真题p1,2016广州中考答案.pdf,参考答案文件对应题号,年报p2;文档核验:2016Q01逐题分析,0.9511,0.1632,difficulty:准确摘录或统计表补录; discrimination:准确摘录或统计表补录,已摘录,已确认未检索到明确摘录,resolved_with_unavailable_or_unextracted_fields
QI-C003-0002,year_report_observation,YRO-C003-2016-02,year_report_metric_review_required,已文档核验2016Q02: 原卷真题p1; 答案2016广州中考答案.pdf; 年报p3; 难度/区分度已摘录或补录; 错误/建议已摘录或确认缺项,low,已关闭；后续 active 前由 C002S 复核,resolved,true,QPHY-C003-2016-02,2016广州中考.pdf,真题p1,2016广州中考答案.pdf,参考答案文件对应题号,年报p3;文档核验:2016Q02逐题分析,0.7406,0.5578,difficulty:准确摘录或统计表补录; discrimination:准确摘录或统计表补录,已摘录,已确认未检索到明确摘录,resolved_with_unavailable_or_unextracted_fields
QI-C003-0003,year_report_observation,YRO-C003-2016-03,year_report_metric_review_required,已文档核验2016Q03: 原卷真题p1; 答案2016广州中考答案.pdf; 年报p4; 难度/区分度已摘录或补录; 错误/建议已摘录或确认缺项,low,已关闭；后续 active 前由 C002S 复核,resolved,true,QPHY-C003-2016-03,2016广州中考.pdf,真题p1,2016广州中考答案.pdf,参考答案文件对应题号,年报p4;文档核验:2016Q03逐题分析,0.6306,0.7562,difficulty:准确摘录或统计表补录; discrimination:准确摘录或统计表补录,已确认未检索到明确摘录,已确认未检索到明确摘录,resolved_with_unavailable_or_unextracted_fields
QI-C003-0004,year_report_observation,YRO-C003-2016-04,year_report_metric_review_required,已文档核验2016Q04: 原卷真题p1; 答案2016广州中考答案.pdf; 年报p6; 难度/区分度已摘录或补录; 错误/建议已摘录或确认缺项,low,已关闭；后续 active 前由 C002S 复核,resolved,true,QPHY-C003-2016-04,2016广州中考.pdf,真题p1,2016广州中考答案.pdf,参考答案文件对应题号,年报p6;文档核验:2016Q04逐题分析,0.6624,0.6433,difficulty:准确摘录或统计表补录; discrimination:准确摘录或统计表补录,已摘录,已确认未检索到明确摘录,resolved_with_unavailable_or_unextracted_fields
QI-C003-0005,year_report_observation,YRO-C003-2016-05,year_report_metric_review_required,已文档核验2016Q05: 原卷真题p2; 答案2016广州中考答案.pdf; 年报p9; 难度/区分度已摘录或补录; 错误/建议已摘录或确认缺项,low,已关闭；后续 active 前由 C002S 复核,resolved,true,QPHY-C003-2016-05,2016广州中考.pdf,真题p2,2016广州中考答案.pdf,参考答案文件对应题号,年报p9;文档核验:2016Q05逐题分析,0.5142,0.6821,difficulty:准确摘录或统计表补录; discrimination:准确摘录或统计表补录,已摘录,已确认未检索到明确摘录,resolved_with_unavailable_or_unextracted_fields
QI-C003-0006,year_report_observation,YRO-C003-2016-06,year_report_metric_review_required,已文档核验2016Q06: 原卷真题p2; 答案2016广州中考答案.pdf; 年报p10; 难度/区分度已摘录或补录; 错误/建议已摘录或确认缺项,low,已关闭；后续 active 前由 C002S 复核,resolved,true,QPHY-C003-2016-06,2016广州中考.pdf,真题p2,2016广州中考答案.pdf,参考答案文件对应题号,年报p10;文档核验:2016Q06逐题分析,0.7765,0.4123,difficulty:准确摘录或统计表补录; discrimination:准确摘录或统计表补录,已确认未检索到明确摘录,已确认未检索到明确摘录,resolved_with_unavailable_or_unextracted_fields
QI-C003-0007,year_report_observation,YRO-C003-2016-07,year_report_metric_review_required,已文档核验2016Q07: 原卷真题p2; 答案2016广州中考答案.pdf; 年报p11; 难度/区分度已摘录或补录; 错误/建议已摘录或确认缺项,low,已关闭；后续 active 前由 C002S 复核,resolved,true,QPHY-C003-2016-07,2016广州中考.pdf,真题p2,2016广州中考答案.pdf,参考答案文件对应题号,年报p11;文档核验:2016Q07逐题分析,0.7969,0.4992,difficulty:准确摘录或统计表补录; discrimination:准确摘录或统计表补录,已确认未检索到明确摘录,已确认未检索到明确摘录,resolved_with_unavailable_or_unextracted_fields
QI-C003-0008,year_report_observation,YRO-C003-2016-08,year_report_metric_review_required,已文档核验2016Q08: 原卷真题p2; 答案2016广州中考答案.pdf; 年报p12; 难度/区分度已摘录或补录; 错误/建议已摘录或确认缺项,low,已关闭；后续 active 前由 C002S 复核,resolved,true,QPHY-C003-2016-08,2016广州中考.pdf,真题p2,2016广州中考答案.pdf,参考答案文件对应题号,年报p12;文档核验:2016Q08逐题分析,0.5362,0.6818,difficulty:准确摘录或统计表补录; discrimination:准确摘录或统计表补录,已摘录,已确认未检索到明确摘录,resolved_with_unavailable_or_unextracted_fields
QI-C003-0009,year_report_observation,YRO-C003-2016-09,year_report_metric_review_required,已文档核验2016Q09: 原卷真题p2; 答案2016广州中考答案.pdf; 年报p14; 难度/区分度已摘录或补录; 错误/建议已摘录或确认缺项,low,已关闭；后续 active 前由 C002S 复核,resolved,true,QPHY-C003-2016-09,2016广州中考.pdf,真题p2,2016广州中考答案.pdf,参考答案文件对应题号,年报p14;文档核验:2016Q09逐题分析,0.7993,0.5629,difficulty:准确摘录或统计表补录; discrimination:准确摘录或统计表补录,已摘录,已摘录,resolved_complete
QI-C003-0010,year_report_observation,YRO-C003-2016-10,year_report_metric_review_required,已文档核验2016Q10: 原卷真题p3; 答案2016广州中考答案.pdf; 年报p14; 难度/区分度已摘录或补录; 错误/建议已摘录或确认缺项,low,已关闭；后续 active 前由 C002S 复核,resolved,true,QPHY-C003-2016-10,2016广州中考.pdf,真题p3,2016广州中考答案.pdf,参考答案文件对应题号,年报p14;文档核验:2016Q10逐题分析,0.6446,0.7458,difficulty:准确摘录或统计表补录; discrimination:准确摘录或统计表补录,已摘录,已摘录,resolved_complete
QI-C003-0011,year_report_observation,YRO-C003-2016-11,year_report_metric_review_required,已文档核验2016Q11: 原卷真题p3; 答案2016广州中考答案.pdf; 年报p15; 难度/区分度已摘录或补录; 错误/建议已摘录或确认缺项,low,已关闭；后续 active 前由 C002S 复核,resolved,true,QPHY-C003-2016-11,2016广州中考.pdf,真题p3,2016广州中考答案.pdf,参考答案文件对应题号,年报p15;文档核验:2016Q11逐题分析,0.7437,0.5034,difficulty:准确摘录或统计表补录; discrimination:准确摘录或统计表补录,已摘录,已确认未检索到明确摘录,resolved_with_unavailable_or_unextracted_fields
QI-C003-0012,year_report_observation,YRO-C003-2016-12,year_report_metric_review_required,已文档核验2016Q12: 原卷真题p3; 答案2016广州中考答案.pdf; 年报p17; 难度/区分度已摘录或补录; 错误/建议已摘录或确认缺项,low,已关闭；后续 active 前由 C002S 复核,resolved,true,QPHY-C003-2016-12,2016广州中考.pdf,真题p3,2016广州中考答案.pdf,参考答案文件对应题号,年报p17;文档核验:2016Q12逐题分析,0.6246,0.4481,difficulty:准确摘录或统计表补录; discrimination:准确摘录或统计表补录,已摘录,已摘录,resolved_complete
QI-C003-0013,year_report_observation,YRO-C003-2016-13,year_report_discrimination_review_required,已文档核验2016Q13: 原卷真题p3; 答案2016广州中考答案.pdf; 年报p19; 难度/区分度已摘录或补录; 错误/建议已摘录或确认缺项,low,已关闭；后续 active 前由 C002S 复核,resolved,true,QPHY-C003-2016-13,2016广州中考.pdf,真题p3,2016广州中考答案.pdf,参考答案文件对应题号,年报p19;文档核验:2016Q13逐题分析,0.7569,0.5823,difficulty:准确摘录或统计表补录; discrimination:准确摘录或统计表补录,已摘录,已摘录,resolved_with_unavailable_or_unextracted_fields
QI-C003-0014,year_report_observation,YRO-C003-2016-14,year_report_human_confirmation_required,已文档核验2016Q14: 原卷真题p4; 答案2016广州中考答案.pdf; 年报p22; 难度/区分度已摘录或补录; 错误/建议已摘录或确认缺项,low,已关闭；后续 active 前由 C002S 复核,resolved,true,QPHY-C003-2016-14,2016广州中考.pdf,真题p4,2016广州中考答案.pdf,参考答案文件对应题号,年报p22;文档核验:2016Q14逐题分析,0.6113,0.6207,difficulty:准确摘录或统计表补录; discrimination:准确摘录或统计表补录,已摘录,已摘录,resolved_with_unavailable_or_unextracted_fields
QI-C003-0015,year_report_observation,YRO-C003-2016-15,year_report_discrimination_review_required,已文档核验2016Q15: 原卷真题p4; 答案2016广州中考答案.pdf; 年报p24; 难度/区分度已摘录或补录; 错误/建议已摘录或确认缺项,low,已关闭；后续 active 前由 C002S 复核,resolved,true,QPHY-C003-2016-15,2016广州中考.pdf,真题p4,2016广州中考答案.pdf,参考答案文件对应题号,年报p24;文档核验:2016Q15逐题分析,0.6381,0.6875,difficulty:准确摘录或统计表补录; discrimination:准确摘录或统计表补录,已摘录,已摘录,resolved_with_unavailable_or_unextracted_fields
QI-C003-0016,year_report_observation,YRO-C003-2016-16,year_report_discrimination_review_required,已文档核验2016Q16: 原卷真题p4; 答案2016广州中考答案.pdf; 年报p25; 难度/区分度已摘录或补录; 错误/建议已摘录或确认缺项,low,已关闭；后续 active 前由 C002S 复核,resolved,true,QPHY-C003-2016-16,2016广州中考.pdf,真题p4,2016广州中考答案.pdf,参考答案文件对应题号,年报p25;文档核验:2016Q16逐题分析,0.5801,0.558,difficulty:准确摘录或统计表补录; discrimination:准确摘录或统计表补录,已确认未检索到明确摘录,已确认未检索到明确摘录,resolved_with_unavailable_or_unextracted_fields
QI-C003-0017,year_report_observation,YRO-C003-2016-17,year_report_human_confirmation_required,已文档核验2016Q17: 原卷真题p4; 答案2016广州中考答案.pdf; 年报p26; 难度/区分度已摘录或补录; 错误/建议已摘录或确认缺项,low,已关闭；后续 active 前由 C002S 复核,resolved,true,QPHY-C003-2016-17,2016广州中考.pdf,真题p4,2016广州中考答案.pdf,参考答案文件对应题号,年报p26;文档核验:2016Q17逐题分析,0.6613,0.6067,difficulty:准确摘录或统计表补录; discrimination:准确摘录或统计表补录,已摘录,已确认未检索到明确摘录,resolved_with_unavailable_or_unextracted_fields
QI-C003-0018,year_report_observation,YRO-C003-2016-18,year_report_human_confirmation_required,已文档核验2016Q18: 原卷真题p5; 答案2016广州中考答案.pdf; 年报p28; 难度/区分度已摘录或补录; 错误/建议已摘录或确认缺项,low,已关闭；后续 active 前由 C002S 复核,resolved,true,QPHY-C003-2016-18,2016广州中考.pdf,真题p5,2016广州中考答案.pdf,参考答案文件对应题号,年报p28;文档核验:2016Q18逐题分析,0.4885,0.6737,difficulty:准确摘录或统计表补录; discrimination:准确摘录或统计表补录,已确认未检索到明确摘录,已确认未检索到明确摘录,resolved_with_unavailable_or_unextracted_fields
QI-C003-0019,year_report_observation,YRO-C003-2016-19,year_report_human_confirmation_required,已文档核验2016Q19: 原卷真题p5; 答案2016广州中考答案.pdf; 年报p30; 难度/区分度已摘录或补录; 错误/建议已摘录或确认缺项,low,已关闭；后续 active 前由 C002S 复核,resolved,true,QPHY-C003-2016-19,2016广州中考.pdf,真题p5,2016广州中考答案.pdf,参考答案文件对应题号,年报p30;文档核验:2016Q19逐题分析,0.5105,0.66,difficulty:准确摘录或统计表补录; discrimination:准确摘录或统计表补录,已摘录,已确认未检索到明确摘录,resolved_with_unavailable_or_unextracted_fields
QI-C003-0020,year_report_observation,YRO-C003-2016-20,year_report_metric_review_required,已文档核验2016Q20: 原卷真题p3; 答案2016广州中考答案.pdf; 年报p17; 难度/区分度已摘录或补录; 错误/建议已摘录或确认缺项,low,已关闭；后续 active 前由 C002S 复核,resolved,true,QPHY-C003-2016-20,2016广州中考.pdf,真题p3,2016广州中考答案.pdf,参考答案文件对应题号,年报p17;文档核验:2016Q20逐题分析,0.6246,0.4481,difficulty:准确摘录或统计表补录; discrimination:准确摘录或统计表补录,已摘录,已摘录,resolved_complete
QI-C003-0021,year_report_observation,YRO-C003-2016-21,year_report_metric_review_required,已文档核验2016Q21: 原卷真题p6; 答案2016广州中考答案.pdf; 年报p35; 难度/区分度已摘录或补录; 错误/建议已摘录或确认缺项,low,已关闭；后续 active 前由 C002S 复核,resolved,true,QPHY-C003-2016-21,2016广州中考.pdf,真题p6,2016广州中考答案.pdf,参考答案文件对应题号,年报p35;文档核验:2016Q21逐题分析,0.6687,0.7395,difficulty:准确摘录或统计表补录; discrimination:准确摘录或统计表补录,已摘录,已确认未检索到明确摘录,resolved_with_unavailable_or_unextracted_fields
QI-C003-0022,year_report_observation,YRO-C003-2016-22,year_report_metric_review_required,已文档核验2016Q22: 原卷真题p6; 答案2016广州中考答案.pdf; 年报p39; 难度/区分度已摘录或补录; 错误/建议已摘录或确认缺项,low,已关闭；后续 active 前由 C002S 复核,resolved,true,QPHY-C003-2016-22,2016广州中考.pdf,真题p6,2016广州中考答案.pdf,参考答案文件对应题号,年报p39;文档核验:2016Q22逐题分析,0.683,0.6081,difficulty:准确摘录或统计表补录; discrimination:准确摘录或统计表补录,已摘录,已确认未检索到明确摘录,resolved_with_unavailable_or_unextracted_fields
QI-C003-0023,year_report_observation,YRO-C003-2016-23,year_report_page_unverified,已文档核验2016Q23: 原卷真题p7; 答案2016广州中考答案.pdf; 年报p43-p45;文档核验:2016Q23逐题分析; 难度/区分度已摘录或确认缺项; 错误/建议已摘录,low,已关闭；后续 active 前由 C002S 复核,resolved,true,QPHY-C003-2016-23,2016广州中考.pdf,真题p7,2016广州中考答案.pdf,参考答案文件对应题号,年报p43-p45;文档核验:2016Q23逐题分析,0.4634,0.4124,difficulty:准确摘录; discrimination:准确摘录,已摘录,已摘录,resolved_with_verified_evidence
QI-C003-0024,year_report_observation,YRO-C003-2016-24,year_report_human_confirmation_required,已文档核验2016Q24: 原卷真题p8; 答案2016广州中考答案.pdf; 年报p45; 难度/区分度已摘录或补录; 错误/建议已摘录或确认缺项,low,已关闭；后续 active 前由 C002S 复核,resolved,true,QPHY-C003-2016-24,2016广州中考.pdf,真题p8,2016广州中考答案.pdf,参考答案文件对应题号,年报p45;文档核验:2016Q24逐题分析,0.5217,0.6693,difficulty:准确摘录或统计表补录; discrimination:准确摘录或统计表补录,已摘录,已确认未检索到明确摘录,resolved_with_unavailable_or_unextracted_fields
QI-C003-0025,year_report_observation,YRO-C003-2017-01,year_report_metric_review_required,已文档核验2017Q01: 原卷真题p1; 答案2017广州中考答案.pdf; 年报p2; 难度/区分度已摘录或补录; 错误/建议已摘录或确认缺项,low,已关闭；后续 active 前由 C002S 复核,resolved,true,QPHY-C003-2017-01,2017广州中考.pdf,真题p1,2017广州中考答案.pdf,参考答案文件对应题号,年报p2;文档核验:2017Q01逐题分析,0.8988,0.3031,difficulty:准确摘录或统计表补录; discrimination:准确摘录或统计表补录,已确认未检索到明确摘录,已确认未检索到明确摘录,resolved_with_unavailable_or_unextracted_fields
QI-C003-0026,year_report_observation,YRO-C003-2017-02,year_report_metric_review_required,已文档核验2017Q02: 原卷真题p1; 答案2017广州中考答案.pdf; 年报p3; 难度/区分度已摘录或补录; 错误/建议已摘录或确认缺项,low,已关闭；后续 active 前由 C002S 复核,resolved,true,QPHY-C003-2017-02,2017广州中考.pdf,真题p1,2017广州中考答案.pdf,参考答案文件对应题号,年报p3;文档核验:2017Q02逐题分析,0.7338,0.403,difficulty:准确摘录或统计表补录; discrimination:准确摘录或统计表补录,已确认未检索到明确摘录,已摘录,resolved_with_unavailable_or_unextracted_fields
QI-C003-0027,year_report_observation,YRO-C003-2017-03,year_report_metric_review_required,已文档核验2017Q03: 原卷真题p1; 答案2017广州中考答案.pdf; 年报p3; 难度/区分度已摘录或补录; 错误/建议已摘录或确认缺项,low,已关闭；后续 active 前由 C002S 复核,resolved,true,QPHY-C003-2017-03,2017广州中考.pdf,真题p1,2017广州中考答案.pdf,参考答案文件对应题号,年报p3;文档核验:2017Q03逐题分析,0.7973,0.5214,difficulty:准确摘录或统计表补录; discrimination:准确摘录或统计表补录,已确认未检索到明确摘录,已摘录,resolved_with_unavailable_or_unextracted_fields
QI-C003-0028,year_report_observation,YRO-C003-2017-04,year_report_discrimination_review_required,已文档核验2017Q04: 原卷真题p1; 答案2017广州中考答案.pdf; 年报p53; 难度/区分度已摘录或补录; 错误/建议已摘录或确认缺项,low,已关闭；后续 active 前由 C002S 复核,resolved,true,QPHY-C003-2017-04,2017广州中考.pdf,真题p1,2017广州中考答案.pdf,参考答案文件对应题号,年报p53;文档核验:2017Q04逐题分析,0,1,difficulty:准确摘录或统计表补录; discrimination:准确摘录或统计表补录,已确认未检索到明确摘录,已摘录,resolved_with_unavailable_or_unextracted_fields
QI-C003-0029,year_report_observation,YRO-C003-2017-05,year_report_metric_review_required,已文档核验2017Q05: 原卷真题p1; 答案2017广州中考答案.pdf; 年报p5; 难度/区分度已摘录或补录; 错误/建议已摘录或确认缺项,low,已关闭；后续 active 前由 C002S 复核,resolved,true,QPHY-C003-2017-05,2017广州中考.pdf,真题p1,2017广州中考答案.pdf,参考答案文件对应题号,年报p5;文档核验:2017Q05逐题分析,0.5933,0.7108,difficulty:准确摘录或统计表补录; discrimination:准确摘录或统计表补录,已摘录,已确认未检索到明确摘录,resolved_with_unavailable_or_unextracted_fields
QI-C003-0030,year_report_observation,YRO-C003-2017-06,year_report_metric_review_required,已文档核验2017Q06: 原卷真题p2; 答案2017广州中考答案.pdf; 年报p6; 难度/区分度已摘录或补录; 错误/建议已摘录或确认缺项,low,已关闭；后续 active 前由 C002S 复核,resolved,true,QPHY-C003-2017-06,2017广州中考.pdf,真题p2,2017广州中考答案.pdf,参考答案文件对应题号,年报p6;文档核验:2017Q06逐题分析,0.6485,0.6813,difficulty:准确摘录或统计表补录; discrimination:准确摘录或统计表补录,已摘录,已摘录,resolved_complete
QI-C003-0031,year_report_observation,YRO-C003-2017-07,year_report_metric_review_required,已文档核验2017Q07: 原卷真题p2; 答案2017广州中考答案.pdf; 年报p7; 难度/区分度已摘录或补录; 错误/建议已摘录或确认缺项,low,已关闭；后续 active 前由 C002S 复核,resolved,true,QPHY-C003-2017-07,2017广州中考.pdf,真题p2,2017广州中考答案.pdf,参考答案文件对应题号,年报p7;文档核验:2017Q07逐题分析,0.6895,0.5363,difficulty:准确摘录或统计表补录; discrimination:准确摘录或统计表补录,已确认未检索到明确摘录,已确认未检索到明确摘录,resolved_with_unavailable_or_unextracted_fields
QI-C003-0032,year_report_observation,YRO-C003-2017-08,year_report_metric_review_required,已文档核验2017Q08: 原卷真题p2; 答案2017广州中考答案.pdf; 年报p9; 难度/区分度已摘录或补录; 错误/建议已摘录或确认缺项,low,已关闭；后续 active 前由 C002S 复核,resolved,true,QPHY-C003-2017-08,2017广州中考.pdf,真题p2,2017广州中考答案.pdf,参考答案文件对应题号,年报p9;文档核验:2017Q08逐题分析,0.7603,0.454,difficulty:准确摘录或统计表补录; discrimination:准确摘录或统计表补录,已摘录,已确认未检索到明确摘录,resolved_with_unavailable_or_unextracted_fields
QI-C003-0033,year_report_observation,YRO-C003-2017-09,year_report_metric_review_required,已文档核验2017Q09: 原卷真题p3; 答案2017广州中考答案.pdf; 年报p10; 难度/区分度已摘录或补录; 错误/建议已摘录或确认缺项,low,已关闭；后续 active 前由 C002S 复核,resolved,true,QPHY-C003-2017-09,2017广州中考.pdf,真题p3,2017广州中考答案.pdf,参考答案文件对应题号,年报p10;文档核验:2017Q09逐题分析,0.7603,0.454,difficulty:准确摘录或统计表补录; discrimination:准确摘录或统计表补录,已确认未检索到明确摘录,已确认未检索到明确摘录,resolved_with_unavailable_or_unextracted_fields
QI-C003-0034,year_report_observation,YRO-C003-2017-10,year_report_metric_review_required,已文档核验2017Q10: 原卷真题p2; 答案2017广州中考答案.pdf; 年报p11; 难度/区分度已摘录或补录; 错误/建议已摘录或确认缺项,low,已关闭；后续 active 前由 C002S 复核,resolved,true,QPHY-C003-2017-10,2017广州中考.pdf,真题p2,2017广州中考答案.pdf,参考答案文件对应题号,年报p11;文档核验:2017Q10逐题分析,0.5135,0.7183,difficulty:准确摘录或统计表补录; discrimination:准确摘录或统计表补录,已摘录,已确认未检索到明确摘录,resolved_with_unavailable_or_unextracted_fields
QI-C003-0035,year_report_observation,YRO-C003-2017-11,year_report_page_unverified,已文档核验2017Q11: 原卷真题p3; 答案2017广州中考答案.pdf; 年报p12-p14;文档核验:2017Q11逐题分析;统计表p53; 难度/区分度已摘录或确认缺项; 错误/建议已摘录,low,已关闭；后续 active 前由 C002S 复核,resolved,true,QPHY-C003-2017-11,2017广州中考.pdf,真题p3,2017广州中考答案.pdf,参考答案文件对应题号,年报p12-p14;文档核验:2017Q11逐题分析;统计表p53,0.572,0.8033,difficulty:准确摘录; discrimination:准确摘录,已摘录,已摘录,resolved_with_verified_evidence
QI-C003-0036,year_report_observation,YRO-C003-2017-12,year_report_metric_review_required,已文档核验2017Q12: 原卷真题p3; 答案2017广州中考答案.pdf; 年报p15; 难度/区分度已摘录或补录; 错误/建议已摘录或确认缺项,low,已关闭；后续 active 前由 C002S 复核,resolved,true,QPHY-C003-2017-12,2017广州中考.pdf,真题p3,2017广州中考答案.pdf,参考答案文件对应题号,年报p15;文档核验:2017Q12逐题分析,0.5496,0.6386,difficulty:准确摘录或统计表补录; discrimination:准确摘录或统计表补录,已确认未检索到明确摘录,已确认未检索到明确摘录,resolved_with_unavailable_or_unextracted_fields
QI-C003-0037,year_report_observation,YRO-C003-2017-13,year_report_discrimination_review_required,已文档核验2017Q13: 原卷真题p4; 答案2017广州中考答案.pdf; 年报p17; 难度/区分度已摘录或补录; 错误/建议已摘录或确认缺项,low,已关闭；后续 active 前由 C002S 复核,resolved,true,QPHY-C003-2017-13,2017广州中考.pdf,真题p4,2017广州中考答案.pdf,参考答案文件对应题号,年报p17;文档核验:2017Q13逐题分析,0.7395,0.6006,difficulty:准确摘录或统计表补录; discrimination:准确摘录或统计表补录,已摘录,已摘录,resolved_with_unavailable_or_unextracted_fields
QI-C003-0038,year_report_observation,YRO-C003-2017-14,year_report_discrimination_review_required,已文档核验2017Q14: 原卷真题p4; 答案2017广州中考答案.pdf; 年报p20; 难度/区分度已摘录或补录; 错误/建议已摘录或确认缺项,low,已关闭；后续 active 前由 C002S 复核,resolved,true,QPHY-C003-2017-14,2017广州中考.pdf,真题p4,2017广州中考答案.pdf,参考答案文件对应题号,年报p20;文档核验:2017Q14逐题分析,0.7638,0.5419,difficulty:准确摘录或统计表补录; discrimination:准确摘录或统计表补录,已摘录,已确认未检索到明确摘录,resolved_with_unavailable_or_unextracted_fields
QI-C003-0039,year_report_observation,YRO-C003-2017-15,year_report_human_confirmation_required,已文档核验2017Q15: 原卷真题p5; 答案2017广州中考答案.pdf; 年报p24; 难度/区分度已摘录或补录; 错误/建议已摘录或确认缺项,low,已关闭；后续 active 前由 C002S 复核,resolved,true,QPHY-C003-2017-15,2017广州中考.pdf,真题p5,2017广州中考答案.pdf,参考答案文件对应题号,年报p24;文档核验:2017Q15逐题分析,0.6739,0.4477,difficulty:准确摘录或统计表补录; discrimination:准确摘录或统计表补录,已确认未检索到明确摘录,已摘录,resolved_with_unavailable_or_unextracted_fields
QI-C003-0040,year_report_observation,YRO-C003-2017-16,year_report_metric_review_required,已文档核验2017Q16: 原卷真题p4; 答案2017广州中考答案.pdf; 年报p6; 难度/区分度已摘录或补录; 错误/建议已摘录或确认缺项,low,已关闭；后续 active 前由 C002S 复核,resolved,true,QPHY-C003-2017-16,2017广州中考.pdf,真题p4,2017广州中考答案.pdf,参考答案文件对应题号,年报p6;文档核验:2017Q16逐题分析,0.6485,0.6813,difficulty:准确摘录或统计表补录; discrimination:准确摘录或统计表补录,已摘录,已摘录,resolved_complete
QI-C003-0041,year_report_observation,YRO-C003-2017-17,year_report_metric_review_required,已文档核验2017Q17: 原卷真题p5; 答案2017广州中考答案.pdf; 年报p28; 难度/区分度已摘录或补录; 错误/建议已摘录或确认缺项,low,已关闭；后续 active 前由 C002S 复核,resolved,true,QPHY-C003-2017-17,2017广州中考.pdf,真题p5,2017广州中考答案.pdf,参考答案文件对应题号,年报p28;文档核验:2017Q17逐题分析,0.8877,0.2735,difficulty:准确摘录或统计表补录; discrimination:准确摘录或统计表补录,已确认未检索到明确摘录,已确认未检索到明确摘录,resolved_with_unavailable_or_unextracted_fields
QI-C003-0042,year_report_observation,YRO-C003-2017-18,year_report_metric_review_required,已文档核验2017Q18: 原卷真题p4; 答案2017广州中考答案.pdf; 年报p30; 难度/区分度已摘录或补录; 错误/建议已摘录或确认缺项,low,已关闭；后续 active 前由 C002S 复核,resolved,true,QPHY-C003-2017-18,2017广州中考.pdf,真题p4,2017广州中考答案.pdf,参考答案文件对应题号,年报p30;文档核验:2017Q18逐题分析,0.862,0.3693,difficulty:准确摘录或统计表补录; discrimination:准确摘录或统计表补录,已确认未检索到明确摘录,已摘录,resolved_with_unavailable_or_unextracted_fields
QI-C003-0043,year_report_observation,YRO-C003-2017-19,year_report_human_confirmation_required,已文档核验2017Q19: 原卷真题p5; 答案2017广州中考答案.pdf; 年报p31; 难度/区分度已摘录或补录; 错误/建议已摘录或确认缺项,low,已关闭；后续 active 前由 C002S 复核,resolved,true,QPHY-C003-2017-19,2017广州中考.pdf,真题p5,2017广州中考答案.pdf,参考答案文件对应题号,年报p31;文档核验:2017Q19逐题分析,0.7329,0.7307,difficulty:准确摘录或统计表补录; discrimination:准确摘录或统计表补录,已摘录,已确认未检索到明确摘录,resolved_with_unavailable_or_unextracted_fields
QI-C003-0044,year_report_observation,YRO-C003-2017-20,year_report_human_confirmation_required,已文档核验2017Q20: 原卷真题p3; 答案2017广州中考答案.pdf; 年报p32; 难度/区分度已摘录或补录; 错误/建议已摘录或确认缺项,low,已关闭；后续 active 前由 C002S 复核,resolved,true,QPHY-C003-2017-20,2017广州中考.pdf,真题p3,2017广州中考答案.pdf,参考答案文件对应题号,年报p32;文档核验:2017Q20逐题分析,0.5826,0.7837,difficulty:准确摘录或统计表补录; discrimination:准确摘录或统计表补录,已确认未检索到明确摘录,已摘录,resolved_with_unavailable_or_unextracted_fields
QI-C003-0045,year_report_observation,YRO-C003-2017-21,year_report_metric_review_required,已文档核验2017Q21: 原卷真题p6; 答案2017广州中考答案.pdf; 年报p6; 难度/区分度已摘录或补录; 错误/建议已摘录或确认缺项,low,已关闭；后续 active 前由 C002S 复核,resolved,true,QPHY-C003-2017-21,2017广州中考.pdf,真题p6,2017广州中考答案.pdf,参考答案文件对应题号,年报p6;文档核验:2017Q21逐题分析,0.6485,0.6813,difficulty:准确摘录或统计表补录; discrimination:准确摘录或统计表补录,已摘录,已摘录,resolved_complete
QI-C003-0046,year_report_observation,YRO-C003-2017-22,year_report_discrimination_review_required,已文档核验2017Q22: 原卷真题p6; 答案2017广州中考答案.pdf; 年报p40; 难度/区分度已摘录或补录; 错误/建议已摘录或确认缺项,low,已关闭；后续 active 前由 C002S 复核,resolved,true,QPHY-C003-2017-22,2017广州中考.pdf,真题p6,2017广州中考答案.pdf,参考答案文件对应题号,年报p40;文档核验:2017Q22逐题分析,0.6384,0.5591,difficulty:准确摘录或统计表补录; discrimination:准确摘录或统计表补录,已摘录,已摘录,resolved_with_unavailable_or_unextracted_fields
QI-C003-0047,year_report_observation,YRO-C003-2017-23,year_report_metric_review_required,已文档核验2017Q23: 原卷真题p7; 答案2017广州中考答案.pdf; 年报p43; 难度/区分度已摘录或补录; 错误/建议已摘录或确认缺项,low,已关闭；后续 active 前由 C002S 复核,resolved,true,QPHY-C003-2017-23,2017广州中考.pdf,真题p7,2017广州中考答案.pdf,参考答案文件对应题号,年报p43;文档核验:2017Q23逐题分析,0.667,0.5547,difficulty:准确摘录或统计表补录; discrimination:准确摘录或统计表补录,已摘录,已确认未检索到明确摘录,resolved_with_unavailable_or_unextracted_fields
QI-C003-0048,year_report_observation,YRO-C003-2017-24,year_report_metric_review_required,已文档核验2017Q24: 原卷真题p8; 答案2017广州中考答案.pdf; 年报p46; 难度/区分度已摘录或补录; 错误/建议已摘录或确认缺项,low,已关闭；后续 active 前由 C002S 复核,resolved,true,QPHY-C003-2017-24,2017广州中考.pdf,真题p8,2017广州中考答案.pdf,参考答案文件对应题号,年报p46;文档核验:2017Q24逐题分析,0.5442,0.6338,difficulty:准确摘录或统计表补录; discrimination:准确摘录或统计表补录,已摘录,已确认未检索到明确摘录,resolved_with_unavailable_or_unextracted_fields
QI-C003-0049,year_report_observation,YRO-C003-2018-01,year_report_metric_review_required,已文档核验2018Q01: 原卷真题p1; 答案2018广州中考答案.pdf; 年报p9; 难度/区分度已摘录或补录; 错误/建议已摘录或确认缺项,low,已关闭；后续 active 前由 C002S 复核,resolved,true,QPHY-C003-2018-01,2018广州中考.pdf,真题p1,2018广州中考答案.pdf,参考答案文件对应题号,年报p9;文档核验:2018Q01逐题分析,0.6917,0.5887,difficulty:准确摘录或统计表补录; discrimination:准确摘录或统计表补录,已摘录,已确认未检索到明确摘录,resolved_with_unavailable_or_unextracted_fields
QI-C003-0050,year_report_observation,YRO-C003-2018-02,year_report_metric_review_required,已文档核验2018Q02: 原卷真题p1; 答案2018广州中考答案.pdf; 年报p11; 难度/区分度已摘录或补录; 错误/建议已摘录或确认缺项,low,已关闭；后续 active 前由 C002S 复核,resolved,true,QPHY-C003-2018-02,2018广州中考.pdf,真题p1,2018广州中考答案.pdf,参考答案文件对应题号,年报p11;文档核验:2018Q02逐题分析,0.7342,0.4363,difficulty:准确摘录或统计表补录; discrimination:准确摘录或统计表补录,已摘录,已确认未检索到明确摘录,resolved_with_unavailable_or_unextracted_fields
QI-C003-0051,year_report_observation,YRO-C003-2018-03,year_report_metric_review_required,已文档核验2018Q03: 原卷真题p1; 答案2018广州中考答案.pdf; 年报p12; 难度/区分度已摘录或补录; 错误/建议已摘录或确认缺项,low,已关闭；后续 active 前由 C002S 复核,resolved,true,QPHY-C003-2018-03,2018广州中考.pdf,真题p1,2018广州中考答案.pdf,参考答案文件对应题号,年报p12;文档核验:2018Q03逐题分析,0.6937,0.6302,difficulty:准确摘录或统计表补录; discrimination:准确摘录或统计表补录,已确认未检索到明确摘录,已确认未检索到明确摘录,resolved_with_unavailable_or_unextracted_fields
QI-C003-0052,year_report_observation,YRO-C003-2018-04,year_report_metric_review_required,已文档核验2018Q04: 原卷真题p1; 答案2018广州中考答案.pdf; 年报p13; 难度/区分度已摘录或补录; 错误/建议已摘录或确认缺项,low,已关闭；后续 active 前由 C002S 复核,resolved,true,QPHY-C003-2018-04,2018广州中考.pdf,真题p1,2018广州中考答案.pdf,参考答案文件对应题号,年报p13;文档核验:2018Q04逐题分析,0.476,0.4917,difficulty:准确摘录或统计表补录; discrimination:准确摘录或统计表补录,已摘录,已确认未检索到明确摘录,resolved_with_unavailable_or_unextracted_fields
QI-C003-0053,year_report_observation,YRO-C003-2018-05,year_report_metric_review_required,已文档核验2018Q05: 原卷真题p1; 答案2018广州中考答案.pdf; 年报p17; 难度/区分度已摘录或补录; 错误/建议已摘录或确认缺项,low,已关闭；后续 active 前由 C002S 复核,resolved,true,QPHY-C003-2018-05,2018广州中考.pdf,真题p1,2018广州中考答案.pdf,参考答案文件对应题号,年报p17;文档核验:2018Q05逐题分析,0.5401,0.7615,difficulty:准确摘录或统计表补录; discrimination:准确摘录或统计表补录,已确认未检索到明确摘录,已确认未检索到明确摘录,resolved_with_unavailable_or_unextracted_fields
QI-C003-0054,year_report_observation,YRO-C003-2018-06,year_report_metric_review_required,已文档核验2018Q06: 原卷真题p3; 答案2018广州中考答案.pdf; 年报p20; 难度/区分度已摘录或补录; 错误/建议已摘录或确认缺项,low,已关闭；后续 active 前由 C002S 复核,resolved,true,QPHY-C003-2018-06,2018广州中考.pdf,真题p3,2018广州中考答案.pdf,参考答案文件对应题号,年报p20;文档核验:2018Q06逐题分析,0.803,0.396,difficulty:准确摘录或统计表补录; discrimination:准确摘录或统计表补录,已确认未检索到明确摘录,已确认未检索到明确摘录,resolved_with_unavailable_or_unextracted_fields
QI-C003-0055,year_report_observation,YRO-C003-2018-07,year_report_metric_review_required,已文档核验2018Q07: 原卷真题p3; 答案2018广州中考答案.pdf; 年报p21; 难度/区分度已摘录或补录; 错误/建议已摘录或确认缺项,low,已关闭；后续 active 前由 C002S 复核,resolved,true,QPHY-C003-2018-07,2018广州中考.pdf,真题p3,2018广州中考答案.pdf,参考答案文件对应题号,年报p21;文档核验:2018Q07逐题分析,0.6829,0.5984,difficulty:准确摘录或统计表补录; discrimination:准确摘录或统计表补录,已确认未检索到明确摘录,已确认未检索到明确摘录,resolved_with_unavailable_or_unextracted_fields
QI-C003-0056,year_report_observation,YRO-C003-2018-08,year_report_metric_review_required,已文档核验2018Q08: 原卷真题p3; 答案2018广州中考答案.pdf; 年报p25; 难度/区分度已摘录或补录; 错误/建议已摘录或确认缺项,low,已关闭；后续 active 前由 C002S 复核,resolved,true,QPHY-C003-2018-08,2018广州中考.pdf,真题p3,2018广州中考答案.pdf,参考答案文件对应题号,年报p25;文档核验:2018Q08逐题分析,0.6747,0.5544,difficulty:准确摘录或统计表补录; discrimination:准确摘录或统计表补录,已确认未检索到明确摘录,已确认未检索到明确摘录,resolved_with_unavailable_or_unextracted_fields
QI-C003-0057,year_report_observation,YRO-C003-2018-09,year_report_metric_review_required,已文档核验2018Q09: 原卷真题p4; 答案2018广州中考答案.pdf; 年报p26; 难度/区分度已摘录或补录; 错误/建议已摘录或确认缺项,low,已关闭；后续 active 前由 C002S 复核,resolved,true,QPHY-C003-2018-09,2018广州中考.pdf,真题p4,2018广州中考答案.pdf,参考答案文件对应题号,年报p26;文档核验:2018Q09逐题分析,0.6171,0.7019,difficulty:准确摘录或统计表补录; discrimination:准确摘录或统计表补录,已确认未检索到明确摘录,已确认未检索到明确摘录,resolved_with_unavailable_or_unextracted_fields
QI-C003-0058,year_report_observation,YRO-C003-2018-10,year_report_metric_review_required,已文档核验2018Q10: 原卷真题p4; 答案2018广州中考答案.pdf; 年报p28; 难度/区分度已摘录或补录; 错误/建议已摘录或确认缺项,low,已关闭；后续 active 前由 C002S 复核,resolved,true,QPHY-C003-2018-10,2018广州中考.pdf,真题p4,2018广州中考答案.pdf,参考答案文件对应题号,年报p28;文档核验:2018Q10逐题分析,0.5948,0.6196,difficulty:准确摘录或统计表补录; discrimination:准确摘录或统计表补录,已确认未检索到明确摘录,已确认未检索到明确摘录,resolved_with_unavailable_or_unextracted_fields
QI-C003-0059,year_report_observation,YRO-C003-2018-11,year_report_metric_review_required,已文档核验2018Q11: 原卷真题p4; 答案2018广州中考答案.pdf; 年报p30; 难度/区分度已摘录或补录; 错误/建议已摘录或确认缺项,low,已关闭；后续 active 前由 C002S 复核,resolved,true,QPHY-C003-2018-11,2018广州中考.pdf,真题p4,2018广州中考答案.pdf,参考答案文件对应题号,年报p30;文档核验:2018Q11逐题分析,0.6891,0.5218,difficulty:准确摘录或统计表补录; discrimination:准确摘录或统计表补录,已摘录,已确认未检索到明确摘录,resolved_with_unavailable_or_unextracted_fields
QI-C003-0060,year_report_observation,YRO-C003-2018-12,year_report_metric_review_required,已文档核验2018Q12: 原卷真题p4; 答案2018广州中考答案.pdf; 年报p32; 难度/区分度已摘录或补录; 错误/建议已摘录或确认缺项,low,已关闭；后续 active 前由 C002S 复核,resolved,true,QPHY-C003-2018-12,2018广州中考.pdf,真题p4,2018广州中考答案.pdf,参考答案文件对应题号,年报p32;文档核验:2018Q12逐题分析,0.4913,0.6027,difficulty:准确摘录或统计表补录; discrimination:准确摘录或统计表补录,已摘录,已确认未检索到明确摘录,resolved_with_unavailable_or_unextracted_fields
QI-C003-0061,year_report_observation,YRO-C003-2018-13,year_report_discrimination_review_required,已文档核验2018Q13: 原卷真题p5; 答案2018广州中考答案.pdf; 年报p34; 难度/区分度已摘录或补录; 错误/建议已摘录或确认缺项,low,已关闭；后续 active 前由 C002S 复核,resolved,true,QPHY-C003-2018-13,2018广州中考.pdf,真题p5,2018广州中考答案.pdf,参考答案文件对应题号,年报p34;文档核验:2018Q13逐题分析,0.6965,0.5665,difficulty:准确摘录或统计表补录; discrimination:准确摘录或统计表补录,已确认未检索到明确摘录,已摘录,resolved_with_unavailable_or_unextracted_fields
QI-C003-0062,year_report_observation,YRO-C003-2018-14,year_report_discrimination_review_required,已文档核验2018Q14: 原卷真题p5; 答案2018广州中考答案.pdf; 年报p36; 难度/区分度已摘录或补录; 错误/建议已摘录或确认缺项,low,已关闭；后续 active 前由 C002S 复核,resolved,true,QPHY-C003-2018-14,2018广州中考.pdf,真题p5,2018广州中考答案.pdf,参考答案文件对应题号,年报p36;文档核验:2018Q14逐题分析,0.6179,0.515,difficulty:准确摘录或统计表补录; discrimination:准确摘录或统计表补录,已确认未检索到明确摘录,已摘录,resolved_with_unavailable_or_unextracted_fields
QI-C003-0063,year_report_observation,YRO-C003-2018-15,year_report_discrimination_review_required,已文档核验2018Q15: 原卷真题p5; 答案2018广州中考答案.pdf; 年报p39; 难度/区分度已摘录或补录; 错误/建议已摘录或确认缺项,low,已关闭；后续 active 前由 C002S 复核,resolved,true,QPHY-C003-2018-15,2018广州中考.pdf,真题p5,2018广州中考答案.pdf,参考答案文件对应题号,年报p39;文档核验:2018Q15逐题分析,0.6324,0.4997,difficulty:准确摘录或统计表补录; discrimination:准确摘录或统计表补录,已摘录,已确认未检索到明确摘录,resolved_with_unavailable_or_unextracted_fields
QI-C003-0064,year_report_observation,YRO-C003-2018-16,year_report_discrimination_review_required,已文档核验2018Q16: 原卷真题p6; 答案2018广州中考答案.pdf; 年报p42; 难度/区分度已摘录或补录; 错误/建议已摘录或确认缺项,low,已关闭；后续 active 前由 C002S 复核,resolved,true,QPHY-C003-2018-16,2018广州中考.pdf,真题p6,2018广州中考答案.pdf,参考答案文件对应题号,年报p42;文档核验:2018Q16逐题分析,0.7905,0.5367,difficulty:准确摘录或统计表补录; discrimination:准确摘录或统计表补录,已摘录,已摘录,resolved_with_unavailable_or_unextracted_fields
QI-C003-0065,year_report_observation,YRO-C003-2018-17,year_report_discrimination_review_required,已文档核验2018Q17: 原卷真题p6; 答案2018广州中考答案.pdf; 年报p46; 难度/区分度已摘录或补录; 错误/建议已摘录或确认缺项,low,已关闭；后续 active 前由 C002S 复核,resolved,true,QPHY-C003-2018-17,2018广州中考.pdf,真题p6,2018广州中考答案.pdf,参考答案文件对应题号,年报p46;文档核验:2018Q17逐题分析,0.4802,0.6516,difficulty:准确摘录或统计表补录; discrimination:准确摘录或统计表补录,已摘录,已确认未检索到明确摘录,resolved_with_unavailable_or_unextracted_fields
QI-C003-0066,year_report_observation,YRO-C003-2018-18,year_report_discrimination_review_required,已文档核验2018Q18: 原卷真题p6; 答案2018广州中考答案.pdf; 年报p50; 难度/区分度已摘录或补录; 错误/建议已摘录或确认缺项,low,已关闭；后续 active 前由 C002S 复核,resolved,true,QPHY-C003-2018-18,2018广州中考.pdf,真题p6,2018广州中考答案.pdf,参考答案文件对应题号,年报p50;文档核验:2018Q18逐题分析,0.5828,0.6207,difficulty:准确摘录或统计表补录; discrimination:准确摘录或统计表补录,已摘录,已确认未检索到明确摘录,resolved_with_unavailable_or_unextracted_fields
QI-C003-0067,year_report_observation,YRO-C003-2018-19,year_report_metric_review_required,已文档核验2018Q19: 原卷真题p7; 答案2018广州中考答案.pdf; 年报p55; 难度/区分度已摘录或补录; 错误/建议已摘录或确认缺项,low,已关闭；后续 active 前由 C002S 复核,resolved,true,QPHY-C003-2018-19,2018广州中考.pdf,真题p7,2018广州中考答案.pdf,参考答案文件对应题号,年报p55;文档核验:2018Q19逐题分析,0.6966,0.4993,difficulty:准确摘录或统计表补录; discrimination:准确摘录或统计表补录,已摘录,已摘录,resolved_with_unavailable_or_unextracted_fields
QI-C003-0068,year_report_observation,YRO-C003-2018-20,year_report_discrimination_review_required,已文档核验2018Q20: 原卷真题p4; 答案2018广州中考答案.pdf; 年报p60; 难度/区分度已摘录或补录; 错误/建议已摘录或确认缺项,low,已关闭；后续 active 前由 C002S 复核,resolved,true,QPHY-C003-2018-20,2018广州中考.pdf,真题p4,2018广州中考答案.pdf,参考答案文件对应题号,年报p60;文档核验:2018Q20逐题分析,0.7209,0.7551,difficulty:准确摘录或统计表补录; discrimination:准确摘录或统计表补录,已确认未检索到明确摘录,已摘录,resolved_with_unavailable_or_unextracted_fields
QI-C003-0069,year_report_observation,YRO-C003-2018-21,year_report_discrimination_review_required,已文档核验2018Q21: 原卷真题p8; 答案2018广州中考答案.pdf; 年报p64; 难度/区分度已摘录或补录; 错误/建议已摘录或确认缺项,low,已关闭；后续 active 前由 C002S 复核,resolved,true,QPHY-C003-2018-21,2018广州中考.pdf,真题p8,2018广州中考答案.pdf,参考答案文件对应题号,年报p64;文档核验:2018Q21逐题分析,0.5375,0.7744,difficulty:准确摘录或统计表补录; discrimination:准确摘录或统计表补录,已摘录,已确认未检索到明确摘录,resolved_with_unavailable_or_unextracted_fields
QI-C003-0070,year_report_observation,YRO-C003-2018-22,year_report_metric_review_required,已文档核验2018Q22: 原卷真题p9; 答案2018广州中考答案.pdf; 年报p72; 难度/区分度已摘录或补录; 错误/建议已摘录或确认缺项,low,已关闭；后续 active 前由 C002S 复核,resolved,true,QPHY-C003-2018-22,2018广州中考.pdf,真题p9,2018广州中考答案.pdf,参考答案文件对应题号,年报p72;文档核验:2018Q22逐题分析,0.6895,0.5453,difficulty:准确摘录或统计表补录; discrimination:准确摘录或统计表补录,已摘录,已摘录,resolved_with_unavailable_or_unextracted_fields
QI-C003-0071,year_report_observation,YRO-C003-2018-23,year_report_discrimination_review_required,已文档核验2018Q23: 原卷真题p10; 答案2018广州中考答案.pdf; 年报p77; 难度/区分度已摘录或补录; 错误/建议已摘录或确认缺项,low,已关闭；后续 active 前由 C002S 复核,resolved,true,QPHY-C003-2018-23,2018广州中考.pdf,真题p10,2018广州中考答案.pdf,参考答案文件对应题号,年报p77;文档核验:2018Q23逐题分析,0.5822,0.4403,difficulty:准确摘录或统计表补录; discrimination:准确摘录或统计表补录,已摘录,已摘录,resolved_with_unavailable_or_unextracted_fields
QI-C003-0072,year_report_observation,YRO-C003-2018-24,year_report_discrimination_review_required,已文档核验2018Q24: 原卷真题p11; 答案2018广州中考答案.pdf; 年报p84; 难度/区分度已摘录或补录; 错误/建议已摘录或确认缺项,low,已关闭；后续 active 前由 C002S 复核,resolved,true,QPHY-C003-2018-24,2018广州中考.pdf,真题p11,2018广州中考答案.pdf,参考答案文件对应题号,年报p84;文档核验:2018Q24逐题分析,0.5887,0.7583,difficulty:准确摘录或统计表补录; discrimination:准确摘录或统计表补录,已摘录,已确认未检索到明确摘录,resolved_with_unavailable_or_unextracted_fields
QI-C003-0073,year_report_observation,YRO-C003-2019-01,year_report_metric_review_required,已文档核验2019Q01: 原卷真题p1; 答案2019广州中考答案.pdf; 年报p10; 难度/区分度含确认缺项; 错误/建议已摘录或确认缺项,low,已关闭；后续 active 前由 C002S 复核,resolved,true,QPHY-C003-2019-01,2019广州中考.pdf,真题p1,2019广州中考答案.pdf,参考答案文件对应题号,年报p10;文档核验:2019Q01逐题分析,,,difficulty:年报对应页/统计表未提供或未能可靠提取，已作为缺项确认; discrimination:年报对应页/统计表未提供或未能可靠提取，已作为缺项确认,已确认未检索到明确摘录,已摘录,resolved_with_unavailable_or_unextracted_fields
QI-C003-0074,year_report_observation,YRO-C003-2019-02,year_report_metric_review_required,已文档核验2019Q02: 原卷真题p1; 答案2019广州中考答案.pdf; 年报p10; 难度/区分度含确认缺项; 错误/建议已摘录或确认缺项,low,已关闭；后续 active 前由 C002S 复核,resolved,true,QPHY-C003-2019-02,2019广州中考.pdf,真题p1,2019广州中考答案.pdf,参考答案文件对应题号,年报p10;文档核验:2019Q02逐题分析,,,difficulty:年报对应页/统计表未提供或未能可靠提取，已作为缺项确认; discrimination:年报对应页/统计表未提供或未能可靠提取，已作为缺项确认,已摘录,已摘录,resolved_with_unavailable_or_unextracted_fields
QI-C003-0075,year_report_observation,YRO-C003-2019-03,year_report_metric_review_required,已文档核验2019Q03: 原卷真题p1; 答案2019广州中考答案.pdf; 年报p13; 难度/区分度含确认缺项; 错误/建议已摘录或确认缺项,low,已关闭；后续 active 前由 C002S 复核,resolved,true,QPHY-C003-2019-03,2019广州中考.pdf,真题p1,2019广州中考答案.pdf,参考答案文件对应题号,年报p13;文档核验:2019Q03逐题分析,,,difficulty:年报对应页/统计表未提供或未能可靠提取，已作为缺项确认; discrimination:年报对应页/统计表未提供或未能可靠提取，已作为缺项确认,已摘录,已摘录,resolved_with_unavailable_or_unextracted_fields
QI-C003-0076,year_report_observation,YRO-C003-2019-04,year_report_metric_review_required,已文档核验2019Q04: 原卷真题p1; 答案2019广州中考答案.pdf; 年报p18; 难度/区分度含确认缺项; 错误/建议已摘录或确认缺项,low,已关闭；后续 active 前由 C002S 复核,resolved,true,QPHY-C003-2019-04,2019广州中考.pdf,真题p1,2019广州中考答案.pdf,参考答案文件对应题号,年报p18;文档核验:2019Q04逐题分析,,,difficulty:年报对应页/统计表未提供或未能可靠提取，已作为缺项确认; discrimination:年报对应页/统计表未提供或未能可靠提取，已作为缺项确认,已摘录,已摘录,resolved_with_unavailable_or_unextracted_fields
QI-C003-0077,year_report_observation,YRO-C003-2019-05,year_report_metric_review_required,已文档核验2019Q05: 原卷真题p1; 答案2019广州中考答案.pdf; 年报p21; 难度/区分度含确认缺项; 错误/建议已摘录或确认缺项,low,已关闭；后续 active 前由 C002S 复核,resolved,true,QPHY-C003-2019-05,2019广州中考.pdf,真题p1,2019广州中考答案.pdf,参考答案文件对应题号,年报p21;文档核验:2019Q05逐题分析,,,difficulty:年报对应页/统计表未提供或未能可靠提取，已作为缺项确认; discrimination:年报对应页/统计表未提供或未能可靠提取，已作为缺项确认,已确认未检索到明确摘录,已摘录,resolved_with_unavailable_or_unextracted_fields
QI-C003-0078,year_report_observation,YRO-C003-2019-06,year_report_metric_review_required,已文档核验2019Q06: 原卷真题p2; 答案2019广州中考答案.pdf; 年报p23; 难度/区分度含确认缺项; 错误/建议已摘录或确认缺项,low,已关闭；后续 active 前由 C002S 复核,resolved,true,QPHY-C003-2019-06,2019广州中考.pdf,真题p2,2019广州中考答案.pdf,参考答案文件对应题号,年报p23;文档核验:2019Q06逐题分析,,,difficulty:年报对应页/统计表未提供或未能可靠提取，已作为缺项确认; discrimination:年报对应页/统计表未提供或未能可靠提取，已作为缺项确认,已摘录,已摘录,resolved_with_unavailable_or_unextracted_fields
QI-C003-0079,year_report_observation,YRO-C003-2019-07,year_report_metric_review_required,已文档核验2019Q07: 原卷真题p2; 答案2019广州中考答案.pdf; 年报p25; 难度/区分度含确认缺项; 错误/建议已摘录或确认缺项,low,已关闭；后续 active 前由 C002S 复核,resolved,true,QPHY-C003-2019-07,2019广州中考.pdf,真题p2,2019广州中考答案.pdf,参考答案文件对应题号,年报p25;文档核验:2019Q07逐题分析,,,difficulty:年报对应页/统计表未提供或未能可靠提取，已作为缺项确认; discrimination:年报对应页/统计表未提供或未能可靠提取，已作为缺项确认,已确认未检索到明确摘录,已摘录,resolved_with_unavailable_or_unextracted_fields
QI-C003-0080,year_report_observation,YRO-C003-2019-08,year_report_metric_review_required,已文档核验2019Q08: 原卷真题p3; 答案2019广州中考答案.pdf; 年报p28; 难度/区分度含确认缺项; 错误/建议已摘录或确认缺项,low,已关闭；后续 active 前由 C002S 复核,resolved,true,QPHY-C003-2019-08,2019广州中考.pdf,真题p3,2019广州中考答案.pdf,参考答案文件对应题号,年报p28;文档核验:2019Q08逐题分析,,,difficulty:年报对应页/统计表未提供或未能可靠提取，已作为缺项确认; discrimination:年报对应页/统计表未提供或未能可靠提取，已作为缺项确认,已确认未检索到明确摘录,已摘录,resolved_with_unavailable_or_unextracted_fields
QI-C003-0081,year_report_observation,YRO-C003-2019-09,year_report_metric_review_required,已文档核验2019Q09: 原卷真题p3; 答案2019广州中考答案.pdf; 年报p30; 难度/区分度含确认缺项; 错误/建议已摘录或确认缺项,low,已关闭；后续 active 前由 C002S 复核,resolved,true,QPHY-C003-2019-09,2019广州中考.pdf,真题p3,2019广州中考答案.pdf,参考答案文件对应题号,年报p30;文档核验:2019Q09逐题分析,,,difficulty:年报对应页/统计表未提供或未能可靠提取，已作为缺项确认; discrimination:年报对应页/统计表未提供或未能可靠提取，已作为缺项确认,已摘录,已摘录,resolved_with_unavailable_or_unextracted_fields
QI-C003-0082,year_report_observation,YRO-C003-2019-10,year_report_metric_review_required,已文档核验2019Q10: 原卷真题p3; 答案2019广州中考答案.pdf; 年报p34; 难度/区分度含确认缺项; 错误/建议已摘录或确认缺项,low,已关闭；后续 active 前由 C002S 复核,resolved,true,QPHY-C003-2019-10,2019广州中考.pdf,真题p3,2019广州中考答案.pdf,参考答案文件对应题号,年报p34;文档核验:2019Q10逐题分析,,,difficulty:年报对应页/统计表未提供或未能可靠提取，已作为缺项确认; discrimination:年报对应页/统计表未提供或未能可靠提取，已作为缺项确认,已摘录,已摘录,resolved_with_unavailable_or_unextracted_fields
QI-C003-0083,year_report_observation,YRO-C003-2019-11,year_report_metric_review_required,已文档核验2019Q11: 原卷真题p4; 答案2019广州中考答案.pdf; 年报p36; 难度/区分度含确认缺项; 错误/建议已摘录或确认缺项,low,已关闭；后续 active 前由 C002S 复核,resolved,true,QPHY-C003-2019-11,2019广州中考.pdf,真题p4,2019广州中考答案.pdf,参考答案文件对应题号,年报p36;文档核验:2019Q11逐题分析,,,difficulty:年报对应页/统计表未提供或未能可靠提取，已作为缺项确认; discrimination:年报对应页/统计表未提供或未能可靠提取，已作为缺项确认,已摘录,已摘录,resolved_with_unavailable_or_unextracted_fields
QI-C003-0084,year_report_observation,YRO-C003-2019-12,year_report_metric_review_required,已文档核验2019Q12: 原卷真题p4; 答案2019广州中考答案.pdf; 年报p18; 难度/区分度含确认缺项; 错误/建议已摘录或确认缺项,low,已关闭；后续 active 前由 C002S 复核,resolved,true,QPHY-C003-2019-12,2019广州中考.pdf,真题p4,2019广州中考答案.pdf,参考答案文件对应题号,年报p18;文档核验:2019Q12逐题分析,,,difficulty:年报对应页/统计表未提供或未能可靠提取，已作为缺项确认; discrimination:年报对应页/统计表未提供或未能可靠提取，已作为缺项确认,已摘录,已摘录,resolved_with_unavailable_or_unextracted_fields
QI-C003-0085,year_report_observation,YRO-C003-2019-13,year_report_metric_review_required,已文档核验2019Q13: 原卷真题p4; 答案2019广州中考答案.pdf; 年报p42; 难度/区分度含确认缺项; 错误/建议已摘录或确认缺项,low,已关闭；后续 active 前由 C002S 复核,resolved,true,QPHY-C003-2019-13,2019广州中考.pdf,真题p4,2019广州中考答案.pdf,参考答案文件对应题号,年报p42;文档核验:2019Q13逐题分析,,,difficulty:年报对应页/统计表未提供或未能可靠提取，已作为缺项确认; discrimination:年报对应页/统计表未提供或未能可靠提取，已作为缺项确认,已摘录,已摘录,resolved_with_unavailable_or_unextracted_fields
QI-C003-0086,year_report_observation,YRO-C003-2019-14,year_report_metric_review_required,已文档核验2019Q14: 原卷真题p5; 答案2019广州中考答案.pdf; 年报p48; 难度/区分度含确认缺项; 错误/建议已摘录或确认缺项,low,已关闭；后续 active 前由 C002S 复核,resolved,true,QPHY-C003-2019-14,2019广州中考.pdf,真题p5,2019广州中考答案.pdf,参考答案文件对应题号,年报p48;文档核验:2019Q14逐题分析,,,difficulty:年报对应页/统计表未提供或未能可靠提取，已作为缺项确认; discrimination:年报对应页/统计表未提供或未能可靠提取，已作为缺项确认,已摘录,已摘录,resolved_with_unavailable_or_unextracted_fields
QI-C003-0087,year_report_observation,YRO-C003-2019-15,year_report_metric_review_required,已文档核验2019Q15: 原卷真题p5; 答案2019广州中考答案.pdf; 年报p53; 难度/区分度含确认缺项; 错误/建议已摘录或确认缺项,low,已关闭；后续 active 前由 C002S 复核,resolved,true,QPHY-C003-2019-15,2019广州中考.pdf,真题p5,2019广州中考答案.pdf,参考答案文件对应题号,年报p53;文档核验:2019Q15逐题分析,,,difficulty:年报对应页/统计表未提供或未能可靠提取，已作为缺项确认; discrimination:年报对应页/统计表未提供或未能可靠提取，已作为缺项确认,已摘录,已摘录,resolved_with_unavailable_or_unextracted_fields
QI-C003-0088,year_report_observation,YRO-C003-2019-16,year_report_metric_review_required,已文档核验2019Q16: 原卷真题p5; 答案2019广州中考答案.pdf; 年报p59; 难度/区分度含确认缺项; 错误/建议已摘录或确认缺项,low,已关闭；后续 active 前由 C002S 复核,resolved,true,QPHY-C003-2019-16,2019广州中考.pdf,真题p5,2019广州中考答案.pdf,参考答案文件对应题号,年报p59;文档核验:2019Q16逐题分析,,,difficulty:年报对应页/统计表未提供或未能可靠提取，已作为缺项确认; discrimination:年报对应页/统计表未提供或未能可靠提取，已作为缺项确认,已摘录,已摘录,resolved_with_unavailable_or_unextracted_fields
QI-C003-0089,year_report_observation,YRO-C003-2019-17,year_report_metric_review_required,已文档核验2019Q17: 原卷真题p6; 答案2019广州中考答案.pdf; 年报p65; 难度/区分度含确认缺项; 错误/建议已摘录或确认缺项,low,已关闭；后续 active 前由 C002S 复核,resolved,true,QPHY-C003-2019-17,2019广州中考.pdf,真题p6,2019广州中考答案.pdf,参考答案文件对应题号,年报p65;文档核验:2019Q17逐题分析,,,difficulty:年报对应页/统计表未提供或未能可靠提取，已作为缺项确认; discrimination:年报对应页/统计表未提供或未能可靠提取，已作为缺项确认,已摘录,已摘录,resolved_with_unavailable_or_unextracted_fields
QI-C003-0090,year_report_observation,YRO-C003-2019-18,year_report_metric_review_required,已文档核验2019Q18: 原卷真题p6; 答案2019广州中考答案.pdf; 年报p70; 难度/区分度含确认缺项; 错误/建议已摘录或确认缺项,low,已关闭；后续 active 前由 C002S 复核,resolved,true,QPHY-C003-2019-18,2019广州中考.pdf,真题p6,2019广州中考答案.pdf,参考答案文件对应题号,年报p70;文档核验:2019Q18逐题分析,,,difficulty:年报对应页/统计表未提供或未能可靠提取，已作为缺项确认; discrimination:年报对应页/统计表未提供或未能可靠提取，已作为缺项确认,已确认未检索到明确摘录,已摘录,resolved_with_unavailable_or_unextracted_fields
QI-C003-0091,year_report_observation,YRO-C003-2019-19,year_report_metric_review_required,已文档核验2019Q19: 原卷真题p6; 答案2019广州中考答案.pdf; 年报p72-p76;文档核验:2019Q19逐题分析; 难度/区分度已摘录或确认缺项; 错误/建议已摘录,low,已关闭；后续 active 前由 C002S 复核,resolved,true,QPHY-C003-2019-19,2019广州中考.pdf,真题p6,2019广州中考答案.pdf,参考答案文件对应题号,年报p72-p76;文档核验:2019Q19逐题分析,,,difficulty:缺项确认; discrimination:缺项确认,已摘录,已摘录,resolved_with_verified_evidence_and_confirmed_unavailable_metrics
QI-C003-0092,year_report_observation,YRO-C003-2019-20,year_report_metric_review_required,已文档核验2019Q20: 原卷真题p7; 答案2019广州中考答案.pdf; 年报p72; 难度/区分度含确认缺项; 错误/建议已摘录或确认缺项,low,已关闭；后续 active 前由 C002S 复核,resolved,true,QPHY-C003-2019-20,2019广州中考.pdf,真题p7,2019广州中考答案.pdf,参考答案文件对应题号,年报p72;文档核验:2019Q20逐题分析,,,difficulty:年报对应页/统计表未提供或未能可靠提取，已作为缺项确认; discrimination:年报对应页/统计表未提供或未能可靠提取，已作为缺项确认,已摘录,已摘录,resolved_with_unavailable_or_unextracted_fields
QI-C003-0093,year_report_observation,YRO-C003-2019-21,year_report_metric_review_required,已文档核验2019Q21: 原卷真题p7; 答案2019广州中考答案.pdf; 年报p83; 难度/区分度含确认缺项; 错误/建议已摘录或确认缺项,low,已关闭；后续 active 前由 C002S 复核,resolved,true,QPHY-C003-2019-21,2019广州中考.pdf,真题p7,2019广州中考答案.pdf,参考答案文件对应题号,年报p83;文档核验:2019Q21逐题分析,,,difficulty:年报对应页/统计表未提供或未能可靠提取，已作为缺项确认; discrimination:年报对应页/统计表未提供或未能可靠提取，已作为缺项确认,已摘录,已摘录,resolved_with_unavailable_or_unextracted_fields
QI-C003-0094,year_report_observation,YRO-C003-2019-22,year_report_metric_review_required,已文档核验2019Q22: 原卷真题p8; 答案2019广州中考答案.pdf; 年报p89; 难度/区分度含确认缺项; 错误/建议已摘录或确认缺项,low,已关闭；后续 active 前由 C002S 复核,resolved,true,QPHY-C003-2019-22,2019广州中考.pdf,真题p8,2019广州中考答案.pdf,参考答案文件对应题号,年报p89;文档核验:2019Q22逐题分析,,,difficulty:年报对应页/统计表未提供或未能可靠提取，已作为缺项确认; discrimination:年报对应页/统计表未提供或未能可靠提取，已作为缺项确认,已摘录,已摘录,resolved_with_unavailable_or_unextracted_fields
QI-C003-0095,year_report_observation,YRO-C003-2019-23,year_report_metric_review_required,已文档核验2019Q23: 原卷真题p8; 答案2019广州中考答案.pdf; 年报p93; 难度/区分度含确认缺项; 错误/建议已摘录或确认缺项,low,已关闭；后续 active 前由 C002S 复核,resolved,true,QPHY-C003-2019-23,2019广州中考.pdf,真题p8,2019广州中考答案.pdf,参考答案文件对应题号,年报p93;文档核验:2019Q23逐题分析,,,difficulty:年报对应页/统计表未提供或未能可靠提取，已作为缺项确认; discrimination:年报对应页/统计表未提供或未能可靠提取，已作为缺项确认,已确认未检索到明确摘录,已摘录,resolved_with_unavailable_or_unextracted_fields
QI-C003-0096,year_report_observation,YRO-C003-2019-24,year_report_metric_review_required,已文档核验2019Q24: 原卷真题p8; 答案2019广州中考答案.pdf; 年报p101; 难度/区分度含确认缺项; 错误/建议已摘录或确认缺项,low,已关闭；后续 active 前由 C002S 复核,resolved,true,QPHY-C003-2019-24,2019广州中考.pdf,真题p8,2019广州中考答案.pdf,参考答案文件对应题号,年报p101;文档核验:2019Q24逐题分析,,,difficulty:年报对应页/统计表未提供或未能可靠提取，已作为缺项确认; discrimination:年报对应页/统计表未提供或未能可靠提取，已作为缺项确认,已摘录,已摘录,resolved_with_unavailable_or_unextracted_fields
QI-C003-0097,year_report_observation,YRO-C003-2020-01,year_report_metric_review_required,已文档核验2020Q01: 原卷真题p1; 答案2020广州中考（含答案）.pdf; 年报p11; 难度/区分度含确认缺项; 错误/建议已摘录或确认缺项,low,已关闭；后续 active 前由 C002S 复核,resolved,true,QPHY-C003-2020-01,2020广州中考（含答案）.pdf,真题p1,2020广州中考（含答案）.pdf,参考答案文件对应题号,年报p11;文档核验:2020Q01逐题分析,,,difficulty:年报对应页/统计表未提供或未能可靠提取，已作为缺项确认; discrimination:年报对应页/统计表未提供或未能可靠提取，已作为缺项确认,已摘录,已摘录,resolved_with_unavailable_or_unextracted_fields
QI-C003-0098,year_report_observation,YRO-C003-2020-02,year_report_metric_review_required,已文档核验2020Q02: 原卷真题p1; 答案2020广州中考（含答案）.pdf; 年报p12; 难度/区分度含确认缺项; 错误/建议已摘录或确认缺项,low,已关闭；后续 active 前由 C002S 复核,resolved,true,QPHY-C003-2020-02,2020广州中考（含答案）.pdf,真题p1,2020广州中考（含答案）.pdf,参考答案文件对应题号,年报p12;文档核验:2020Q02逐题分析,,,difficulty:年报对应页/统计表未提供或未能可靠提取，已作为缺项确认; discrimination:年报对应页/统计表未提供或未能可靠提取，已作为缺项确认,已摘录,已摘录,resolved_with_unavailable_or_unextracted_fields
QI-C003-0099,year_report_observation,YRO-C003-2020-03,year_report_metric_review_required,已文档核验2020Q03: 原卷真题p1; 答案2020广州中考（含答案）.pdf; 年报p13; 难度/区分度含确认缺项; 错误/建议已摘录或确认缺项,low,已关闭；后续 active 前由 C002S 复核,resolved,true,QPHY-C003-2020-03,2020广州中考（含答案）.pdf,真题p1,2020广州中考（含答案）.pdf,参考答案文件对应题号,年报p13;文档核验:2020Q03逐题分析,,,difficulty:年报对应页/统计表未提供或未能可靠提取，已作为缺项确认; discrimination:年报对应页/统计表未提供或未能可靠提取，已作为缺项确认,已确认未检索到明确摘录,已摘录,resolved_with_unavailable_or_unextracted_fields
QI-C003-0100,year_report_observation,YRO-C003-2020-04,year_report_metric_review_required,已文档核验2020Q04: 原卷真题p1; 答案2020广州中考（含答案）.pdf; 年报p17; 难度/区分度含确认缺项; 错误/建议已摘录或确认缺项,low,已关闭；后续 active 前由 C002S 复核,resolved,true,QPHY-C003-2020-04,2020广州中考（含答案）.pdf,真题p1,2020广州中考（含答案）.pdf,参考答案文件对应题号,年报p17;文档核验:2020Q04逐题分析,,,difficulty:年报对应页/统计表未提供或未能可靠提取，已作为缺项确认; discrimination:年报对应页/统计表未提供或未能可靠提取，已作为缺项确认,已确认未检索到明确摘录,已摘录,resolved_with_unavailable_or_unextracted_fields
QI-C003-0101,year_report_observation,YRO-C003-2020-05,year_report_metric_review_required,已文档核验2020Q05: 原卷真题p1; 答案2020广州中考（含答案）.pdf; 年报p17; 难度/区分度含确认缺项; 错误/建议已摘录或确认缺项,low,已关闭；后续 active 前由 C002S 复核,resolved,true,QPHY-C003-2020-05,2020广州中考（含答案）.pdf,真题p1,2020广州中考（含答案）.pdf,参考答案文件对应题号,年报p17;文档核验:2020Q05逐题分析,,,difficulty:年报对应页/统计表未提供或未能可靠提取，已作为缺项确认; discrimination:年报对应页/统计表未提供或未能可靠提取，已作为缺项确认,已确认未检索到明确摘录,已摘录,resolved_with_unavailable_or_unextracted_fields
QI-C003-0102,year_report_observation,YRO-C003-2020-06,year_report_metric_review_required,已文档核验2020Q06: 原卷真题p2; 答案2020广州中考（含答案）.pdf; 年报p18; 难度/区分度含确认缺项; 错误/建议已摘录或确认缺项,low,已关闭；后续 active 前由 C002S 复核,resolved,true,QPHY-C003-2020-06,2020广州中考（含答案）.pdf,真题p2,2020广州中考（含答案）.pdf,参考答案文件对应题号,年报p18;文档核验:2020Q06逐题分析,,,difficulty:年报对应页/统计表未提供或未能可靠提取，已作为缺项确认; discrimination:年报对应页/统计表未提供或未能可靠提取，已作为缺项确认,已确认未检索到明确摘录,已摘录,resolved_with_unavailable_or_unextracted_fields
QI-C003-0103,year_report_observation,YRO-C003-2020-07,year_report_metric_review_required,已文档核验2020Q07: 原卷真题p2; 答案2020广州中考（含答案）.pdf; 年报p19; 难度/区分度含确认缺项; 错误/建议已摘录或确认缺项,low,已关闭；后续 active 前由 C002S 复核,resolved,true,QPHY-C003-2020-07,2020广州中考（含答案）.pdf,真题p2,2020广州中考（含答案）.pdf,参考答案文件对应题号,年报p19;文档核验:2020Q07逐题分析,,,difficulty:年报对应页/统计表未提供或未能可靠提取，已作为缺项确认; discrimination:年报对应页/统计表未提供或未能可靠提取，已作为缺项确认,已确认未检索到明确摘录,已摘录,resolved_with_unavailable_or_unextracted_fields
QI-C003-0104,year_report_observation,YRO-C003-2020-08,year_report_metric_review_required,已文档核验2020Q08: 原卷真题p2; 答案2020广州中考（含答案）.pdf; 年报p20; 难度/区分度含确认缺项; 错误/建议已摘录或确认缺项,low,已关闭；后续 active 前由 C002S 复核,resolved,true,QPHY-C003-2020-08,2020广州中考（含答案）.pdf,真题p2,2020广州中考（含答案）.pdf,参考答案文件对应题号,年报p20;文档核验:2020Q08逐题分析,,,difficulty:年报对应页/统计表未提供或未能可靠提取，已作为缺项确认; discrimination:年报对应页/统计表未提供或未能可靠提取，已作为缺项确认,已摘录,已摘录,resolved_with_unavailable_or_unextracted_fields
QI-C003-0105,year_report_observation,YRO-C003-2020-09,year_report_metric_review_required,已文档核验2020Q09: 原卷真题p3; 答案2020广州中考（含答案）.pdf; 年报p24; 难度/区分度含确认缺项; 错误/建议已摘录或确认缺项,low,已关闭；后续 active 前由 C002S 复核,resolved,true,QPHY-C003-2020-09,2020广州中考（含答案）.pdf,真题p3,2020广州中考（含答案）.pdf,参考答案文件对应题号,年报p24;文档核验:2020Q09逐题分析,,,difficulty:年报对应页/统计表未提供或未能可靠提取，已作为缺项确认; discrimination:年报对应页/统计表未提供或未能可靠提取，已作为缺项确认,已摘录,已摘录,resolved_with_unavailable_or_unextracted_fields
QI-C003-0106,year_report_observation,YRO-C003-2020-10,year_report_metric_review_required,已文档核验2020Q10: 原卷真题p3; 答案2020广州中考（含答案）.pdf; 年报p25; 难度/区分度含确认缺项; 错误/建议已摘录或确认缺项,low,已关闭；后续 active 前由 C002S 复核,resolved,true,QPHY-C003-2020-10,2020广州中考（含答案）.pdf,真题p3,2020广州中考（含答案）.pdf,参考答案文件对应题号,年报p25;文档核验:2020Q10逐题分析,,,difficulty:年报对应页/统计表未提供或未能可靠提取，已作为缺项确认; discrimination:年报对应页/统计表未提供或未能可靠提取，已作为缺项确认,已确认未检索到明确摘录,已摘录,resolved_with_unavailable_or_unextracted_fields
QI-C003-0107,year_report_observation,YRO-C003-2020-11,year_report_metric_review_required,已文档核验2020Q11: 原卷真题p3; 答案2020广州中考（含答案）.pdf; 年报p27; 难度/区分度含确认缺项; 错误/建议已摘录或确认缺项,low,已关闭；后续 active 前由 C002S 复核,resolved,true,QPHY-C003-2020-11,2020广州中考（含答案）.pdf,真题p3,2020广州中考（含答案）.pdf,参考答案文件对应题号,年报p27;文档核验:2020Q11逐题分析,,,difficulty:年报对应页/统计表未提供或未能可靠提取，已作为缺项确认; discrimination:年报对应页/统计表未提供或未能可靠提取，已作为缺项确认,已确认未检索到明确摘录,已摘录,resolved_with_unavailable_or_unextracted_fields
QI-C003-0108,year_report_observation,YRO-C003-2020-12,year_report_metric_review_required,已文档核验2020Q12: 原卷真题p4; 答案2020广州中考（含答案）.pdf; 年报p31; 难度/区分度含确认缺项; 错误/建议已摘录或确认缺项,low,已关闭；后续 active 前由 C002S 复核,resolved,true,QPHY-C003-2020-12,2020广州中考（含答案）.pdf,真题p4,2020广州中考（含答案）.pdf,参考答案文件对应题号,年报p31;文档核验:2020Q12逐题分析,,,difficulty:年报对应页/统计表未提供或未能可靠提取，已作为缺项确认; discrimination:年报对应页/统计表未提供或未能可靠提取，已作为缺项确认,已确认未检索到明确摘录,已摘录,resolved_with_unavailable_or_unextracted_fields
QI-C003-0109,year_report_observation,YRO-C003-2020-13,year_report_metric_review_required,已文档核验2020Q13: 原卷真题p4; 答案2020广州中考（含答案）.pdf; 年报p34; 难度/区分度含确认缺项; 错误/建议已摘录或确认缺项,low,已关闭；后续 active 前由 C002S 复核,resolved,true,QPHY-C003-2020-13,2020广州中考（含答案）.pdf,真题p4,2020广州中考（含答案）.pdf,参考答案文件对应题号,年报p34;文档核验:2020Q13逐题分析,,,difficulty:年报对应页/统计表未提供或未能可靠提取，已作为缺项确认; discrimination:年报对应页/统计表未提供或未能可靠提取，已作为缺项确认,已摘录,已摘录,resolved_with_unavailable_or_unextracted_fields
QI-C003-0110,year_report_observation,YRO-C003-2020-14,year_report_metric_review_required,已文档核验2020Q14: 原卷真题p5; 答案2020广州中考（含答案）.pdf; 年报p41-p43;文档核验:2020Q14逐题分析; 难度/区分度已摘录或确认缺项; 错误/建议已摘录,low,已关闭；后续 active 前由 C002S 复核,resolved,true,QPHY-C003-2020-14,2020广州中考（含答案）.pdf,真题p5,2020广州中考（含答案）.pdf,参考答案文件对应题号,年报p41-p43;文档核验:2020Q14逐题分析,,,difficulty:缺项确认; discrimination:缺项确认,已摘录,已摘录,resolved_with_verified_evidence_and_confirmed_unavailable_metrics
QI-C003-0111,year_report_observation,YRO-C003-2020-15,year_report_metric_review_required,已文档核验2020Q15: 原卷真题p3; 答案2020广州中考（含答案）.pdf; 年报p46; 难度/区分度含确认缺项; 错误/建议已摘录或确认缺项,low,已关闭；后续 active 前由 C002S 复核,resolved,true,QPHY-C003-2020-15,2020广州中考（含答案）.pdf,真题p3,2020广州中考（含答案）.pdf,参考答案文件对应题号,年报p46;文档核验:2020Q15逐题分析,,,difficulty:年报对应页/统计表未提供或未能可靠提取，已作为缺项确认; discrimination:年报对应页/统计表未提供或未能可靠提取，已作为缺项确认,已摘录,已摘录,resolved_with_unavailable_or_unextracted_fields
QI-C003-0112,year_report_observation,YRO-C003-2020-16,year_report_metric_review_required,已文档核验2020Q16: 原卷真题p5; 答案2020广州中考（含答案）.pdf; 年报p46; 难度/区分度含确认缺项; 错误/建议已摘录或确认缺项,low,已关闭；后续 active 前由 C002S 复核,resolved,true,QPHY-C003-2020-16,2020广州中考（含答案）.pdf,真题p5,2020广州中考（含答案）.pdf,参考答案文件对应题号,年报p46;文档核验:2020Q16逐题分析,,,difficulty:年报对应页/统计表未提供或未能可靠提取，已作为缺项确认; discrimination:年报对应页/统计表未提供或未能可靠提取，已作为缺项确认,已确认未检索到明确摘录,已摘录,resolved_with_unavailable_or_unextracted_fields
QI-C003-0113,year_report_observation,YRO-C003-2020-17,year_report_metric_review_required,已文档核验2020Q17: 原卷真题p5; 答案2020广州中考（含答案）.pdf; 年报p49; 难度/区分度含确认缺项; 错误/建议已摘录或确认缺项,low,已关闭；后续 active 前由 C002S 复核,resolved,true,QPHY-C003-2020-17,2020广州中考（含答案）.pdf,真题p5,2020广州中考（含答案）.pdf,参考答案文件对应题号,年报p49;文档核验:2020Q17逐题分析,,,difficulty:年报对应页/统计表未提供或未能可靠提取，已作为缺项确认; discrimination:年报对应页/统计表未提供或未能可靠提取，已作为缺项确认,已摘录,已摘录,resolved_with_unavailable_or_unextracted_fields
QI-C003-0114,year_report_observation,YRO-C003-2020-18,year_report_metric_review_required,已文档核验2020Q18: 原卷真题p6; 答案2020广州中考（含答案）.pdf; 年报p53; 难度/区分度含确认缺项; 错误/建议已摘录或确认缺项,low,已关闭；后续 active 前由 C002S 复核,resolved,true,QPHY-C003-2020-18,2020广州中考（含答案）.pdf,真题p6,2020广州中考（含答案）.pdf,参考答案文件对应题号,年报p53;文档核验:2020Q18逐题分析,,,difficulty:年报对应页/统计表未提供或未能可靠提取，已作为缺项确认; discrimination:年报对应页/统计表未提供或未能可靠提取，已作为缺项确认,已摘录,已摘录,resolved_with_unavailable_or_unextracted_fields
QI-C003-0115,year_report_observation,YRO-C003-2020-19,year_report_metric_review_required,已文档核验2020Q19: 原卷真题p6; 答案2020广州中考（含答案）.pdf; 年报p59; 难度/区分度含确认缺项; 错误/建议已摘录或确认缺项,low,已关闭；后续 active 前由 C002S 复核,resolved,true,QPHY-C003-2020-19,2020广州中考（含答案）.pdf,真题p6,2020广州中考（含答案）.pdf,参考答案文件对应题号,年报p59;文档核验:2020Q19逐题分析,,,difficulty:年报对应页/统计表未提供或未能可靠提取，已作为缺项确认; discrimination:年报对应页/统计表未提供或未能可靠提取，已作为缺项确认,已确认未检索到明确摘录,已摘录,resolved_with_unavailable_or_unextracted_fields
QI-C003-0116,year_report_observation,YRO-C003-2020-20,year_report_metric_review_required,已文档核验2020Q20: 原卷真题p6; 答案2020广州中考（含答案）.pdf; 年报p64; 难度/区分度含确认缺项; 错误/建议已摘录或确认缺项,low,已关闭；后续 active 前由 C002S 复核,resolved,true,QPHY-C003-2020-20,2020广州中考（含答案）.pdf,真题p6,2020广州中考（含答案）.pdf,参考答案文件对应题号,年报p64;文档核验:2020Q20逐题分析,,,difficulty:年报对应页/统计表未提供或未能可靠提取，已作为缺项确认; discrimination:年报对应页/统计表未提供或未能可靠提取，已作为缺项确认,已确认未检索到明确摘录,已摘录,resolved_with_unavailable_or_unextracted_fields
QI-C003-0117,year_report_observation,YRO-C003-2020-21,year_report_metric_review_required,已文档核验2020Q21: 原卷真题p7; 答案2020广州中考（含答案）.pdf; 年报p70; 难度/区分度含确认缺项; 错误/建议已摘录或确认缺项,low,已关闭；后续 active 前由 C002S 复核,resolved,true,QPHY-C003-2020-21,2020广州中考（含答案）.pdf,真题p7,2020广州中考（含答案）.pdf,参考答案文件对应题号,年报p70;文档核验:2020Q21逐题分析,,,difficulty:年报对应页/统计表未提供或未能可靠提取，已作为缺项确认; discrimination:年报对应页/统计表未提供或未能可靠提取，已作为缺项确认,已确认未检索到明确摘录,已摘录,resolved_with_unavailable_or_unextracted_fields
QI-C003-0118,year_report_observation,YRO-C003-2020-22,year_report_metric_review_required,已文档核验2020Q22: 原卷真题p7; 答案2020广州中考（含答案）.pdf; 年报p74; 难度/区分度含确认缺项; 错误/建议已摘录或确认缺项,low,已关闭；后续 active 前由 C002S 复核,resolved,true,QPHY-C003-2020-22,2020广州中考（含答案）.pdf,真题p7,2020广州中考（含答案）.pdf,参考答案文件对应题号,年报p74;文档核验:2020Q22逐题分析,,,difficulty:年报对应页/统计表未提供或未能可靠提取，已作为缺项确认; discrimination:年报对应页/统计表未提供或未能可靠提取，已作为缺项确认,已摘录,已摘录,resolved_with_unavailable_or_unextracted_fields
QI-C003-0119,year_report_observation,YRO-C003-2020-23,year_report_metric_review_required,已文档核验2020Q23: 原卷真题p7; 答案2020广州中考（含答案）.pdf; 年报p80; 难度/区分度含确认缺项; 错误/建议已摘录或确认缺项,low,已关闭；后续 active 前由 C002S 复核,resolved,true,QPHY-C003-2020-23,2020广州中考（含答案）.pdf,真题p7,2020广州中考（含答案）.pdf,参考答案文件对应题号,年报p80;文档核验:2020Q23逐题分析,,,difficulty:年报对应页/统计表未提供或未能可靠提取，已作为缺项确认; discrimination:年报对应页/统计表未提供或未能可靠提取，已作为缺项确认,已确认未检索到明确摘录,已摘录,resolved_with_unavailable_or_unextracted_fields
QI-C003-0120,year_report_observation,YRO-C003-2020-24,year_report_metric_review_required,已文档核验2020Q24: 原卷真题p8; 答案2020广州中考（含答案）.pdf; 年报p80; 难度/区分度含确认缺项; 错误/建议已摘录或确认缺项,low,已关闭；后续 active 前由 C002S 复核,resolved,true,QPHY-C003-2020-24,2020广州中考（含答案）.pdf,真题p8,2020广州中考（含答案）.pdf,参考答案文件对应题号,年报p80;文档核验:2020Q24逐题分析,,,difficulty:年报对应页/统计表未提供或未能可靠提取，已作为缺项确认; discrimination:年报对应页/统计表未提供或未能可靠提取，已作为缺项确认,已确认未检索到明确摘录,已摘录,resolved_with_unavailable_or_unextracted_fields
QI-C003-0121,year_report_observation,YRO-C003-2021-01,year_report_discrimination_review_required,已文档核验2021Q01: 原卷真题p1; 答案2021广州中考-参考答案.pdf; 年报p3; 难度/区分度已摘录或补录; 错误/建议已摘录或确认缺项,low,已关闭；后续 active 前由 C002S 复核,resolved,true,QPHY-C003-2021-01,2021广州中考.pdf,真题p1,2021广州中考-参考答案.pdf,参考答案文件对应题号,年报p3;文档核验:2021Q01逐题分析,0.7813,0.6223,difficulty:准确摘录或统计表补录; discrimination:准确摘录或统计表补录,已摘录,已确认未检索到明确摘录,resolved_with_unavailable_or_unextracted_fields
QI-C003-0122,year_report_observation,YRO-C003-2021-02,year_report_discrimination_review_required,已文档核验2021Q02: 原卷真题p1; 答案2021广州中考-参考答案.pdf; 年报p5; 难度/区分度已摘录或补录; 错误/建议已摘录或确认缺项,low,已关闭；后续 active 前由 C002S 复核,resolved,true,QPHY-C003-2021-02,2021广州中考.pdf,真题p1,2021广州中考-参考答案.pdf,参考答案文件对应题号,年报p5;文档核验:2021Q02逐题分析,0.7045,0.6057,difficulty:准确摘录或统计表补录; discrimination:准确摘录或统计表补录,已摘录,已确认未检索到明确摘录,resolved_with_unavailable_or_unextracted_fields
QI-C003-0123,year_report_observation,YRO-C003-2021-03,year_report_discrimination_review_required,已文档核验2021Q03: 原卷真题p1; 答案2021广州中考-参考答案.pdf; 年报p7; 难度/区分度已摘录或补录; 错误/建议已摘录或确认缺项,low,已关闭；后续 active 前由 C002S 复核,resolved,true,QPHY-C003-2021-03,2021广州中考.pdf,真题p1,2021广州中考-参考答案.pdf,参考答案文件对应题号,年报p7;文档核验:2021Q03逐题分析,0.784,0.6261,difficulty:准确摘录或统计表补录; discrimination:准确摘录或统计表补录,已摘录,已确认未检索到明确摘录,resolved_with_unavailable_or_unextracted_fields
QI-C003-0124,year_report_observation,YRO-C003-2021-04,year_report_metric_review_required,已文档核验2021Q04: 原卷真题p1; 答案2021广州中考-参考答案.pdf; 年报p8; 难度/区分度已摘录或补录; 错误/建议已摘录或确认缺项,low,已关闭；后续 active 前由 C002S 复核,resolved,true,QPHY-C003-2021-04,2021广州中考.pdf,真题p1,2021广州中考-参考答案.pdf,参考答案文件对应题号,年报p8;文档核验:2021Q04逐题分析,0.8907,0.3614,difficulty:准确摘录或统计表补录; discrimination:准确摘录或统计表补录,已确认未检索到明确摘录,已确认未检索到明确摘录,resolved_with_unavailable_or_unextracted_fields
QI-C003-0125,year_report_observation,YRO-C003-2021-05,year_report_discrimination_review_required,已文档核验2021Q05: 原卷真题p1; 答案2021广州中考-参考答案.pdf; 年报p9; 难度/区分度已摘录或补录; 错误/建议已摘录或确认缺项,low,已关闭；后续 active 前由 C002S 复核,resolved,true,QPHY-C003-2021-05,2021广州中考.pdf,真题p1,2021广州中考-参考答案.pdf,参考答案文件对应题号,年报p9;文档核验:2021Q05逐题分析,0.4954,0.8023,difficulty:准确摘录或统计表补录; discrimination:准确摘录或统计表补录,已摘录,已摘录,resolved_complete
QI-C003-0126,year_report_observation,YRO-C003-2021-06,year_report_discrimination_review_required,已文档核验2021Q06: 原卷真题p2; 答案2021广州中考-参考答案.pdf; 年报p10; 难度/区分度已摘录或补录; 错误/建议已摘录或确认缺项,low,已关闭；后续 active 前由 C002S 复核,resolved,true,QPHY-C003-2021-06,2021广州中考.pdf,真题p2,2021广州中考-参考答案.pdf,参考答案文件对应题号,年报p10;文档核验:2021Q06逐题分析,0.7252,0.7086,difficulty:准确摘录或统计表补录; discrimination:准确摘录或统计表补录,已摘录,已确认未检索到明确摘录,resolved_with_unavailable_or_unextracted_fields
QI-C003-0127,year_report_observation,YRO-C003-2021-07,year_report_discrimination_review_required,已文档核验2021Q07: 原卷真题p2; 答案2021广州中考-参考答案.pdf; 年报p11; 难度/区分度已摘录或补录; 错误/建议已摘录或确认缺项,low,已关闭；后续 active 前由 C002S 复核,resolved,true,QPHY-C003-2021-07,2021广州中考.pdf,真题p2,2021广州中考-参考答案.pdf,参考答案文件对应题号,年报p11;文档核验:2021Q07逐题分析,0.4738,0.5785,difficulty:准确摘录或统计表补录; discrimination:准确摘录或统计表补录,已摘录,已确认未检索到明确摘录,resolved_with_unavailable_or_unextracted_fields
QI-C003-0128,year_report_observation,YRO-C003-2021-08,year_report_discrimination_review_required,已文档核验2021Q08: 原卷真题p2; 答案2021广州中考-参考答案.pdf; 年报p12; 难度/区分度已摘录或补录; 错误/建议已摘录或确认缺项,low,已关闭；后续 active 前由 C002S 复核,resolved,true,QPHY-C003-2021-08,2021广州中考.pdf,真题p2,2021广州中考-参考答案.pdf,参考答案文件对应题号,年报p12;文档核验:2021Q08逐题分析,0.5904,0.7057,difficulty:准确摘录或统计表补录; discrimination:准确摘录或统计表补录,已摘录,已确认未检索到明确摘录,resolved_with_unavailable_or_unextracted_fields
QI-C003-0129,year_report_observation,YRO-C003-2021-09,year_report_metric_review_required,已文档核验2021Q09: 原卷真题p3; 答案2021广州中考-参考答案.pdf; 年报p13; 难度/区分度已摘录或补录; 错误/建议已摘录或确认缺项,low,已关闭；后续 active 前由 C002S 复核,resolved,true,QPHY-C003-2021-09,2021广州中考.pdf,真题p3,2021广州中考-参考答案.pdf,参考答案文件对应题号,年报p13;文档核验:2021Q09逐题分析,0.8452,0.4939,difficulty:准确摘录或统计表补录; discrimination:准确摘录或统计表补录,已确认未检索到明确摘录,已确认未检索到明确摘录,resolved_with_unavailable_or_unextracted_fields
QI-C003-0130,year_report_observation,YRO-C003-2021-10,year_report_discrimination_review_required,已文档核验2021Q10: 原卷真题p3; 答案2021广州中考-参考答案.pdf; 年报p15; 难度/区分度已摘录或补录; 错误/建议已摘录或确认缺项,low,已关闭；后续 active 前由 C002S 复核,resolved,true,QPHY-C003-2021-10,2021广州中考.pdf,真题p3,2021广州中考-参考答案.pdf,参考答案文件对应题号,年报p15;文档核验:2021Q10逐题分析,0.58,0.6561,difficulty:准确摘录或统计表补录; discrimination:准确摘录或统计表补录,已摘录,已摘录,resolved_complete
QI-C003-0131,year_report_observation,YRO-C003-2021-11,year_report_metric_review_required,已文档核验2021Q11: 原卷真题p3; 答案2021广州中考-参考答案.pdf; 年报p15; 难度/区分度已摘录或补录; 错误/建议已摘录或确认缺项,low,已关闭；后续 active 前由 C002S 复核,resolved,true,QPHY-C003-2021-11,2021广州中考.pdf,真题p3,2021广州中考-参考答案.pdf,参考答案文件对应题号,年报p15;文档核验:2021Q11逐题分析,0.7502,0.5063,difficulty:准确摘录或统计表补录; discrimination:准确摘录或统计表补录,已摘录,已确认未检索到明确摘录,resolved_with_unavailable_or_unextracted_fields
QI-C003-0132,year_report_observation,YRO-C003-2021-12,year_report_metric_review_required,已文档核验2021Q12: 原卷真题p4; 答案2021广州中考-参考答案.pdf; 年报p24; 难度/区分度已摘录或补录; 错误/建议已摘录或确认缺项,low,已关闭；后续 active 前由 C002S 复核,resolved,true,QPHY-C003-2021-12,2021广州中考.pdf,真题p4,2021广州中考-参考答案.pdf,参考答案文件对应题号,年报p24;文档核验:2021Q12逐题分析,0.77,0.7298,difficulty:准确摘录或统计表补录; discrimination:准确摘录或统计表补录,已确认未检索到明确摘录,已摘录,resolved_with_unavailable_or_unextracted_fields
QI-C003-0133,year_report_observation,YRO-C003-2021-13,year_report_metric_review_required,已文档核验2021Q13: 原卷真题p4; 答案2021广州中考-参考答案.pdf; 年报p28; 难度/区分度已摘录或补录; 错误/建议已摘录或确认缺项,low,已关闭；后续 active 前由 C002S 复核,resolved,true,QPHY-C003-2021-13,2021广州中考.pdf,真题p4,2021广州中考-参考答案.pdf,参考答案文件对应题号,年报p28;文档核验:2021Q13逐题分析,0.7956,0.4773,difficulty:准确摘录或统计表补录; discrimination:准确摘录或统计表补录,已摘录,已确认未检索到明确摘录,resolved_with_unavailable_or_unextracted_fields
QI-C003-0134,year_report_observation,YRO-C003-2021-14,year_report_discrimination_review_required,已文档核验2021Q14: 原卷真题p5; 答案2021广州中考-参考答案.pdf; 年报p30; 难度/区分度已摘录或补录; 错误/建议已摘录或确认缺项,low,已关闭；后续 active 前由 C002S 复核,resolved,true,QPHY-C003-2021-14,2021广州中考.pdf,真题p5,2021广州中考-参考答案.pdf,参考答案文件对应题号,年报p30;文档核验:2021Q14逐题分析,0.9361,0.1847,difficulty:准确摘录或统计表补录; discrimination:准确摘录或统计表补录,已确认未检索到明确摘录,已摘录,resolved_with_unavailable_or_unextracted_fields
QI-C003-0135,year_report_observation,YRO-C003-2021-15,year_report_discrimination_review_required,已文档核验2021Q15: 原卷真题p5; 答案2021广州中考-参考答案.pdf; 年报p31; 难度/区分度已摘录或补录; 错误/建议已摘录或确认缺项,low,已关闭；后续 active 前由 C002S 复核,resolved,true,QPHY-C003-2021-15,2021广州中考.pdf,真题p5,2021广州中考-参考答案.pdf,参考答案文件对应题号,年报p31;文档核验:2021Q15逐题分析,0.97,0.07,difficulty:准确摘录或统计表补录; discrimination:准确摘录或统计表补录,已摘录,已确认未检索到明确摘录,resolved_with_unavailable_or_unextracted_fields
QI-C003-0136,year_report_observation,YRO-C003-2021-16,year_report_metric_review_required,已文档核验2021Q16: 原卷真题p6; 答案2021广州中考-参考答案.pdf; 年报p20; 难度/区分度已摘录或补录; 错误/建议已摘录或确认缺项,low,已关闭；后续 active 前由 C002S 复核,resolved,true,QPHY-C003-2021-16,2021广州中考.pdf,真题p6,2021广州中考-参考答案.pdf,参考答案文件对应题号,年报p20;文档核验:2021Q16逐题分析,0.8102,0.472,difficulty:准确摘录或统计表补录; discrimination:准确摘录或统计表补录,已摘录,已确认未检索到明确摘录,resolved_with_unavailable_or_unextracted_fields
QI-C003-0137,year_report_observation,YRO-C003-2021-17,year_report_metric_review_required,已文档核验2021Q17: 原卷真题p7; 答案2021广州中考-参考答案.pdf; 年报p40; 难度/区分度已摘录或补录; 错误/建议已摘录或确认缺项,low,已关闭；后续 active 前由 C002S 复核,resolved,true,QPHY-C003-2021-17,2021广州中考.pdf,真题p7,2021广州中考-参考答案.pdf,参考答案文件对应题号,年报p40;文档核验:2021Q17逐题分析,0.7232,0.5338,difficulty:准确摘录或统计表补录; discrimination:准确摘录或统计表补录,已确认未检索到明确摘录,已摘录,resolved_with_unavailable_or_unextracted_fields
QI-C003-0138,year_report_observation,YRO-C003-2021-18,year_report_metric_review_required,已文档核验2021Q18: 原卷真题p8; 答案2021广州中考-参考答案.pdf; 年报p42; 难度/区分度已摘录或补录; 错误/建议已摘录或确认缺项,low,已关闭；后续 active 前由 C002S 复核,resolved,true,QPHY-C003-2021-18,2021广州中考.pdf,真题p8,2021广州中考-参考答案.pdf,参考答案文件对应题号,年报p42;文档核验:2021Q18逐题分析,0.546,0.5865,difficulty:准确摘录或统计表补录; discrimination:准确摘录或统计表补录,已确认未检索到明确摘录,已确认未检索到明确摘录,resolved_with_unavailable_or_unextracted_fields
QI-C003-0139,year_report_observation,YRO-C003-2022-01,year_report_discrimination_review_required,已文档核验2022Q01: 原卷真题p1; 答案2022广州中考-参考答案.pdf; 年报p10; 难度/区分度含确认缺项; 错误/建议已摘录或确认缺项,low,已关闭；后续 active 前由 C002S 复核,resolved,true,QPHY-C003-2022-01,2022广州中考.pdf,真题p1,2022广州中考-参考答案.pdf,参考答案文件对应题号,年报p10;文档核验:2022Q01逐题分析,0.8641,,difficulty:准确摘录或统计表补录; discrimination:年报对应页/统计表未提供或未能可靠提取，已作为缺项确认,已确认未检索到明确摘录,已确认未检索到明确摘录,resolved_with_unavailable_or_unextracted_fields
QI-C003-0140,year_report_observation,YRO-C003-2022-02,year_report_discrimination_review_required,已文档核验2022Q02: 原卷真题p1; 答案2022广州中考-参考答案.pdf; 年报p10; 难度/区分度含确认缺项; 错误/建议已摘录或确认缺项,low,已关闭；后续 active 前由 C002S 复核,resolved,true,QPHY-C003-2022-02,2022广州中考.pdf,真题p1,2022广州中考-参考答案.pdf,参考答案文件对应题号,年报p10;文档核验:2022Q02逐题分析,0.9653,,difficulty:准确摘录或统计表补录; discrimination:年报对应页/统计表未提供或未能可靠提取，已作为缺项确认,已确认未检索到明确摘录,已确认未检索到明确摘录,resolved_with_unavailable_or_unextracted_fields
QI-C003-0141,year_report_observation,YRO-C003-2022-03,year_report_discrimination_review_required,已文档核验2022Q03: 原卷真题p1; 答案2022广州中考-参考答案.pdf; 年报p11; 难度/区分度含确认缺项; 错误/建议已摘录或确认缺项,low,已关闭；后续 active 前由 C002S 复核,resolved,true,QPHY-C003-2022-03,2022广州中考.pdf,真题p1,2022广州中考-参考答案.pdf,参考答案文件对应题号,年报p11;文档核验:2022Q03逐题分析,0.7252,,difficulty:准确摘录或统计表补录; discrimination:年报对应页/统计表未提供或未能可靠提取，已作为缺项确认,已摘录,已确认未检索到明确摘录,resolved_with_unavailable_or_unextracted_fields
QI-C003-0142,year_report_observation,YRO-C003-2022-04,year_report_discrimination_review_required,已文档核验2022Q04: 原卷真题p1; 答案2022广州中考-参考答案.pdf; 年报p12; 难度/区分度含确认缺项; 错误/建议已摘录或确认缺项,low,已关闭；后续 active 前由 C002S 复核,resolved,true,QPHY-C003-2022-04,2022广州中考.pdf,真题p1,2022广州中考-参考答案.pdf,参考答案文件对应题号,年报p12;文档核验:2022Q04逐题分析,0.6486,,difficulty:准确摘录或统计表补录; discrimination:年报对应页/统计表未提供或未能可靠提取，已作为缺项确认,已摘录,已确认未检索到明确摘录,resolved_with_unavailable_or_unextracted_fields
QI-C003-0143,year_report_observation,YRO-C003-2022-05,year_report_discrimination_review_required,已文档核验2022Q05: 原卷真题p2; 答案2022广州中考-参考答案.pdf; 年报p13; 难度/区分度含确认缺项; 错误/建议已摘录或确认缺项,low,已关闭；后续 active 前由 C002S 复核,resolved,true,QPHY-C003-2022-05,2022广州中考.pdf,真题p2,2022广州中考-参考答案.pdf,参考答案文件对应题号,年报p13;文档核验:2022Q05逐题分析,0.7,,difficulty:准确摘录或统计表补录; discrimination:年报对应页/统计表未提供或未能可靠提取，已作为缺项确认,已摘录,已确认未检索到明确摘录,resolved_with_unavailable_or_unextracted_fields
QI-C003-0144,year_report_observation,YRO-C003-2022-06,year_report_discrimination_review_required,已文档核验2022Q06: 原卷真题p2; 答案2022广州中考-参考答案.pdf; 年报p14; 难度/区分度含确认缺项; 错误/建议已摘录或确认缺项,low,已关闭；后续 active 前由 C002S 复核,resolved,true,QPHY-C003-2022-06,2022广州中考.pdf,真题p2,2022广州中考-参考答案.pdf,参考答案文件对应题号,年报p14;文档核验:2022Q06逐题分析,0.6573,,difficulty:准确摘录或统计表补录; discrimination:年报对应页/统计表未提供或未能可靠提取，已作为缺项确认,已摘录,已确认未检索到明确摘录,resolved_with_unavailable_or_unextracted_fields
QI-C003-0145,year_report_observation,YRO-C003-2022-07,year_report_metric_review_required,已文档核验2022Q07: 原卷真题p2; 答案2022广州中考-参考答案.pdf; 年报p16; 难度/区分度含确认缺项; 错误/建议已摘录或确认缺项,low,已关闭；后续 active 前由 C002S 复核,resolved,true,QPHY-C003-2022-07,2022广州中考.pdf,真题p2,2022广州中考-参考答案.pdf,参考答案文件对应题号,年报p16;文档核验:2022Q07逐题分析,,,difficulty:年报对应页/统计表未提供或未能可靠提取，已作为缺项确认; discrimination:年报对应页/统计表未提供或未能可靠提取，已作为缺项确认,已确认未检索到明确摘录,已摘录,resolved_with_unavailable_or_unextracted_fields
QI-C003-0146,year_report_observation,YRO-C003-2022-08,year_report_discrimination_review_required,已文档核验2022Q08: 原卷真题p3; 答案2022广州中考-参考答案.pdf; 年报p16; 难度/区分度含确认缺项; 错误/建议已摘录或确认缺项,low,已关闭；后续 active 前由 C002S 复核,resolved,true,QPHY-C003-2022-08,2022广州中考.pdf,真题p3,2022广州中考-参考答案.pdf,参考答案文件对应题号,年报p16;文档核验:2022Q08逐题分析,0.725,,difficulty:准确摘录或统计表补录; discrimination:年报对应页/统计表未提供或未能可靠提取，已作为缺项确认,已确认未检索到明确摘录,已确认未检索到明确摘录,resolved_with_unavailable_or_unextracted_fields
QI-C003-0147,year_report_observation,YRO-C003-2022-09,year_report_discrimination_review_required,已文档核验2022Q09: 原卷真题p3; 答案2022广州中考-参考答案.pdf; 年报p17; 难度/区分度含确认缺项; 错误/建议已摘录或确认缺项,low,已关闭；后续 active 前由 C002S 复核,resolved,true,QPHY-C003-2022-09,2022广州中考.pdf,真题p3,2022广州中考-参考答案.pdf,参考答案文件对应题号,年报p17;文档核验:2022Q09逐题分析,0.6295,,difficulty:准确摘录或统计表补录; discrimination:年报对应页/统计表未提供或未能可靠提取，已作为缺项确认,已确认未检索到明确摘录,已确认未检索到明确摘录,resolved_with_unavailable_or_unextracted_fields
QI-C003-0148,year_report_observation,YRO-C003-2022-10,year_report_metric_review_required,已文档核验2022Q10: 原卷真题p3; 答案2022广州中考-参考答案.pdf; 年报p18; 难度/区分度含确认缺项; 错误/建议已摘录或确认缺项,low,已关闭；后续 active 前由 C002S 复核,resolved,true,QPHY-C003-2022-10,2022广州中考.pdf,真题p3,2022广州中考-参考答案.pdf,参考答案文件对应题号,年报p18;文档核验:2022Q10逐题分析,0.4773,,difficulty:准确摘录或统计表补录; discrimination:年报对应页/统计表未提供或未能可靠提取，已作为缺项确认,已摘录,已确认未检索到明确摘录,resolved_with_unavailable_or_unextracted_fields
QI-C003-0149,year_report_observation,YRO-C003-2022-11,year_report_discrimination_review_required,已文档核验2022Q11: 原卷真题p3; 答案2022广州中考-参考答案.pdf; 年报p19; 难度/区分度含确认缺项; 错误/建议已摘录或确认缺项,low,已关闭；后续 active 前由 C002S 复核,resolved,true,QPHY-C003-2022-11,2022广州中考.pdf,真题p3,2022广州中考-参考答案.pdf,参考答案文件对应题号,年报p19;文档核验:2022Q11逐题分析,0.5867,,difficulty:准确摘录或统计表补录; discrimination:年报对应页/统计表未提供或未能可靠提取，已作为缺项确认,已确认未检索到明确摘录,已确认未检索到明确摘录,resolved_with_unavailable_or_unextracted_fields
QI-C003-0150,year_report_observation,YRO-C003-2022-12,year_report_metric_review_required,已文档核验2022Q12: 原卷真题p4; 答案2022广州中考-参考答案.pdf; 年报p22; 难度/区分度含确认缺项; 错误/建议已摘录或确认缺项,low,已关闭；后续 active 前由 C002S 复核,resolved,true,QPHY-C003-2022-12,2022广州中考.pdf,真题p4,2022广州中考-参考答案.pdf,参考答案文件对应题号,年报p22;文档核验:2022Q12逐题分析,,,difficulty:年报对应页/统计表未提供或未能可靠提取，已作为缺项确认; discrimination:年报对应页/统计表未提供或未能可靠提取，已作为缺项确认,已确认未检索到明确摘录,已摘录,resolved_with_unavailable_or_unextracted_fields
QI-C003-0151,year_report_observation,YRO-C003-2022-13,year_report_metric_review_required,已文档核验2022Q13: 原卷真题p4; 答案2022广州中考-参考答案.pdf; 年报p23; 难度/区分度含确认缺项; 错误/建议已摘录或确认缺项,low,已关闭；后续 active 前由 C002S 复核,resolved,true,QPHY-C003-2022-13,2022广州中考.pdf,真题p4,2022广州中考-参考答案.pdf,参考答案文件对应题号,年报p23;文档核验:2022Q13逐题分析,0.53,,difficulty:准确摘录或统计表补录; discrimination:年报对应页/统计表未提供或未能可靠提取，已作为缺项确认,已摘录,已摘录,resolved_with_unavailable_or_unextracted_fields
QI-C003-0152,year_report_observation,YRO-C003-2022-14,year_report_metric_review_required,已文档核验2022Q14: 原卷真题p4; 答案2022广州中考-参考答案.pdf; 年报p25; 难度/区分度含确认缺项; 错误/建议已摘录或确认缺项,low,已关闭；后续 active 前由 C002S 复核,resolved,true,QPHY-C003-2022-14,2022广州中考.pdf,真题p4,2022广州中考-参考答案.pdf,参考答案文件对应题号,年报p25;文档核验:2022Q14逐题分析,,,difficulty:年报对应页/统计表未提供或未能可靠提取，已作为缺项确认; discrimination:年报对应页/统计表未提供或未能可靠提取，已作为缺项确认,已摘录,已摘录,resolved_with_unavailable_or_unextracted_fields
QI-C003-0153,year_report_observation,YRO-C003-2022-15,year_report_metric_review_required,已文档核验2022Q15: 原卷真题p5; 答案2022广州中考-参考答案.pdf; 年报p29; 难度/区分度含确认缺项; 错误/建议已摘录或确认缺项,low,已关闭；后续 active 前由 C002S 复核,resolved,true,QPHY-C003-2022-15,2022广州中考.pdf,真题p5,2022广州中考-参考答案.pdf,参考答案文件对应题号,年报p29;文档核验:2022Q15逐题分析,,,difficulty:年报对应页/统计表未提供或未能可靠提取，已作为缺项确认; discrimination:年报对应页/统计表未提供或未能可靠提取，已作为缺项确认,已确认未检索到明确摘录,已摘录,resolved_with_unavailable_or_unextracted_fields
QI-C003-0154,year_report_observation,YRO-C003-2022-16,year_report_metric_review_required,已文档核验2022Q16: 原卷真题p5; 答案2022广州中考-参考答案.pdf; 年报p30; 难度/区分度含确认缺项; 错误/建议已摘录或确认缺项,low,已关闭；后续 active 前由 C002S 复核,resolved,true,QPHY-C003-2022-16,2022广州中考.pdf,真题p5,2022广州中考-参考答案.pdf,参考答案文件对应题号,年报p30;文档核验:2022Q16逐题分析,1,,difficulty:准确摘录或统计表补录; discrimination:年报对应页/统计表未提供或未能可靠提取，已作为缺项确认,已确认未检索到明确摘录,已确认未检索到明确摘录,resolved_with_unavailable_or_unextracted_fields
QI-C003-0155,year_report_observation,YRO-C003-2022-17,year_report_discrimination_review_required,已文档核验2022Q17: 原卷真题p6; 答案2022广州中考-参考答案.pdf; 年报p34; 难度/区分度含确认缺项; 错误/建议已摘录或确认缺项,low,已关闭；后续 active 前由 C002S 复核,resolved,true,QPHY-C003-2022-17,2022广州中考.pdf,真题p6,2022广州中考-参考答案.pdf,参考答案文件对应题号,年报p34;文档核验:2022Q17逐题分析,0.65,,difficulty:准确摘录或统计表补录; discrimination:年报对应页/统计表未提供或未能可靠提取，已作为缺项确认,已确认未检索到明确摘录,已确认未检索到明确摘录,resolved_with_unavailable_or_unextracted_fields
QI-C003-0156,year_report_observation,YRO-C003-2022-18,year_report_metric_review_required,已文档核验2022Q18: 原卷真题p7; 答案2022广州中考-参考答案.pdf; 年报p38; 难度/区分度含确认缺项; 错误/建议已摘录或确认缺项,low,已关闭；后续 active 前由 C002S 复核,resolved,true,QPHY-C003-2022-18,2022广州中考.pdf,真题p7,2022广州中考-参考答案.pdf,参考答案文件对应题号,年报p38;文档核验:2022Q18逐题分析,0.708,,difficulty:准确摘录或统计表补录; discrimination:年报对应页/统计表未提供或未能可靠提取，已作为缺项确认,已摘录,已确认未检索到明确摘录,resolved_with_unavailable_or_unextracted_fields
QI-C003-0157,year_report_observation,YRO-C003-2023-01,year_report_discrimination_review_required,已文档核验2023Q01: 原卷真题p1; 答案2023广州中考_参考答案.pdf; 年报p3; 难度/区分度含确认缺项; 错误/建议已摘录或确认缺项,low,已关闭；后续 active 前由 C002S 复核,resolved,true,QPHY-C003-2023-01,2023广州中考.pdf,真题p1,2023广州中考_参考答案.pdf,参考答案文件对应题号,年报p3;文档核验:2023Q01逐题分析,0.9142,,difficulty:准确摘录或统计表补录; discrimination:年报对应页/统计表未提供或未能可靠提取，已作为缺项确认,已确认未检索到明确摘录,已确认未检索到明确摘录,resolved_with_unavailable_or_unextracted_fields
QI-C003-0158,year_report_observation,YRO-C003-2023-02,year_report_discrimination_review_required,已文档核验2023Q02: 原卷真题p1; 答案2023广州中考_参考答案.pdf; 年报p3; 难度/区分度含确认缺项; 错误/建议已摘录或确认缺项,low,已关闭；后续 active 前由 C002S 复核,resolved,true,QPHY-C003-2023-02,2023广州中考.pdf,真题p1,2023广州中考_参考答案.pdf,参考答案文件对应题号,年报p3;文档核验:2023Q02逐题分析,0.8037,,difficulty:准确摘录或统计表补录; discrimination:年报对应页/统计表未提供或未能可靠提取，已作为缺项确认,已确认未检索到明确摘录,已确认未检索到明确摘录,resolved_with_unavailable_or_unextracted_fields
QI-C003-0159,year_report_observation,YRO-C003-2023-03,year_report_discrimination_review_required,已文档核验2023Q03: 原卷真题p1; 答案2023广州中考_参考答案.pdf; 年报p3; 难度/区分度含确认缺项; 错误/建议已摘录或确认缺项,low,已关闭；后续 active 前由 C002S 复核,resolved,true,QPHY-C003-2023-03,2023广州中考.pdf,真题p1,2023广州中考_参考答案.pdf,参考答案文件对应题号,年报p3;文档核验:2023Q03逐题分析,,,difficulty:年报对应页/统计表未提供或未能可靠提取，已作为缺项确认; discrimination:年报对应页/统计表未提供或未能可靠提取，已作为缺项确认,已确认未检索到明确摘录,已确认未检索到明确摘录,resolved_with_unavailable_or_unextracted_fields
QI-C003-0160,year_report_observation,YRO-C003-2023-04,year_report_discrimination_review_required,已文档核验2023Q04: 原卷真题p1; 答案2023广州中考_参考答案.pdf; 年报p6; 难度/区分度含确认缺项; 错误/建议已摘录或确认缺项,low,已关闭；后续 active 前由 C002S 复核,resolved,true,QPHY-C003-2023-04,2023广州中考.pdf,真题p1,2023广州中考_参考答案.pdf,参考答案文件对应题号,年报p6;文档核验:2023Q04逐题分析,0.8448,,difficulty:准确摘录或统计表补录; discrimination:年报对应页/统计表未提供或未能可靠提取，已作为缺项确认,已确认未检索到明确摘录,已摘录,resolved_with_unavailable_or_unextracted_fields
QI-C003-0161,year_report_observation,YRO-C003-2023-05,year_report_discrimination_review_required,已文档核验2023Q05: 原卷真题p2; 答案2023广州中考_参考答案.pdf; 年报p7; 难度/区分度含确认缺项; 错误/建议已摘录或确认缺项,low,已关闭；后续 active 前由 C002S 复核,resolved,true,QPHY-C003-2023-05,2023广州中考.pdf,真题p2,2023广州中考_参考答案.pdf,参考答案文件对应题号,年报p7;文档核验:2023Q05逐题分析,0.8553,,difficulty:准确摘录或统计表补录; discrimination:年报对应页/统计表未提供或未能可靠提取，已作为缺项确认,已摘录,已摘录,resolved_with_unavailable_or_unextracted_fields
QI-C003-0162,year_report_observation,YRO-C003-2023-06,year_report_discrimination_review_required,已文档核验2023Q06: 原卷真题p2; 答案2023广州中考_参考答案.pdf; 年报p8; 难度/区分度含确认缺项; 错误/建议已摘录或确认缺项,low,已关闭；后续 active 前由 C002S 复核,resolved,true,QPHY-C003-2023-06,2023广州中考.pdf,真题p2,2023广州中考_参考答案.pdf,参考答案文件对应题号,年报p8;文档核验:2023Q06逐题分析,0.6887,,difficulty:准确摘录或统计表补录; discrimination:年报对应页/统计表未提供或未能可靠提取，已作为缺项确认,已确认未检索到明确摘录,已确认未检索到明确摘录,resolved_with_unavailable_or_unextracted_fields
QI-C003-0163,year_report_observation,YRO-C003-2023-07,year_report_discrimination_review_required,已文档核验2023Q07: 原卷真题p3; 答案2023广州中考_参考答案.pdf; 年报p9; 难度/区分度含确认缺项; 错误/建议已摘录或确认缺项,low,已关闭；后续 active 前由 C002S 复核,resolved,true,QPHY-C003-2023-07,2023广州中考.pdf,真题p3,2023广州中考_参考答案.pdf,参考答案文件对应题号,年报p9;文档核验:2023Q07逐题分析,0.6273,,difficulty:准确摘录或统计表补录; discrimination:年报对应页/统计表未提供或未能可靠提取，已作为缺项确认,已确认未检索到明确摘录,已确认未检索到明确摘录,resolved_with_unavailable_or_unextracted_fields
QI-C003-0164,year_report_observation,YRO-C003-2023-08,year_report_discrimination_review_required,已文档核验2023Q08: 原卷真题p3; 答案2023广州中考_参考答案.pdf; 年报p10; 难度/区分度含确认缺项; 错误/建议已摘录或确认缺项,low,已关闭；后续 active 前由 C002S 复核,resolved,true,QPHY-C003-2023-08,2023广州中考.pdf,真题p3,2023广州中考_参考答案.pdf,参考答案文件对应题号,年报p10;文档核验:2023Q08逐题分析,0.6239,,difficulty:准确摘录或统计表补录; discrimination:年报对应页/统计表未提供或未能可靠提取，已作为缺项确认,已确认未检索到明确摘录,已摘录,resolved_with_unavailable_or_unextracted_fields
QI-C003-0165,year_report_observation,YRO-C003-2023-09,year_report_metric_review_required,已文档核验2023Q09: 原卷真题p3; 答案2023广州中考_参考答案.pdf; 年报p11; 难度/区分度已摘录或补录; 错误/建议已摘录或确认缺项,low,已关闭；后续 active 前由 C002S 复核,resolved,true,QPHY-C003-2023-09,2023广州中考.pdf,真题p3,2023广州中考_参考答案.pdf,参考答案文件对应题号,年报p11;文档核验:2023Q09逐题分析,0.6164,0.6749,difficulty:准确摘录或统计表补录; discrimination:准确摘录或统计表补录,已确认未检索到明确摘录,已确认未检索到明确摘录,resolved_with_unavailable_or_unextracted_fields
QI-C003-0166,year_report_observation,YRO-C003-2023-10,year_report_discrimination_review_required,已文档核验2023Q10: 原卷真题p4; 答案2023广州中考_参考答案.pdf; 年报p13; 难度/区分度含确认缺项; 错误/建议已摘录或确认缺项,low,已关闭；后续 active 前由 C002S 复核,resolved,true,QPHY-C003-2023-10,2023广州中考.pdf,真题p4,2023广州中考_参考答案.pdf,参考答案文件对应题号,年报p13;文档核验:2023Q10逐题分析,0.3701,,difficulty:准确摘录或统计表补录; discrimination:年报对应页/统计表未提供或未能可靠提取，已作为缺项确认,已确认未检索到明确摘录,已确认未检索到明确摘录,resolved_with_unavailable_or_unextracted_fields
QI-C003-0167,year_report_observation,YRO-C003-2023-11,year_report_metric_review_required,已文档核验2023Q11: 原卷真题p4; 答案2023广州中考_参考答案.pdf; 年报p15; 难度/区分度含确认缺项; 错误/建议已摘录或确认缺项,low,已关闭；后续 active 前由 C002S 复核,resolved,true,QPHY-C003-2023-11,2023广州中考.pdf,真题p4,2023广州中考_参考答案.pdf,参考答案文件对应题号,年报p15;文档核验:2023Q11逐题分析,,,difficulty:年报对应页/统计表未提供或未能可靠提取，已作为缺项确认; discrimination:年报对应页/统计表未提供或未能可靠提取，已作为缺项确认,已摘录,已摘录,resolved_with_unavailable_or_unextracted_fields
QI-C003-0168,year_report_observation,YRO-C003-2023-12,year_report_discrimination_review_required,已文档核验2023Q12: 原卷真题p4; 答案2023广州中考_参考答案.pdf; 年报p18; 难度/区分度含确认缺项; 错误/建议已摘录或确认缺项,low,已关闭；后续 active 前由 C002S 复核,resolved,true,QPHY-C003-2023-12,2023广州中考.pdf,真题p4,2023广州中考_参考答案.pdf,参考答案文件对应题号,年报p18;文档核验:2023Q12逐题分析,,,difficulty:年报对应页/统计表未提供或未能可靠提取，已作为缺项确认; discrimination:年报对应页/统计表未提供或未能可靠提取，已作为缺项确认,已摘录,已确认未检索到明确摘录,resolved_with_unavailable_or_unextracted_fields
QI-C003-0169,year_report_observation,YRO-C003-2023-13,year_report_discrimination_review_required,已文档核验2023Q13: 原卷真题p5; 答案2023广州中考_参考答案.pdf; 年报p21; 难度/区分度含确认缺项; 错误/建议已摘录或确认缺项,low,已关闭；后续 active 前由 C002S 复核,resolved,true,QPHY-C003-2023-13,2023广州中考.pdf,真题p5,2023广州中考_参考答案.pdf,参考答案文件对应题号,年报p21;文档核验:2023Q13逐题分析,1,,difficulty:准确摘录或统计表补录; discrimination:年报对应页/统计表未提供或未能可靠提取，已作为缺项确认,已摘录,已确认未检索到明确摘录,resolved_with_unavailable_or_unextracted_fields
QI-C003-0170,year_report_observation,YRO-C003-2023-14,year_report_metric_review_required,已文档核验2023Q14: 原卷真题p5; 答案2023广州中考_参考答案.pdf; 年报p26; 难度/区分度已摘录或补录; 错误/建议已摘录或确认缺项,low,已关闭；后续 active 前由 C002S 复核,resolved,true,QPHY-C003-2023-14,2023广州中考.pdf,真题p5,2023广州中考_参考答案.pdf,参考答案文件对应题号,年报p26;文档核验:2023Q14逐题分析,0.438,0.661,difficulty:准确摘录或统计表补录; discrimination:准确摘录或统计表补录,已摘录,已摘录,resolved_with_unavailable_or_unextracted_fields
QI-C003-0171,year_report_observation,YRO-C003-2023-15,year_report_metric_review_required,已文档核验2023Q15: 原卷真题p6; 答案2023广州中考_参考答案.pdf; 年报p29; 难度/区分度含确认缺项; 错误/建议已摘录或确认缺项,low,已关闭；后续 active 前由 C002S 复核,resolved,true,QPHY-C003-2023-15,2023广州中考.pdf,真题p6,2023广州中考_参考答案.pdf,参考答案文件对应题号,年报p29;文档核验:2023Q15逐题分析,0.435,,difficulty:准确摘录或统计表补录; discrimination:年报对应页/统计表未提供或未能可靠提取，已作为缺项确认,已确认未检索到明确摘录,已摘录,resolved_with_unavailable_or_unextracted_fields
QI-C003-0172,year_report_observation,YRO-C003-2023-16,year_report_metric_review_required,已文档核验2023Q16: 原卷真题p6; 答案2023广州中考_参考答案.pdf; 年报p10; 难度/区分度含确认缺项; 错误/建议已摘录或确认缺项,low,已关闭；后续 active 前由 C002S 复核,resolved,true,QPHY-C003-2023-16,2023广州中考.pdf,真题p6,2023广州中考_参考答案.pdf,参考答案文件对应题号,年报p10;文档核验:2023Q16逐题分析,0.6239,,difficulty:准确摘录或统计表补录; discrimination:年报对应页/统计表未提供或未能可靠提取，已作为缺项确认,已确认未检索到明确摘录,已摘录,resolved_with_unavailable_or_unextracted_fields
QI-C003-0173,year_report_observation,YRO-C003-2023-17,year_report_discrimination_review_required,已文档核验2023Q17: 原卷真题p7; 答案2023广州中考_参考答案.pdf; 年报p37-p43;文档核验:2023Q17逐题分析; 难度/区分度已摘录或确认缺项; 错误/建议已摘录,low,已关闭；后续 active 前由 C002S 复核,resolved,true,QPHY-C003-2023-17,2023广州中考.pdf,真题p7,2023广州中考_参考答案.pdf,参考答案文件对应题号,年报p37-p43;文档核验:2023Q17逐题分析,0.566,,difficulty:准确摘录; discrimination:缺项确认,已摘录,已摘录,resolved_with_verified_evidence_and_confirmed_unavailable_metrics
QI-C003-0174,year_report_observation,YRO-C003-2023-18,year_report_metric_review_required,已文档核验2023Q18: 原卷真题p8; 答案2023广州中考_参考答案.pdf; 年报p44; 难度/区分度含确认缺项; 错误/建议已摘录或确认缺项,low,已关闭；后续 active 前由 C002S 复核,resolved,true,QPHY-C003-2023-18,2023广州中考.pdf,真题p8,2023广州中考_参考答案.pdf,参考答案文件对应题号,年报p44;文档核验:2023Q18逐题分析,0.5166,,difficulty:准确摘录或统计表补录; discrimination:年报对应页/统计表未提供或未能可靠提取，已作为缺项确认,已确认未检索到明确摘录,已确认未检索到明确摘录,resolved_with_unavailable_or_unextracted_fields
QI-C003-0175,year_report_observation,YRO-C003-2024-01,year_report_discrimination_review_required,已文档核验2024Q01: 原卷真题p1; 答案2024广州中考（解析版）.pdf; 年报p6; 难度/区分度已摘录或补录; 错误/建议已摘录或确认缺项,low,已关闭；后续 active 前由 C002S 复核,resolved,true,QPHY-C003-2024-01,2024广州中考.pdf,真题p1,2024广州中考（解析版）.pdf,参考答案文件对应题号,年报p6;文档核验:2024Q01逐题分析,0.6875,0.7013,difficulty:准确摘录或统计表补录; discrimination:准确摘录或统计表补录,已确认未检索到明确摘录,已摘录,resolved_with_unavailable_or_unextracted_fields
QI-C003-0176,year_report_observation,YRO-C003-2024-02,year_report_discrimination_review_required,已文档核验2024Q02: 原卷真题p1; 答案2024广州中考（解析版）.pdf; 年报p7; 难度/区分度已摘录或补录; 错误/建议已摘录或确认缺项,low,已关闭；后续 active 前由 C002S 复核,resolved,true,QPHY-C003-2024-02,2024广州中考.pdf,真题p1,2024广州中考（解析版）.pdf,参考答案文件对应题号,年报p7;文档核验:2024Q02逐题分析,0.952,0.2236,difficulty:准确摘录或统计表补录; discrimination:准确摘录或统计表补录,已确认未检索到明确摘录,已摘录,resolved_with_unavailable_or_unextracted_fields
QI-C003-0177,year_report_observation,YRO-C003-2024-03,year_report_discrimination_review_required,已文档核验2024Q03: 原卷真题p1; 答案2024广州中考（解析版）.pdf; 年报p7; 难度/区分度已摘录或补录; 错误/建议已摘录或确认缺项,low,已关闭；后续 active 前由 C002S 复核,resolved,true,QPHY-C003-2024-03,2024广州中考.pdf,真题p1,2024广州中考（解析版）.pdf,参考答案文件对应题号,年报p7;文档核验:2024Q03逐题分析,0.8426,0.3318,difficulty:准确摘录或统计表补录; discrimination:准确摘录或统计表补录,已确认未检索到明确摘录,已摘录,resolved_with_unavailable_or_unextracted_fields
QI-C003-0178,year_report_observation,YRO-C003-2024-04,year_report_discrimination_review_required,已文档核验2024Q04: 原卷真题p1; 答案2024广州中考（解析版）.pdf; 年报p8; 难度/区分度已摘录或补录; 错误/建议已摘录或确认缺项,low,已关闭；后续 active 前由 C002S 复核,resolved,true,QPHY-C003-2024-04,2024广州中考.pdf,真题p1,2024广州中考（解析版）.pdf,参考答案文件对应题号,年报p8;文档核验:2024Q04逐题分析,0.7012,0.7469,difficulty:准确摘录或统计表补录; discrimination:准确摘录或统计表补录,已确认未检索到明确摘录,已摘录,resolved_with_unavailable_or_unextracted_fields
QI-C003-0179,year_report_observation,YRO-C003-2024-05,year_report_discrimination_review_required,已文档核验2024Q05: 原卷真题p2; 答案2024广州中考（解析版）.pdf; 年报p9; 难度/区分度已摘录或补录; 错误/建议已摘录或确认缺项,low,已关闭；后续 active 前由 C002S 复核,resolved,true,QPHY-C003-2024-05,2024广州中考.pdf,真题p2,2024广州中考（解析版）.pdf,参考答案文件对应题号,年报p9;文档核验:2024Q05逐题分析,0.702,0.7406,difficulty:准确摘录或统计表补录; discrimination:准确摘录或统计表补录,已确认未检索到明确摘录,已摘录,resolved_with_unavailable_or_unextracted_fields
QI-C003-0180,year_report_observation,YRO-C003-2024-06,year_report_discrimination_review_required,已文档核验2024Q06: 原卷真题p2; 答案2024广州中考（解析版）.pdf; 年报p10; 难度/区分度已摘录或补录; 错误/建议已摘录或确认缺项,low,已关闭；后续 active 前由 C002S 复核,resolved,true,QPHY-C003-2024-06,2024广州中考.pdf,真题p2,2024广州中考（解析版）.pdf,参考答案文件对应题号,年报p10;文档核验:2024Q06逐题分析,0.6356,0.3291,difficulty:准确摘录或统计表补录; discrimination:准确摘录或统计表补录,已确认未检索到明确摘录,已摘录,resolved_with_unavailable_or_unextracted_fields
QI-C003-0181,year_report_observation,YRO-C003-2024-07,year_report_discrimination_review_required,已文档核验2024Q07: 原卷真题p3; 答案2024广州中考（解析版）.pdf; 年报p11; 难度/区分度已摘录或补录; 错误/建议已摘录或确认缺项,low,已关闭；后续 active 前由 C002S 复核,resolved,true,QPHY-C003-2024-07,2024广州中考.pdf,真题p3,2024广州中考（解析版）.pdf,参考答案文件对应题号,年报p11;文档核验:2024Q07逐题分析,0.5189,0.6998,difficulty:准确摘录或统计表补录; discrimination:准确摘录或统计表补录,已确认未检索到明确摘录,已确认未检索到明确摘录,resolved_with_unavailable_or_unextracted_fields
QI-C003-0182,year_report_observation,YRO-C003-2024-08,year_report_discrimination_review_required,已文档核验2024Q08: 原卷真题p3; 答案2024广州中考（解析版）.pdf; 年报p12; 难度/区分度已摘录或补录; 错误/建议已摘录或确认缺项,low,已关闭；后续 active 前由 C002S 复核,resolved,true,QPHY-C003-2024-08,2024广州中考.pdf,真题p3,2024广州中考（解析版）.pdf,参考答案文件对应题号,年报p12;文档核验:2024Q08逐题分析,0.2883,0.2905,difficulty:准确摘录或统计表补录; discrimination:准确摘录或统计表补录,已确认未检索到明确摘录,已确认未检索到明确摘录,resolved_with_unavailable_or_unextracted_fields
QI-C003-0183,year_report_observation,YRO-C003-2024-09,year_report_discrimination_review_required,已文档核验2024Q09: 原卷真题p3; 答案2024广州中考（解析版）.pdf; 年报p13; 难度/区分度已摘录或补录; 错误/建议已摘录或确认缺项,low,已关闭；后续 active 前由 C002S 复核,resolved,true,QPHY-C003-2024-09,2024广州中考.pdf,真题p3,2024广州中考（解析版）.pdf,参考答案文件对应题号,年报p13;文档核验:2024Q09逐题分析,0.4094,0.3515,difficulty:准确摘录或统计表补录; discrimination:准确摘录或统计表补录,已确认未检索到明确摘录,已确认未检索到明确摘录,resolved_with_unavailable_or_unextracted_fields
QI-C003-0184,year_report_observation,YRO-C003-2024-10,year_report_discrimination_review_required,已文档核验2024Q10: 原卷真题p3; 答案2024广州中考（解析版）.pdf; 年报p14; 难度/区分度已摘录或补录; 错误/建议已摘录或确认缺项,low,已关闭；后续 active 前由 C002S 复核,resolved,true,QPHY-C003-2024-10,2024广州中考.pdf,真题p3,2024广州中考（解析版）.pdf,参考答案文件对应题号,年报p14;文档核验:2024Q10逐题分析,0.5769,0.638,difficulty:准确摘录或统计表补录; discrimination:准确摘录或统计表补录,已确认未检索到明确摘录,已确认未检索到明确摘录,resolved_with_unavailable_or_unextracted_fields
QI-C003-0185,year_report_observation,YRO-C003-2024-11,year_report_page_unverified,已文档核验2024Q11: 原卷真题p4; 答案2024广州中考（解析版）.pdf; 年报p15; 难度/区分度已摘录或补录; 错误/建议已摘录或确认缺项,medium,已关闭；后续 active 前由 C002S 复核,resolved,true,QPHY-C003-2024-11,2024广州中考.pdf,真题p4,2024广州中考（解析版）.pdf,参考答案文件对应题号,年报p15;文档核验:2024Q11逐题分析,0.5148,0.7119,difficulty:准确摘录或统计表补录; discrimination:准确摘录或统计表补录,已摘录,已摘录,resolved_with_unavailable_or_unextracted_fields
QI-C003-0186,year_report_observation,YRO-C003-2024-12,year_report_page_unverified,已文档核验2024Q12: 原卷真题p4; 答案2024广州中考（解析版）.pdf; 年报p18; 难度/区分度已摘录或补录; 错误/建议已摘录或确认缺项,medium,已关闭；后续 active 前由 C002S 复核,resolved,true,QPHY-C003-2024-12,2024广州中考.pdf,真题p4,2024广州中考（解析版）.pdf,参考答案文件对应题号,年报p18;文档核验:2024Q12逐题分析,0.8077,0.5199,difficulty:准确摘录或统计表补录; discrimination:准确摘录或统计表补录,已摘录,已摘录,resolved_with_unavailable_or_unextracted_fields
QI-C003-0187,year_report_observation,YRO-C003-2024-13,year_report_discrimination_review_required,已文档核验2024Q13: 原卷真题p4; 答案2024广州中考（解析版）.pdf; 年报p22; 难度/区分度已摘录或补录; 错误/建议已摘录或确认缺项,low,已关闭；后续 active 前由 C002S 复核,resolved,true,QPHY-C003-2024-13,2024广州中考.pdf,真题p4,2024广州中考（解析版）.pdf,参考答案文件对应题号,年报p22;文档核验:2024Q13逐题分析,0.5475,0.7365,difficulty:准确摘录或统计表补录; discrimination:准确摘录或统计表补录,已摘录,已摘录,resolved_with_unavailable_or_unextracted_fields
QI-C003-0188,year_report_observation,YRO-C003-2024-14,year_report_discrimination_review_required,已文档核验2024Q14: 原卷真题p5; 答案2024广州中考（解析版）.pdf; 年报p27; 难度/区分度已摘录或补录; 错误/建议已摘录或确认缺项,low,已关闭；后续 active 前由 C002S 复核,resolved,true,QPHY-C003-2024-14,2024广州中考.pdf,真题p5,2024广州中考（解析版）.pdf,参考答案文件对应题号,年报p27;文档核验:2024Q14逐题分析,0.7798,0.5702,difficulty:准确摘录或统计表补录; discrimination:准确摘录或统计表补录,已摘录,已摘录,resolved_with_unavailable_or_unextracted_fields
QI-C003-0189,year_report_observation,YRO-C003-2024-15,year_report_discrimination_review_required,已文档核验2024Q15: 原卷真题p6; 答案2024广州中考（解析版）.pdf; 年报p30; 难度/区分度已摘录或补录; 错误/建议已摘录或确认缺项,low,已关闭；后续 active 前由 C002S 复核,resolved,true,QPHY-C003-2024-15,2024广州中考.pdf,真题p6,2024广州中考（解析版）.pdf,参考答案文件对应题号,年报p30;文档核验:2024Q15逐题分析,0.5148,0.7119,difficulty:准确摘录或统计表补录; discrimination:准确摘录或统计表补录,已摘录,已确认未检索到明确摘录,resolved_with_unavailable_or_unextracted_fields
QI-C003-0190,year_report_observation,YRO-C003-2024-16,year_report_discrimination_review_required,已文档核验2024Q16: 原卷真题p6; 答案2024广州中考（解析版）.pdf; 年报p36; 难度/区分度已摘录或补录; 错误/建议已摘录或确认缺项,low,已关闭；后续 active 前由 C002S 复核,resolved,true,QPHY-C003-2024-16,2024广州中考.pdf,真题p6,2024广州中考（解析版）.pdf,参考答案文件对应题号,年报p36;文档核验:2024Q16逐题分析,0.5651,0.8088,difficulty:准确摘录或统计表补录; discrimination:准确摘录或统计表补录,已确认未检索到明确摘录,已摘录,resolved_with_unavailable_or_unextracted_fields
QI-C003-0191,year_report_observation,YRO-C003-2024-17,year_report_page_unverified,已文档核验2024Q17: 原卷真题p6; 答案2024广州中考（解析版）.pdf; 年报p38; 难度/区分度已摘录或补录; 错误/建议已摘录或确认缺项,medium,已关闭；后续 active 前由 C002S 复核,resolved,true,QPHY-C003-2024-17,2024广州中考.pdf,真题p6,2024广州中考（解析版）.pdf,参考答案文件对应题号,年报p38;文档核验:2024Q17逐题分析,0.5573,0.5282,difficulty:准确摘录或统计表补录; discrimination:准确摘录或统计表补录,已摘录,已摘录,resolved_with_unavailable_or_unextracted_fields
QI-C003-0192,year_report_observation,YRO-C003-2024-18,year_report_metric_review_required,已文档核验2024Q18: 原卷真题p7; 答案2024广州中考（解析版）.pdf; 年报p13; 难度/区分度已摘录或补录; 错误/建议已摘录或确认缺项,low,已关闭；后续 active 前由 C002S 复核,resolved,true,QPHY-C003-2024-18,2024广州中考.pdf,真题p7,2024广州中考（解析版）.pdf,参考答案文件对应题号,年报p13;文档核验:2024Q18逐题分析,0.4094,0.625,difficulty:准确摘录或统计表补录; discrimination:准确摘录或统计表补录,已摘录,已摘录,resolved_complete
QI-C003-0193,year_report_observation,YRO-C003-2025-01,year_report_discrimination_review_required,已文档核验2025Q01: 原卷真题p1; 答案2025广州中考（解析版）.pdf; 年报p7; 难度/区分度含确认缺项; 错误/建议已摘录或确认缺项,low,已关闭；后续 active 前由 C002S 复核,resolved,true,QPHY-C003-2025-01,2025广州中考.pdf,真题p1,2025广州中考（解析版）.pdf,参考答案文件对应题号,年报p7;文档核验:2025Q01逐题分析,0.9388,,difficulty:准确摘录或统计表补录; discrimination:年报对应页/统计表未提供或未能可靠提取，已作为缺项确认,已确认未检索到明确摘录,已摘录,resolved_with_unavailable_or_unextracted_fields
QI-C003-0194,year_report_observation,YRO-C003-2025-02,year_report_human_confirmation_required,已文档核验2025Q02: 原卷真题p1; 答案2025广州中考（解析版）.pdf; 年报p7; 难度/区分度含确认缺项; 错误/建议已摘录或确认缺项,low,已关闭；后续 active 前由 C002S 复核,resolved,true,QPHY-C003-2025-02,2025广州中考.pdf,真题p1,2025广州中考（解析版）.pdf,参考答案文件对应题号,年报p7;文档核验:2025Q02逐题分析,0.86,,difficulty:准确摘录或统计表补录; discrimination:年报对应页/统计表未提供或未能可靠提取，已作为缺项确认,已确认未检索到明确摘录,已摘录,resolved_with_unavailable_or_unextracted_fields
QI-C003-0195,year_report_observation,YRO-C003-2025-03,year_report_discrimination_review_required,已文档核验2025Q03: 原卷真题p1; 答案2025广州中考（解析版）.pdf; 年报p8; 难度/区分度含确认缺项; 错误/建议已摘录或确认缺项,low,已关闭；后续 active 前由 C002S 复核,resolved,true,QPHY-C003-2025-03,2025广州中考.pdf,真题p1,2025广州中考（解析版）.pdf,参考答案文件对应题号,年报p8;文档核验:2025Q03逐题分析,0.94,,difficulty:准确摘录或统计表补录; discrimination:年报对应页/统计表未提供或未能可靠提取，已作为缺项确认,已确认未检索到明确摘录,已摘录,resolved_with_unavailable_or_unextracted_fields
QI-C003-0196,year_report_observation,YRO-C003-2025-04,year_report_discrimination_review_required,已文档核验2025Q04: 原卷真题p1; 答案2025广州中考（解析版）.pdf; 年报p8; 难度/区分度含确认缺项; 错误/建议已摘录或确认缺项,low,已关闭；后续 active 前由 C002S 复核,resolved,true,QPHY-C003-2025-04,2025广州中考.pdf,真题p1,2025广州中考（解析版）.pdf,参考答案文件对应题号,年报p8;文档核验:2025Q04逐题分析,0.9331,,difficulty:准确摘录或统计表补录; discrimination:年报对应页/统计表未提供或未能可靠提取，已作为缺项确认,已确认未检索到明确摘录,已摘录,resolved_with_unavailable_or_unextracted_fields
QI-C003-0197,year_report_observation,YRO-C003-2025-05,year_report_discrimination_review_required,已文档核验2025Q05: 原卷真题p2; 答案2025广州中考（解析版）.pdf; 年报p10; 难度/区分度含确认缺项; 错误/建议已摘录或确认缺项,low,已关闭；后续 active 前由 C002S 复核,resolved,true,QPHY-C003-2025-05,2025广州中考.pdf,真题p2,2025广州中考（解析版）.pdf,参考答案文件对应题号,年报p10;文档核验:2025Q05逐题分析,0.82,,difficulty:准确摘录或统计表补录; discrimination:年报对应页/统计表未提供或未能可靠提取，已作为缺项确认,已确认未检索到明确摘录,已摘录,resolved_with_unavailable_or_unextracted_fields
QI-C003-0198,year_report_observation,YRO-C003-2025-06,year_report_discrimination_review_required,已文档核验2025Q06: 原卷真题p2; 答案2025广州中考（解析版）.pdf; 年报p12; 难度/区分度含确认缺项; 错误/建议已摘录或确认缺项,low,已关闭；后续 active 前由 C002S 复核,resolved,true,QPHY-C003-2025-06,2025广州中考.pdf,真题p2,2025广州中考（解析版）.pdf,参考答案文件对应题号,年报p12;文档核验:2025Q06逐题分析,0.8392,,difficulty:准确摘录或统计表补录; discrimination:年报对应页/统计表未提供或未能可靠提取，已作为缺项确认,已确认未检索到明确摘录,已摘录,resolved_with_unavailable_or_unextracted_fields
QI-C003-0199,year_report_observation,YRO-C003-2025-07,year_report_discrimination_review_required,已文档核验2025Q07: 原卷真题p2; 答案2025广州中考（解析版）.pdf; 年报p13; 难度/区分度含确认缺项; 错误/建议已摘录或确认缺项,low,已关闭；后续 active 前由 C002S 复核,resolved,true,QPHY-C003-2025-07,2025广州中考.pdf,真题p2,2025广州中考（解析版）.pdf,参考答案文件对应题号,年报p13;文档核验:2025Q07逐题分析,0.7304,,difficulty:准确摘录或统计表补录; discrimination:年报对应页/统计表未提供或未能可靠提取，已作为缺项确认,已确认未检索到明确摘录,已摘录,resolved_with_unavailable_or_unextracted_fields
QI-C003-0200,year_report_observation,YRO-C003-2025-08,year_report_discrimination_review_required,已文档核验2025Q08: 原卷真题p1; 答案2025广州中考（解析版）.pdf; 年报p14; 难度/区分度含确认缺项; 错误/建议已摘录或确认缺项,low,已关闭；后续 active 前由 C002S 复核,resolved,true,QPHY-C003-2025-08,2025广州中考.pdf,真题p1,2025广州中考（解析版）.pdf,参考答案文件对应题号,年报p14;文档核验:2025Q08逐题分析,0.82,,difficulty:准确摘录或统计表补录; discrimination:年报对应页/统计表未提供或未能可靠提取，已作为缺项确认,已确认未检索到明确摘录,已摘录,resolved_with_unavailable_or_unextracted_fields
QI-C003-0201,year_report_observation,YRO-C003-2025-09,year_report_metric_review_required,已文档核验2025Q09: 原卷真题p3; 答案2025广州中考（解析版）.pdf; 年报p15; 难度/区分度含确认缺项; 错误/建议已摘录或确认缺项,low,已关闭；后续 active 前由 C002S 复核,resolved,true,QPHY-C003-2025-09,2025广州中考.pdf,真题p3,2025广州中考（解析版）.pdf,参考答案文件对应题号,年报p15;文档核验:2025Q09逐题分析,0.4789,,difficulty:准确摘录或统计表补录; discrimination:年报对应页/统计表未提供或未能可靠提取，已作为缺项确认,已确认未检索到明确摘录,已摘录,resolved_with_unavailable_or_unextracted_fields
QI-C003-0202,year_report_observation,YRO-C003-2025-10,year_report_discrimination_review_required,已文档核验2025Q10: 原卷真题p3; 答案2025广州中考（解析版）.pdf; 年报p17; 难度/区分度含确认缺项; 错误/建议已摘录或确认缺项,low,已关闭；后续 active 前由 C002S 复核,resolved,true,QPHY-C003-2025-10,2025广州中考.pdf,真题p3,2025广州中考（解析版）.pdf,参考答案文件对应题号,年报p17;文档核验:2025Q10逐题分析,0.4583,,difficulty:准确摘录或统计表补录; discrimination:年报对应页/统计表未提供或未能可靠提取，已作为缺项确认,已摘录,已摘录,resolved_with_unavailable_or_unextracted_fields
QI-C003-0203,year_report_observation,YRO-C003-2025-11,year_report_discrimination_review_required,已文档核验2025Q11: 原卷真题p4; 答案2025广州中考（解析版）.pdf; 年报p17; 难度/区分度含确认缺项; 错误/建议已摘录或确认缺项,low,已关闭；后续 active 前由 C002S 复核,resolved,true,QPHY-C003-2025-11,2025广州中考.pdf,真题p4,2025广州中考（解析版）.pdf,参考答案文件对应题号,年报p17;文档核验:2025Q11逐题分析,,,difficulty:年报对应页/统计表未提供或未能可靠提取，已作为缺项确认; discrimination:年报对应页/统计表未提供或未能可靠提取，已作为缺项确认,已摘录,已摘录,resolved_with_unavailable_or_unextracted_fields
QI-C003-0204,year_report_observation,YRO-C003-2025-12,year_report_metric_review_required,已文档核验2025Q12: 原卷真题p4; 答案2025广州中考（解析版）.pdf; 年报p19; 难度/区分度含确认缺项; 错误/建议已摘录或确认缺项,low,已关闭；后续 active 前由 C002S 复核,resolved,true,QPHY-C003-2025-12,2025广州中考.pdf,真题p4,2025广州中考（解析版）.pdf,参考答案文件对应题号,年报p19;文档核验:2025Q12逐题分析,,,difficulty:年报对应页/统计表未提供或未能可靠提取，已作为缺项确认; discrimination:年报对应页/统计表未提供或未能可靠提取，已作为缺项确认,已摘录,已摘录,resolved_with_unavailable_or_unextracted_fields
QI-C003-0205,year_report_observation,YRO-C003-2025-13,year_report_discrimination_review_required,已文档核验2025Q13: 原卷真题p5; 答案2025广州中考（解析版）.pdf; 年报p22; 难度/区分度含确认缺项; 错误/建议已摘录或确认缺项,low,已关闭；后续 active 前由 C002S 复核,resolved,true,QPHY-C003-2025-13,2025广州中考.pdf,真题p5,2025广州中考（解析版）.pdf,参考答案文件对应题号,年报p22;文档核验:2025Q13逐题分析,1,,difficulty:准确摘录或统计表补录; discrimination:年报对应页/统计表未提供或未能可靠提取，已作为缺项确认,已摘录,已摘录,resolved_with_unavailable_or_unextracted_fields
QI-C003-0206,year_report_observation,YRO-C003-2025-14,year_report_discrimination_review_required,已文档核验2025Q14: 原卷真题p5; 答案2025广州中考（解析版）.pdf; 年报p24; 难度/区分度含确认缺项; 错误/建议已摘录或确认缺项,low,已关闭；后续 active 前由 C002S 复核,resolved,true,QPHY-C003-2025-14,2025广州中考.pdf,真题p5,2025广州中考（解析版）.pdf,参考答案文件对应题号,年报p24;文档核验:2025Q14逐题分析,,,difficulty:年报对应页/统计表未提供或未能可靠提取，已作为缺项确认; discrimination:年报对应页/统计表未提供或未能可靠提取，已作为缺项确认,已摘录,已摘录,resolved_with_unavailable_or_unextracted_fields
QI-C003-0207,year_report_observation,YRO-C003-2025-15,year_report_metric_review_required,已文档核验2025Q15: 原卷真题p5; 答案2025广州中考（解析版）.pdf; 年报p27; 难度/区分度含确认缺项; 错误/建议已摘录或确认缺项,low,已关闭；后续 active 前由 C002S 复核,resolved,true,QPHY-C003-2025-15,2025广州中考.pdf,真题p5,2025广州中考（解析版）.pdf,参考答案文件对应题号,年报p27;文档核验:2025Q15逐题分析,0.7656,,difficulty:准确摘录或统计表补录; discrimination:年报对应页/统计表未提供或未能可靠提取，已作为缺项确认,已摘录,已摘录,resolved_with_unavailable_or_unextracted_fields
QI-C003-0208,year_report_observation,YRO-C003-2025-16,year_report_discrimination_review_required,已文档核验2025Q16: 原卷真题p6; 答案2025广州中考（解析版）.pdf; 年报p29; 难度/区分度含确认缺项; 错误/建议已摘录或确认缺项,low,已关闭；后续 active 前由 C002S 复核,resolved,true,QPHY-C003-2025-16,2025广州中考.pdf,真题p6,2025广州中考（解析版）.pdf,参考答案文件对应题号,年报p29;文档核验:2025Q16逐题分析,1,,difficulty:准确摘录或统计表补录; discrimination:年报对应页/统计表未提供或未能可靠提取，已作为缺项确认,已摘录,已摘录,resolved_with_unavailable_or_unextracted_fields
QI-C003-0209,year_report_observation,YRO-C003-2025-17,year_report_metric_review_required,已文档核验2025Q17: 原卷真题p6; 答案2025广州中考（解析版）.pdf; 年报p31; 难度/区分度含确认缺项; 错误/建议已摘录或确认缺项,low,已关闭；后续 active 前由 C002S 复核,resolved,true,QPHY-C003-2025-17,2025广州中考.pdf,真题p6,2025广州中考（解析版）.pdf,参考答案文件对应题号,年报p31;文档核验:2025Q17逐题分析,,,difficulty:年报对应页/统计表未提供或未能可靠提取，已作为缺项确认; discrimination:年报对应页/统计表未提供或未能可靠提取，已作为缺项确认,已摘录,已摘录,resolved_with_unavailable_or_unextracted_fields
QI-C003-0210,year_report_observation,YRO-C003-2025-18,year_report_metric_review_required,已文档核验2025Q18: 原卷真题p7; 答案2025广州中考（解析版）.pdf; 年报p37; 难度/区分度含确认缺项; 错误/建议已摘录或确认缺项,low,已关闭；后续 active 前由 C002S 复核,resolved,true,QPHY-C003-2025-18,2025广州中考.pdf,真题p7,2025广州中考（解析版）.pdf,参考答案文件对应题号,年报p37;文档核验:2025Q18逐题分析,,,difficulty:年报对应页/统计表未提供或未能可靠提取，已作为缺项确认; discrimination:年报对应页/统计表未提供或未能可靠提取，已作为缺项确认,已确认未检索到明确摘录,已摘录,resolved_with_unavailable_or_unextracted_fields
