"id","phase","wave","category","task","priority","status","depends_on","acceptance","verification","likely_touched","evidence","rollback"
"NS001","NS0","W0","状态重基线","建立非现场能力状态字典","高","runtime_verified","","定义 planned contract_only repo_landed runtime_verified non_site_validated blocked_by_onsite 并写入路线图","tools/run-ns0-ns2-runtime-closure.ps1 + rg 状态字典 + 文档评审","docs/101_NonSiteCapabilityImplementationRoadmap.md","docs/evidence/20260531-ns0-ns2-runtime-closure.json","git restore tasks/non-site-implementation-plan.csv tools/README.md; git clean -f -- tools/run-ns0-ns2-runtime-closure.ps1 docs/evidence/20260531-ns0-ns2-runtime-closure.json docs/evidence/20260531-ns103-api-snapshot.md"
"NS002","NS0","W0","状态重基线","盘点旧 S0/REAL/P0-live 完成态与真实证据","高","runtime_verified","NS001","每个模块都能映射到新状态且标出证据缺口","tools/run-ns0-ns2-runtime-closure.ps1 + tasks/completion-state-dashboard.csv 读取","tasks/completion-state-dashboard.csv docs/evidence tasks/backlog.csv","docs/evidence/20260531-ns0-ns2-runtime-closure.json","git restore tasks/non-site-implementation-plan.csv tools/README.md; git clean -f -- tools/run-ns0-ns2-runtime-closure.ps1 docs/evidence/20260531-ns0-ns2-runtime-closure.json docs/evidence/20260531-ns103-api-snapshot.md"
"NS003","NS0","W0","状态重基线","建立模块归宿表","高","runtime_verified","NS002","列出 API Web worker tools tests docs evidence 的模块归宿和 owner 边界","tools/run-ns0-ns2-runtime-closure.ps1 + rg --files + module inventory","apps docs workers tools tests","docs/evidence/20260531-ns0-ns2-runtime-closure.json","git restore tasks/non-site-implementation-plan.csv tools/README.md; git clean -f -- tools/run-ns0-ns2-runtime-closure.ps1 docs/evidence/20260531-ns0-ns2-runtime-closure.json docs/evidence/20260531-ns103-api-snapshot.md"
"NS004","NS0","W0","门禁","让完成态更新必须引用 runtime 证据","高","runtime_verified","NS002","没有 runtime 或 E2E 证据时任务不能从 contract_only 直接跳到 non_site_validated","tools/run-ns0-ns2-runtime-closure.ps1 + tools/run-non-site-implementation-plan-guard.ps1","tools tasks docs","docs/evidence/20260531-ns0-ns2-runtime-closure.json","git restore tasks/non-site-implementation-plan.csv tools/README.md; git clean -f -- tools/run-ns0-ns2-runtime-closure.ps1 docs/evidence/20260531-ns0-ns2-runtime-closure.json docs/evidence/20260531-ns103-api-snapshot.md"
"NS005","NS0","W0","数据边界","定义授权/脱敏材料 fixture 政策","高","runtime_verified","NS001","明确真实资料 脱敏资料 synthetic fixture 的用途和禁止边界","tools/run-ns0-ns2-runtime-closure.ps1 + privacy/source policy check","docs/102_NonSiteFixturePrivacyPolicy.md tests/golden-import sources/raw","docs/evidence/20260531-ns0-ns2-runtime-closure.json","git restore tasks/non-site-implementation-plan.csv tools/README.md; git clean -f -- tools/run-ns0-ns2-runtime-closure.ps1 docs/evidence/20260531-ns0-ns2-runtime-closure.json docs/evidence/20260531-ns103-api-snapshot.md"
"NS101","NS1","W1","运行底座","刷新本机 runtime profile","高","runtime_verified","NS005","记录 dotnet node python postgres worker profile 和数据目录配置","tools/run-ns101-runtime-profile.ps1 + host/worker diagnostic","tools/run-ns101-runtime-profile.ps1 docs/evidence configs","docs/evidence/20260528-ns101-runtime-profile.json","git restore tools/run-ns101-runtime-profile.ps1 tasks/non-site-implementation-plan.csv; git clean -f -- docs/evidence/20260528-ns101-runtime-profile.json docs/evidence/20260528-ns101-host-capability-diagnostic-report.json docs/evidence/20260528-ns101-worker-profile-diagnostic-report.json"
"NS102","NS1","W1","数据库","核验 EF migration 与当前数据库一致性","高","runtime_verified","NS101","migration 列表 数据库 schema 与模型一致 且不含真实学生数据 fixture","tools/run-ns102-migration-baseline.ps1","apps/api/Data/Migrations apps/api/Data/KqgDbContext.cs tools","docs/evidence/20260528-ns102-migration-baseline.json","git restore tools/run-ns102-migration-baseline.ps1 tasks/non-site-implementation-plan.csv; git clean -f -- docs/evidence/20260528-ns102-migration-baseline.json"
"NS103","NS1","W1","API 合同","生成或刷新 OpenAPI/typed API snapshot","中","runtime_verified","NS101","核心教师工作流 API 有稳定 DTO 错误码 状态字段和兼容说明","tools/run-ns0-ns2-runtime-closure.ps1 + tools/run-ns103-api-snapshot.ps1","apps/api/Program.cs apps/web/src/api/contracts.ts apps/web/src/api/client.ts tools","docs/evidence/20260531-ns0-ns2-runtime-closure.json","git restore tasks/non-site-implementation-plan.csv tools/README.md; git clean -f -- tools/run-ns0-ns2-runtime-closure.ps1 docs/evidence/20260531-ns0-ns2-runtime-closure.json docs/evidence/20260531-ns103-api-snapshot.md"
"NS104","NS1","W1","架构","收束 application service 边界","高","runtime_verified","NS103","endpoint 只做协议转换 导入/审核/组卷/成绩编排进入 service；本轮先守住非现场核心写链路 service-backed 并登记遗留厚端点债务","tools/run-ns104-application-service-boundary.ps1","apps/api tests tools","docs/evidence/20260529-ns104-application-service-boundary-report.json","git restore tasks/non-site-implementation-plan.csv tools/run-gates.ps1; git clean -f -- tools/run-ns104-application-service-boundary.ps1 docs/evidence/20260529-ns104-application-service-boundary-report.json"
"NS105","NS1","W1","前端","建立教师四入口 route 与 typed client 边界","高","runtime_verified","NS103","教师入口不直接依赖静态样例 通过 typed client 处理 loading empty error rollback","tools/run-ns105-teacher-route-client-boundary.ps1","apps/web apps/api tools","docs/evidence/20260529-ns105-teacher-route-client-boundary-report.json","git restore tasks/non-site-implementation-plan.csv tools/run-gates.ps1; git clean -f -- tools/run-ns105-teacher-route-client-boundary.ps1 docs/evidence/20260529-ns105-teacher-route-client-boundary-report.json"
"NS106","NS1","W1","配置","建立非现场功能 feature/profile 开关","中","runtime_verified","NS104","AI 外部调用 真实数据 active switch 云端 OCR 本地模型默认关闭且有显式 profile","tools/run-ns106-feature-profile-guard.ps1","configs apps/api tools","docs/evidence/20260529-ns106-feature-profile-guard-report.json","git restore tasks/non-site-implementation-plan.csv tools/run-gates.ps1; git clean -f -- tools/run-ns106-feature-profile-guard.ps1 docs/evidence/20260529-ns106-feature-profile-guard-report.json"
"NS201","NS2","W2","权限审计","角色权限与高风险动作 audit 基线","高","runtime_verified","NS104","teacher group_lead admin 权限分离 高风险动作写 audit 普通教师看不到后台入口","tools/run-ns201-role-audit-baseline.ps1","apps/api apps/web tools","docs/evidence/20260529-ns201-role-audit-baseline-report.json","git restore tasks/non-site-implementation-plan.csv tools/run-gates.ps1; git clean -f -- tools/run-ns201-role-audit-baseline.ps1 docs/evidence/20260529-ns201-role-audit-baseline-report.json"
"NS202","NS2","W2","安全","admin/internal fail closed 复核","高","runtime_verified","NS201","未配置或无凭据时 admin/internal 接口 fail closed 开发放行必须显式配置；Production 缺配置 503 缺 key 401 错 key 403 缺 role/operator 401 teacher 越权 403","tools/run-ns202-admin-internal-fail-closed.ps1","apps/api tools tests","docs/evidence/20260529-ns202-admin-internal-fail-closed-report.json","git restore tasks/non-site-implementation-plan.csv tools/run-gates.ps1; git clean -f -- tools/run-ns202-admin-internal-fail-closed.ps1 docs/evidence/20260529-ns202-admin-internal-fail-closed-report.json"
"NS203","NS2","W2","隐私版权","PII 与来源授权扫描","高","runtime_verified","NS005","repo fixture evidence prompt 中无真实学生 PII 密码 API key 或版权敏感原文；tracked text 扫描 723 文件 PII 值 0 阻断密钥 0 raw staging 为空且被 ignore","tools/run-ns203-privacy-license-scan.ps1","docs tests prompts sources tools","docs/evidence/20260529-ns203-privacy-license-scan-report.json","git restore tasks/non-site-implementation-plan.csv tools/run-gates.ps1; git clean -f -- tools/run-ns203-privacy-license-scan.ps1 docs/evidence/20260529-ns203-privacy-license-scan-report.json"
"NS204","NS2","W2","生产守卫","no-active-write 守卫","高","runtime_verified","NS106","AI 候选 导入候选 动态资产修订默认 pending_review/candidate 不直接 active；成绩分析和端到端演练不写生产历史且 REAL005 保持 not_closed","tools/run-ns204-no-active-write-guard.ps1","apps/api tools tests docs/evidence","docs/evidence/20260529-ns204-no-active-write-guard-report.json","git restore tasks/non-site-implementation-plan.csv tools/run-gates.ps1; git clean -f -- tools/run-ns204-no-active-write-guard.ps1 docs/evidence/20260529-ns204-no-active-write-guard-report.json"
"NS301","NS3","W3","来源资料","文件上传和 SourceDocument 证据层","高","runtime_verified","NS203","授权或脱敏文件上传后保存 hash path sourceType license piiBoundary 和 FileAsset 引用","tools/run-ns301-source-document-smoke.ps1","apps/api apps/web tools tests","docs/evidence/20260530-ns301-source-document-smoke-report.json","本脚本删除测试 SourceDocument/FileAsset 行和上传文件；中断时按报告 id 删除或 restore DB/FileStore snapshot"
"NS302","NS3","W3","文件仓库","hash 去重与大文件路径保护","高","runtime_verified","NS301","重复文件不复制 大文件不入库 数据库只存 metadata/path/hash/status","tools/run-ns302-file-dedupe.ps1","apps/api tests tools","docs/evidence/20260530-ns302-file-dedupe-report.json","本脚本删除测试 SourceDocument/FileAsset 行和上传文件；中断时按报告 material_batch_key 删除或 restore DB/FileStore snapshot"
"NS303","NS3","W3","Worker","worker profile diagnostic","高","runtime_verified","NS101","direct_venv_lite uv_venv_lite conda_paddle_cpu wsl_or_docker_heavy 诊断可复跑","tools/run-worker-profile-diagnostic-contract.ps1 -Report docs/evidence/20260530-ns303-worker-profile.json","workers tools configs","docs/evidence/20260530-ns303-worker-profile.json","移除 draft profile 或恢复配置"
"NS304","NS3","W3","解析","DOCX/OpenXML/OMML adapter 落地","高","runtime_verified","NS303","docx 文本 公式 表格 图片输出 DocumentModel 且 OMML 为第一真源","tools/run-ns304-docx-adapter.ps1","workers/document tests tools","docs/evidence/20260530-ns304-docx-adapter-report.json","git restore tasks/non-site-implementation-plan.csv tools/run-gates.ps1; git clean -f -- tools/run-ns304-docx-adapter.ps1 docs/evidence/20260530-ns304-docx-adapter-report.json"
"NS305","NS3","W3","解析","PDF text/layout adapter 落地","高","runtime_verified","NS303","文本 PDF 输出页 块 坐标 来源 hash 和 adapter diagnostics","tools/run-ns305-pdf-text-adapter.ps1","workers/document tests tools","docs/evidence/20260530-ns305-pdf-text-adapter-report.json","git restore tasks/non-site-implementation-plan.csv tools/run-gates.ps1; git clean -f -- tools/run-ns305-pdf-text-adapter.ps1 docs/evidence/20260530-ns305-pdf-text-adapter-report.json"
"NS306","NS3","W3","解析","扫描件 OCR adapter 落地","高","runtime_verified","NS303","扫描图片/PDF 输出 OCR 文本 置信度 bbox 失败原因和人工接管标记","tools/run-ns306-scan-ocr-adapter.ps1","workers/document tests tools","docs/evidence/20260530-ns306-scan-ocr-adapter-report.json","git restore tasks/non-site-implementation-plan.csv tools/run-gates.ps1; git clean -f -- tools/run-ns306-scan-ocr-adapter.ps1 docs/evidence/20260530-ns306-scan-ocr-adapter-report.json"
"NS307","NS3","W3","来源定位","SourceRegion 截图路径不变量","高","runtime_verified","NS305;NS306","重跑导入/审核后每题来源截图路径可访问 缺图明确报错","tools/run-ns307-source-region-screenshot.ps1","apps/api tools tests","docs/evidence/20260530-ns307-source-region-screenshot-report.json","S006C 写入 draft/test 行；需要干净状态时按报告 question/source id 删除或 restore DB/FileStore snapshot"
"NS308","NS3","W3","质量报告","解析质量报告","高","runtime_verified","NS304;NS305;NS306;NS307","每份材料输出题数 答案覆盖 题图 表格 公式 待人工项 噪声和回滚 SQL","tools/run-ns308-import-quality-report.ps1","apps/api tools docs","docs/evidence/20260530-ns308-import-quality-report.json","git restore tasks/non-site-implementation-plan.csv tools/run-gates.ps1; git clean -f -- tools/run-ns308-import-quality-report.ps1 docs/evidence/20260530-ns308-import-quality-report.json docs/evidence/20260530-ns308-real012-quality-source-report.json"
"NS401","NS4","W4","切题","切题候选服务","高","runtime_verified","NS308","生成 cut candidates questionNo confidence sourceRegion failureReason takeoverRequired","tools/run-ns401-cut-candidate.ps1","apps/api workers/document tools tests","docs/evidence/20260530-ns401-cut-candidate-report.json","本脚本删除测试 SourceDocument/SourceRegion/CutCandidate/ReviewQueue/FileAsset 行和上传文件；中断时按报告 sourceDocumentId 删除或 restore DB/FileStore snapshot"
"NS402","NS4","W4","审核","ReviewQueue API","高","runtime_verified","NS401","可筛选 待审 确认 退回 修订 并保留 audit","tools/run-ns402-review-queue-api.ps1","apps/api tools tests","docs/evidence/20260530-ns402-review-queue-api-report.json","本脚本删除测试 review_queue_items；中断时按报告 runId 删除或 restore DB snapshot"
"NS403","NS4","W4","审核 UI","人工确认与接管工作台","高","runtime_verified","NS402","教师可合并 拆分 跳过 重跑 关联题图 撤销 保存 不暴露后台术语","tools/run-ns403-review-workbench-ui.ps1","apps/web apps/api tools","docs/evidence/20260530-ns403-review-workbench-ui-report.json","git restore tasks/non-site-implementation-plan.csv tools/run-gates.ps1; git clean -f -- tools/run-ns403-review-workbench-ui.ps1 docs/evidence/20260530-ns403-review-workbench-ui-report.json"
"NS404","NS4","W4","题图","QuestionAsset 关联解除重裁","高","runtime_verified","NS403","题图来自真实 QuestionAsset 可关联 解除关联 重裁 并写 audit","tools/run-ns404-question-asset.ps1","apps/api apps/web tools tests","docs/evidence/20260530-ns404-question-asset-report.json","git restore tasks/non-site-implementation-plan.csv tools/run-gates.ps1; git clean -f -- tools/run-ns404-question-asset.ps1 docs/evidence/20260530-ns404-question-asset-report.json docs/evidence/20260530-ns404-real008-source-report.json"
"NS405","NS4","W4","结构化题块","表格与公式 QuestionBlock","高","runtime_verified","NS403","表格保存结构化 JSON 公式保存 OMML/LaTeX/MathML 派生 低置信度进审核","tools/run-ns405-table-formula-blocks.ps1","apps/api workers/document tools tests","docs/evidence/20260530-ns405-table-formula-blocks-report.json","git restore tasks/non-site-implementation-plan.csv tools/run-gates.ps1; git clean -f -- tools/run-ns405-table-formula-blocks.ps1 docs/evidence/20260530-ns405-table-formula-blocks-report.json docs/evidence/20260530-ns405-real009-table-source-report.json docs/evidence/20260530-ns405-real010-formula-source-report.json"
"NS406","NS4","W4","编辑审计","题目编辑 重裁 合并 拆分 audit","高","runtime_verified","NS404;NS405","题干 答案 解析 标签 bbox block 关联可编辑且每次修改有 audit","tools/run-ns406-question-edit-audit.ps1","apps/api apps/web tools tests","docs/evidence/20260530-ns406-question-edit-audit-report.json","git restore tasks/non-site-implementation-plan.csv tools/run-gates.ps1; git clean -f -- tools/run-ns406-question-edit-audit.ps1 docs/evidence/20260530-ns406-question-edit-audit-report.json docs/evidence/20260530-ns406-real011-source-report.json"
"NS501","NS5","W5","知识资产","C002 active 引用边界复核","高","runtime_verified","NS204;NS406","检索 组卷 学情默认引用 active C002 但修订必须走 candidate/review/rollback","tools/run-ns501-c002-active-boundary.ps1","apps/api tools docs","docs/evidence/20260530-ns501-c002-active-boundary.json","git restore tasks/non-site-implementation-plan.csv tools/run-gates.ps1; git clean -f -- tools/run-ns501-c002-active-boundary.ps1 docs/evidence/20260530-ns501-c002-active-boundary.json docs/evidence/20260530-ns501-k001-source-report.json"
"NS502","NS5","W5","AI schema","AI 候选输出 schema 与 eval","高","runtime_verified","NS501","知识点 题型 难度 答案校验和讲评草稿只输出 candidate/pending_review","tools/run-ns502-ai-schema-eval.ps1","schemas apps/api tools tests","docs/evidence/20260530-ns502-ai-schema-eval-report.json","git restore tasks/non-site-implementation-plan.csv tools/run-gates.ps1; git clean -f -- tools/run-ns502-ai-schema-eval.ps1 docs/evidence/20260530-ns502-ai-schema-eval-report.json docs/evidence/20260530-ns502-c002o-candidate-extraction-eval-report.json docs/evidence/20260530-ns502-c002q-ai-extract-dry-run-report.json"
"NS503","NS5","W5","AI routing","ModelRouter 预算 成本 缓存","高","runtime_verified","NS502","记录 model reasoning token cost cache input hash output hash 且超预算 fail closed","tools/run-ns503-model-router-budget.ps1","apps/api configs tools","docs/evidence/20260530-ns503-model-router-budget-report.json","git restore tasks/non-site-implementation-plan.csv tools/run-gates.ps1; git clean -f -- tools/run-ns503-model-router-budget.ps1 docs/evidence/20260530-ns503-model-router-budget-report.json docs/evidence/20260530-ns503-d002-ai-job-cost-source-report.json"
"NS504","NS5","W5","AI 审核","AI 标注建议审核队列","高","runtime_verified","NS503","AI 只生成候选知识点 题型 难度 答案校验 教师确认后才写入题目","tools/run-ns504-ai-suggestion-review.ps1","apps/api apps/web tools","docs/evidence/20260530-ns504-ai-suggestion-review-report.json","git restore tasks/non-site-implementation-plan.csv tools/run-gates.ps1 tools/run-s007b-db-backed-suggestion-queue-smoke.ps1 tools/run-s007c-teacher-confirm-writeback-smoke.ps1; git clean -f -- tools/run-ns504-ai-suggestion-review.ps1 docs/evidence/20260530-ns504-ai-suggestion-review-report.json docs/evidence/20260530-ns504-s007b-source-report.json docs/evidence/20260530-ns504-s007c-source-report.json"
"NS505","NS5","W5","反馈评测","教师修改反馈与 eval 回流","中","runtime_verified","NS504","教师修改生成 FeedbackEvent 并可用于后续 eval 不自动改 prompt 生产版本","tools/run-ns505-feedback-eval-loop.ps1","apps/api tools tests","docs/evidence/20260530-ns505-feedback-eval-loop-report.json","dotnet ef database update 20260507152001_AddPaperBlueprintReviewForS009B --project apps/api/K12QuestionGraph.Api.csproj --startup-project apps/api/K12QuestionGraph.Api.csproj --configuration Release --no-build; git restore apps/api/Domain/P0Entities.cs apps/api/Data/KqgDbContext.cs apps/api/Data/Migrations/KqgDbContextModelSnapshot.cs apps/api/Program.cs tasks/non-site-implementation-plan.csv tools/run-gates.ps1; git clean -f -- apps/api/Data/Migrations/20260530044956_AddFeedbackEventsForNS505.cs apps/api/Data/Migrations/20260530044956_AddFeedbackEventsForNS505.Designer.cs tools/run-ns505-feedback-eval-loop.ps1 docs/evidence/20260530-ns505-feedback-eval-loop-report.json"
"NS601","NS6","W6","题库检索","生产题库检索 API","高","runtime_verified","NS501","按知识点 题型 难度 来源 题图 表格 公式 状态筛选 返回题卡摘要和版本引用","tools/run-ns601-question-search-api.ps1","apps/api tools tests","docs/evidence/20260530-ns601-question-search-api-report.json","delete from review_queue_items where payload->>'questionItemId' in ('00401320-093f-45eb-b946-a656d3b92124','861c0a32-d4a8-441e-a0fa-af53e62e581d'); delete from question_assets where question_item_id in ('00401320-093f-45eb-b946-a656d3b92124','861c0a32-d4a8-441e-a0fa-af53e62e581d'); delete from question_blocks where question_item_id in ('00401320-093f-45eb-b946-a656d3b92124','861c0a32-d4a8-441e-a0fa-af53e62e581d'); delete from question_items where id in ('00401320-093f-45eb-b946-a656d3b92124','861c0a32-d4a8-441e-a0fa-af53e62e581d'); delete from source_regions where source_document_id = '317dd0c3-e945-4ad1-9ec2-73c86fdd672c'; delete from source_documents where id = '317dd0c3-e945-4ad1-9ec2-73c86fdd672c'; delete from file_assets where id = 'e0806ac3-5dc1-4e2d-ab3a-28b88b82ad3c'; git restore apps/api/Program.cs tasks/non-site-implementation-plan.csv tools/run-gates.ps1; git clean -f -- tools/run-ns601-question-search-api.ps1 docs/evidence/20260530-ns601-question-search-api-report.json"
"NS602","NS6","W6","题卡 UI","题库题卡产品化","高","runtime_verified","NS601","题卡显示来源 版本 题图/公式/表格 授权边界和空/错/加载状态","tools/run-ns602-question-card-ui.ps1","apps/web apps/api tools","docs/evidence/20260530-ns602-question-card-ui-report.json","git restore apps/api/Program.cs apps/web/src/App.tsx apps/web/src/api/contracts.ts tasks/non-site-implementation-plan.csv tools/run-gates.ps1; git clean -f -- tools/run-ns602-question-card-ui.ps1 docs/evidence/20260530-ns602-question-card-ui-report.json"
"NS603","NS6","W6","题篮","题篮与试卷草稿持久化","高","runtime_verified","NS602","题篮 试卷结构 版本引用 可保存 可复现 可回滚","tools/run-ns603-paper-basket.ps1","apps/api apps/web tools tests","docs/evidence/20260530-ns603-paper-basket-report.json","delete paper_basket_items/paper_baskets/paper_blueprint_reviews ids recorded in docs/evidence/20260530-ns603-paper-basket-report.json; git restore tasks/non-site-implementation-plan.csv tools/run-gates.ps1; git clean -f -- tools/run-ns603-paper-basket.ps1 docs/evidence/20260530-ns603-paper-basket-report.json docs/evidence/20260530-ns603-s009a-source-report.json docs/evidence/20260530-ns603-s009b-source-report.json docs/evidence/20260530-ns603-s009c-source-report.json"
"NS604","NS6","W6","组卷","自然语言组卷理解","高","runtime_verified","NS603","教师输入需求后展示系统理解 细目表 待确认项 不直接生成不可审校成品","tools/run-ns604-paper-request-understanding.ps1","apps/api apps/web tools","docs/evidence/20260530-ns604-paper-request-understanding-report.json","delete paper_blueprint_reviews id recorded in docs/evidence/20260530-ns604-paper-request-understanding-report.json; git restore tasks/non-site-implementation-plan.csv tools/run-gates.ps1; git clean -f -- tools/run-ns604-paper-request-understanding.ps1 docs/evidence/20260530-ns604-paper-request-understanding-report.json"
"NS605","NS6","W6","换题","一键换题与撤销","高","runtime_verified","NS604","换题保持知识点 题型 难度 分值 当前卷不重复 并提供 undo snapshot","tools/run-ns605-replace-undo.ps1","apps/api apps/web tools tests","docs/evidence/20260530-ns605-replace-undo-report.json","git restore tasks/non-site-implementation-plan.csv tools/run-gates.ps1; git clean -f -- tools/run-ns605-replace-undo.ps1 docs/evidence/20260530-ns605-replace-undo-report.json"
"NS606","NS6","W6","导出","导出前审校","高","runtime_verified","NS605","学生版 教师版 答案版导出前可审校 授权风险和缺资产阻断清楚","tools/run-ns606-export-preflight.ps1","apps/api apps/web tools","docs/evidence/20260530-ns606-export-preflight-report.json","delete synthetic S010A rows recorded in docs/evidence/20260530-ns606-s010a-source-report.json if needed; git restore tasks/non-site-implementation-plan.csv tools/run-gates.ps1; git clean -f -- tools/run-ns606-export-preflight.ps1 docs/evidence/20260530-ns606-export-preflight-report.json docs/evidence/20260530-ns606-s010a-source-report.json"
"NS607","NS6","W6","导出","Word/PDF artifact regression","高","runtime_verified","NS606","DOCX/PDF 生成 manifest 校验公式 题图 表格 PDF header/EOF 和授权说明","tools/run-ns607-export-artifacts.ps1","apps/api tools tests/golden-export","docs/evidence/20260530-ns607-export-artifacts-report.json","delete tmp/ns607-paper-artifacts and docs/evidence/20260530-ns607-s010b-source-report.json if needed; git restore tasks/non-site-implementation-plan.csv tools/run-gates.ps1; git clean -f -- tools/run-ns607-export-artifacts.ps1 docs/evidence/20260530-ns607-export-artifacts-report.json"
"NS701","NS7","W7","成绩导入","Excel 模板字段映射","高","runtime_verified","NS607;NS203","Excel 模板可预览 字段映射保存复用 异常行集中提示","tools/run-ns701-score-template-mapping.ps1","apps/api apps/web tools tests","docs/evidence/20260530-ns701-score-template-mapping-report.json","delete score import rows recorded in docs/evidence/20260530-ns701-s011a-source-report.json if needed; git restore tasks/non-site-implementation-plan.csv tools/run-gates.ps1; git clean -fd -- tools/run-ns701-score-template-mapping.ps1 docs/evidence/20260530-ns701-score-template-mapping-report.json docs/evidence/20260530-ns701-f002-source-report.json docs/evidence/20260530-ns701-s011a-source-report.json tmp/ns701-score-import"
"NS702","NS7","W7","小题分","小题分映射 UI/API","高","runtime_verified","NS701","题号 小题 分值 知识点映射可确认 失败项不静默丢弃","tools/run-ns702-item-score-mapping.ps1","apps/api apps/web tools","docs/evidence/20260530-ns702-item-score-mapping-report.json","delete synthetic S011B rows recorded in docs/evidence/20260530-ns702-s011b-source-report.json if needed; git restore tasks/non-site-implementation-plan.csv tools/run-gates.ps1; git clean -f -- tools/run-ns702-item-score-mapping.ps1 docs/evidence/20260530-ns702-item-score-mapping-report.json docs/evidence/20260530-ns702-s011b-source-report.json"
"NS703","NS7","W7","学情指标","得分率 区分度 知识点掌握","高","runtime_verified","NS702;NS501","分析指标可复算 可解释 不写正式历史口径直到隐私准入完成","tools/run-ns703-analysis-metrics.ps1","apps/api tools tests","docs/evidence/20260530-ns703-analysis-metrics-report.json","delete tmp/ns703-knowledge-mastery and docs/evidence/20260530-ns703-f003-source-report.json if needed; git restore tasks/non-site-implementation-plan.csv tools/run-gates.ps1; git clean -f -- tools/run-ns703-analysis-metrics.ps1 docs/evidence/20260530-ns703-analysis-metrics-report.json"
"NS704","NS7","W7","讲评报告","讲评报告与分层建议","高","runtime_verified","NS703","报告可导出 说明数据来源 知识版本 异常行和不可解释项","tools/run-ns704-commentary-report.ps1","apps/api apps/web tools","docs/evidence/20260530-ns704-commentary-report.json","delete synthetic S011C rows recorded in docs/evidence/20260530-ns704-s011c-source-report.json if needed; git restore tasks/non-site-implementation-plan.csv tools/run-gates.ps1; git clean -f -- tools/run-ns704-commentary-report.ps1 docs/evidence/20260530-ns704-commentary-report.json docs/evidence/20260530-ns704-s011c-source-report.json"
"NS705","NS7","W7","隐私审计","真实学生数据前准入审计","高","runtime_verified","NS704","无授权前只用 synthetic/脱敏数据 真实学生 PII 不进 Git prompt fixture evidence","tools/run-ns705-student-data-privacy.ps1","tools docs tests prompts","docs/evidence/20260530-ns705-student-data-privacy-report.json","git restore tasks/non-site-implementation-plan.csv tools/run-gates.ps1; git clean -f -- tools/run-ns705-student-data-privacy.ps1 docs/evidence/20260530-ns705-student-data-privacy-report.json"
"NS801","NS8","W8","备份","backup manifest drill","高","runtime_verified","NS705","数据库 文件仓库 配置 模板 evidence 均进入 manifest 且 hash 校验","tools/run-ns801-backup-manifest.ps1","tools configs docs","docs/evidence/20260530-ns801-backup-manifest-report.json","delete tmp/ns801-backups if this dry-run backup is no longer needed; git restore tools/backup.ps1 tools/verify-backup.ps1 tasks/non-site-implementation-plan.csv tools/run-gates.ps1; git clean -f -- tools/run-ns801-backup-manifest.ps1 docs/evidence/20260530-ns801-backup-manifest-report.json"
"NS802","NS8","W8","恢复","restore drill","高","runtime_verified","NS801","隔离目录或测试库可按 manifest 恢复并校验 hash","tools/run-ns802-restore-drill.ps1","tools docs","docs/evidence/20260530-ns802-restore-drill-report.json","delete tmp/ns802-restore if this isolated restore output is no longer needed; git restore tasks/non-site-implementation-plan.csv tools/run-gates.ps1; git clean -f -- tools/run-ns802-restore-drill.ps1 docs/evidence/20260530-ns802-restore-drill-report.json"
"NS803","NS8","W8","安装","安装初始化与 pgpass/host diagnostic","高","runtime_verified","NS802","安装向导检查 PostgreSQL 数据目录 备份目录 worker profile host capability 不记录明文密码","tools/run-ns803-installer-host.ps1","tools configs docs","docs/evidence/20260530-ns803-installer-host.json","Remove only empty directories created by this dry-run under D:/KQG_Data or D:/KQG_Backups if they did not exist before; git restore tasks/non-site-implementation-plan.csv tools/run-gates.ps1 tools/README.md; git clean -f -- tools/run-ns803-installer-host.ps1 docs/evidence/20260530-ns803-installer-host.json docs/evidence/20260530-ns803-pgpass-dry-run-report.json docs/evidence/20260530-ns803-worker-profile-diagnostic-report.json docs/evidence/20260530-ns803-host-capability-diagnostic-report.json"
"NS804","NS8","W8","发布","Windows Service 发布包","高","runtime_verified","NS803","发布包可指定 contentRoot 数据目录与程序目录分离 健康检查通过","tools/run-ns804-windows-service-package.ps1","apps/api apps/web tools","docs/evidence/20260530-ns804-windows-service.json","Remove-Item -LiteralPath 'tmp/ns804/windows-service-package' -Recurse -Force; git restore tasks/non-site-implementation-plan.csv tools/run-gates.ps1 tools/README.md; git clean -f -- tools/run-ns804-windows-service-package.ps1 docs/evidence/20260530-ns804-windows-service.json"
"NS805","NS8","W8","监控","容量 成本 健康面板","中","runtime_verified","NS803","管理员可看文件仓库 备份 cache AI 成本 失败任务和清理建议","tools/run-ns805-health-dashboard.ps1","apps/api apps/web tools","docs/evidence/20260530-ns805-health-dashboard.json","git restore tasks/non-site-implementation-plan.csv tools/run-gates.ps1 tools/README.md; git clean -f -- tools/run-ns805-health-dashboard.ps1 docs/evidence/20260530-ns805-health-dashboard.json"
"NS806","NS8","W8","升级","EF migration bundle 与升级演练","高","runtime_verified","NS804","目标机迁移不依赖源码目录 升级前有 backup 升级后可 restore drill","tools/run-ns806-upgrade-bundle.ps1","apps/api tools docs","docs/evidence/20260530-ns806-upgrade-bundle.json","Remove-Item -LiteralPath 'tmp/ns806' -Recurse -Force -ErrorAction SilentlyContinue; Remove-Item -LiteralPath 'tmp/o007' -Recurse -Force -ErrorAction SilentlyContinue; git restore tasks/non-site-implementation-plan.csv tools/run-gates.ps1 tools/README.md; git clean -f -- tools/run-ns806-upgrade-bundle.ps1 docs/evidence/20260530-ns806-upgrade-bundle.json"
"NS901","NS9","W9","E2E","非现场场景包","高","runtime_verified","NS607;NS704;NS806","synthetic/proxy 场景包覆盖导入 切题 审核 标注 入库 组卷 导出 成绩 分析 备份恢复 授权或脱敏材料替换后才可升 non_site_validated","tools/run-ns901-non-site-scenario-pack.ps1","tests/e2e/s012a-proxy-fixture-pack.json tools docs/evidence","docs/evidence/20260530-ns901-non-site-scenario-pack.json","restore from S012B pre-run backup if synthetic rehearsal rows must be removed; git restore tasks/non-site-implementation-plan.csv tools/run-gates.ps1 tools/README.md; git clean -f -- tools/run-ns901-non-site-scenario-pack.ps1 docs/evidence/20260530-ns901-non-site-scenario-pack.json"
"NS902","NS9","W9","E2E","非现场端到端演练","高","runtime_verified","NS901","完整链路可运行 记录耗时 失败 接管点 回滚和教师效率 不使用真实学生 PII","tools/run-s012b-non-site-e2e-rehearsal.ps1","apps tools tests docs/evidence","docs/evidence/20260528-non-site-e2e-rehearsal-report.json","pwsh -NoProfile -ExecutionPolicy Bypass -File tools/restore-backup.ps1 -ManifestPath 'tmp\s012b\pre-run-backup\20260528-222526\manifest.json'"
"NS906","NS9","W9","AI视觉代理","非现场视觉代理审查","高","runtime_verified","NS902","用机器视觉和工件检查替代早期人工目检 覆盖来源截图非空 版面噪声 导出工件 学情报告 隐私和不关闭现场边界","tools/run-ns906-visual-surrogate-review.ps1","tools docs/evidence tasks","docs/evidence/20260528-ns906-visual-surrogate-review-report.json","git restore tasks/non-site-implementation-plan.csv tools/run-gates.ps1; git clean -f -- tools/run-ns906-visual-surrogate-review.ps1 docs/evidence/20260528-ns906-visual-surrogate-review-report.json"
"NS903","NS9","W9","完成态","刷新完成态看板","高","runtime_verified","NS906","只有 runtime 或 E2E 证据齐备的模块才进入 runtime_verified/non_site_validated","tools/run-ns903-completion-dashboard.ps1","tasks docs/evidence tools","docs/evidence/20260530-ns903-completion-dashboard.json","git restore tasks/completion-state-dashboard.csv tasks/non-site-implementation-plan.csv tools/run-gates.ps1 tools/README.md; git clean -f -- tools/run-ns903-completion-dashboard.ps1 docs/evidence/20260530-ns903-completion-dashboard.json"
"NS904","NS9","W9","P001准入","P001 readiness evidence pack","高","runtime_verified","NS903","P001 只剩隔离机 现场教师 打印 网络 权限域阻断 并列出 checklist","tools/run-ns904-p001-readiness-pack.ps1","docs/templates tools docs/evidence","docs/evidence/20260530-ns904-p001-readiness.json","git restore tasks/non-site-implementation-plan.csv tools/run-gates.ps1 tools/README.md; git clean -f -- tools/run-ns904-p001-readiness-pack.ps1 docs/evidence/20260530-ns904-p001-readiness.json"
"NS905","NS9","W9","任务回流","backlog 与 NS 清单状态同步","中","runtime_verified","NS904","backlog completion dashboard NS plan 三处状态一致 无用旧状态覆盖新证据","tools/run-ns905-status-sync-audit.ps1","tasks docs tools","docs/evidence/20260530-ns905-status-sync.md","git restore tasks/non-site-implementation-plan.csv tools/run-gates.ps1 tools/README.md; git clean -f -- tools/run-ns905-status-sync-audit.ps1 docs/evidence/20260530-ns905-status-sync.md"
"NS1301","NS13","W13","架构瘦身","薄入口页面拆分与 service 收口","高","planned","NS905","endpoint page BackgroundService 和 application service 职责有 inventory 业务编排回 service 页面只管视图状态","architecture inventory + roadmap guard + automation-first guard","apps/api apps/web docs/03_Architecture.md docs/evidence","docs/evidence/<date>-ns1301-architecture-slimming.json","git restore docs/03_Architecture.md docs/20_TaskBreakdown.md tasks/non-site-implementation-plan.csv tasks/backlog.csv tasks/productization-roadmap.csv tasks/automation-first-contract.csv"
"NS1302","NS13","W13","发布形态","Windows Service 主形态与服务端控制面板","高","planned","NS1301","服务端以 Windows Service 运行 控制面板只做服务状态 诊断 配置 备份恢复 升级演练和打开 Web","Windows Service package dry-run + control panel contract + health smoke","apps/api apps/web tools docs/evidence","docs/evidence/<date>-ns1302-service-control-panel.json","git restore docs/03_Architecture.md docs/04_TechnologyStack.md tasks/non-site-implementation-plan.csv tasks/backlog.csv tasks/productization-roadmap.csv tasks/automation-first-contract.csv"
"NS1303","NS13","W13","硬件配置","硬件探测到运行 profile 自动配置","高","planned","NS1302","安装器或控制面板输出 localSystemProfile workerOcrProfile aiNetworkProfile aiLocalModelProfile queueProfile searchProfile 和 config diff","host capability diagnostic + worker profile diagnostic + generated config diff","tools configs apps/api docs/evidence","docs/evidence/<date>-ns1303-runtime-profile.json","git restore docs/04_TechnologyStack.md docs/99_ProductizationFullRoadmapAndTaskPlan.md tasks/non-site-implementation-plan.csv tasks/backlog.csv tasks/productization-roadmap.csv tasks/automation-first-contract.csv"
"NS1304","NS13","W13","工具链","开源免费工具链自动选择与配置","高","planned","NS1303","OpenXML PDF text Docling PaddleOCR OCRmyPDF qpdf Ghostscript ImageMagick libvips PostgreSQL CLI Robocopy 等按 profile 准入 缺失 fail-closed","toolchain catalog + golden OCR/import samples + worker diagnostic","workers/document tools configs docs/evidence","docs/evidence/<date>-ns1304-toolchain-profile.json","git restore docs/04_TechnologyStack.md docs/99_ProductizationFullRoadmapAndTaskPlan.md tasks/non-site-implementation-plan.csv tasks/backlog.csv tasks/productization-roadmap.csv tasks/automation-first-contract.csv"
"NS1305","NS13","W13","AI路由","多 API 多模型按角色自动路由","高","planned","NS1303","普通用户看简化模式 管理员配置 provider profile key 引用 base URL 并发预算 fallback 业务代码只按角色路由","AI provider routing config contract + eval cost cache no-active-write guard + secret redaction check","apps/api apps/web configs schemas docs/evidence","docs/evidence/<date>-ns1305-role-routed-ai.json","git restore docs/03_Architecture.md docs/04_TechnologyStack.md docs/99_ProductizationFullRoadmapAndTaskPlan.md tasks/non-site-implementation-plan.csv tasks/backlog.csv tasks/productization-roadmap.csv tasks/automation-first-contract.csv"
"NS1306","NS13","W13","自动化","AI agent 工具执行编排边界","高","runtime_verified","NS1305","前置处理 候选生成 批量检查 视觉代理审查 工具执行 报告生成可自动化 agent 只调用 allowlisted tool runbook","automation-first contract + allowed tool inventory + report evidence smoke","tools apps/api docs/evidence","docs/evidence/20260606-ns1306-agent-tool-orchestration.json","git restore docs/20_TaskBreakdown.md docs/99_ProductizationFullRoadmapAndTaskPlan.md tasks/non-site-implementation-plan.csv tasks/backlog.csv tasks/productization-roadmap.csv tasks/automation-first-contract.csv"
"NS1307","NS13","W13","质量门禁","Golden OCR/import 视觉代理与 LLM security eval gate","高","runtime_verified","NS1306","黄金样本覆盖文档 OCR 公式 题图 表格 失败接管 视觉代理和 LLM security eval 阻断误关与不安全输出","golden set eval + visual surrogate review + LLM security guard","tests/golden-import tools configs docs/evidence","docs/evidence/20260606-ns1307-golden-visual-llm-security.json","git restore docs/20_TaskBreakdown.md docs/99_ProductizationFullRoadmapAndTaskPlan.md tasks/non-site-implementation-plan.csv tasks/backlog.csv tasks/productization-roadmap.csv tasks/automation-first-contract.csv"
"NS1308","NS13","W13","发布证据","安装升级备份恢复 release evidence pack","高","planned","NS1307","安装 卸载 升级 EF migration bundle 备份恢复 权限审计 四入口 smoke 和 P001 readiness pack 齐备","installer dry-run + migration bundle rehearsal + backup restore drill + P001 readiness pack","tools apps/api docs/templates docs/evidence tasks","docs/evidence/<date>-ns1308-release-evidence-pack.json","git restore docs/99_ProductizationFullRoadmapAndTaskPlan.md docs/101_NonSiteCapabilityImplementationRoadmap.md tasks/non-site-implementation-plan.csv tasks/backlog.csv tasks/productization-roadmap.csv tasks/automation-first-contract.csv"
"NS1001","NS10","W10","现场阻断","隔离机部署预演","高","blocked_by_onsite","NS1308","在隔离机器完成安装 备份 恢复 权限审计 四入口 smoke","P001 checklist +现场 evidence","apps tools docs/evidence","docs/evidence/<date>-p001-isolated-machine.md","按安装 rollback 和 restore manifest"
"NS1002","NS10","W10","教师代理","教师代理试点第 1 轮","高","blocked_by_onsite","NS1001","真实或授权脱敏材料完成代理验收并记录耗时 卡点 回滚","P002 checklist + teacher proxy report","docs/evidence tasks","docs/evidence/<date>-p002-teacher-proxy.md","反馈回滚到 backlog"
"NS1003","NS10","W10","现场准入","现场教师试点准入","高","blocked_by_onsite","NS1002","确认教师参与 数据授权 支持人 回滚方案和反馈模板","P003 checklist","docs/templates docs/evidence","docs/evidence/<date>-p003-onsite-admission.md","不满足则保持 blocked_by_onsite"
"NS1004","NS10","W10","现场试点","现场教师试点第 1 轮","高","blocked_by_onsite","NS1003","记录实际耗时 操作卡点 错误 文案困惑 回滚事件","P004现场 evidence","docs/evidence tasks","docs/evidence/<date>-p004-onsite-round1.md","按 release rollback plan"
"NS1005","NS10","W10","发布裁决","反馈回流与 v0.1 release decision","高","blocked_by_onsite","NS1004","反馈分流为保留 修改 后置 不做 并形成 release decision","P005/P006 checklist","docs tasks","docs/evidence/<date>-p006-release-decision.md","撤销 release candidate tag"
"NS1101","NS11","W11","多学科","第二学科候选资料准入","中","runtime_verified","NS1005","准入边界可机验 P006/NS1005 未关闭且来源资料授权缺失时 Q001 保持待办 不导入 不写 active","tools/run-ns1101-second-subject-candidate-boundary.ps1 + Q001 preflight boundary","tools docs tasks","docs/evidence/20260530-ns1101-second-subject-candidate.json","git restore tasks/non-site-implementation-plan.csv tools/run-gates.ps1 tools/README.md; git clean -f -- tools/run-ns1101-second-subject-candidate-boundary.ps1 docs/evidence/20260530-ns1101-second-subject-candidate.json"
"NS1102","NS11","W11","多学科","第二学科教师复核模板","中","runtime_verified","NS1101","模板边界可机验 Q001 未关闭或真实教师复核证据缺失时 Q002 保持待办 Q003 不能前进","tools/run-ns1102-second-subject-review-template-boundary.ps1 + Q002 preflight boundary","docs/templates tools","docs/evidence/20260530-ns1102-second-subject-review-template.json","git restore tasks/non-site-implementation-plan.csv tools/run-gates.ps1 tools/README.md; git clean -f -- tools/run-ns1102-second-subject-review-template-boundary.ps1 docs/evidence/20260530-ns1102-second-subject-review-template.json"
"NS1103","NS11","W11","多学科","第二学科 active dry-run","中","runtime_verified","NS1102","active dry-run 前置边界可机验 Q002 未关闭或 backup reviewed rollback 证据缺失时 Q003 保持待办 不执行 active switch","tools/run-ns1103-second-subject-active-dry-run-boundary.ps1 + Q003 preflight boundary","tools docs/evidence","docs/evidence/20260531-ns1103-second-subject-active-dry-run.json","git restore tasks/non-site-implementation-plan.csv tools/run-gates.ps1 tools/README.md; git clean -f -- tools/run-ns1103-second-subject-active-dry-run-boundary.ps1 docs/evidence/20260531-ns1103-second-subject-active-dry-run.json"
"NS1104","NS11","W11","多学科","跨学科差异与 UI 简化","中","runtime_verified","NS1103","Q003/Q004/Q005 未关闭时跨学科差异和多学科 UI 简化保持 fail-closed 普通教师仍只看四个高频入口","tools/run-ns1104-cross-subject-ui-boundary.ps1 + Q004/Q005 preflight boundary","apps/web docs tools","docs/evidence/20260531-ns1104-cross-subject-ui.json","git restore tasks/non-site-implementation-plan.csv tools/run-gates.ps1 tools/README.md; git clean -f -- tools/run-ns1104-cross-subject-ui-boundary.ps1 docs/evidence/20260531-ns1104-cross-subject-ui.json"
"NS1201","NS12","W12","长期平台","搜索和语义检索升级评估","低","runtime_verified","NS1005","只有 PostgreSQL FTS 真实不足时才评估 pgvector 或外部搜索","tools/run-ns1201-search-eval.ps1 + R001 eval + ADR","docs/decisions tools docs/evidence tasks","docs/evidence/20260531-ns1201-search-eval.json","git restore tasks/non-site-implementation-plan.csv tools/run-gates.ps1 tools/README.md; git clean -f -- tools/run-ns1201-search-eval.ps1 docs/evidence/20260531-ns1201-search-eval.json"
"NS1202","NS12","W12","长期平台","队列和 Worker 扩展评估","低","runtime_verified","NS1005","只有 BackgroundService 出现真实吞吐或可靠性瓶颈才评估 Hangfire/RabbitMQ","tools/run-ns1202-queue-eval.ps1 + R002 eval + ADR","docs/decisions tools docs/evidence tasks","docs/evidence/20260531-ns1202-queue-eval.json","git restore tasks/non-site-implementation-plan.csv tools/run-gates.ps1 tools/README.md; git clean -f -- tools/run-ns1202-queue-eval.ps1 docs/evidence/20260531-ns1202-queue-eval.json"
"NS1203","NS12","W12","长期平台","标准互操作 profile map","中","runtime_verified","NS1005","QuestionItem Paper KnowledgeNode ScoreRecord AnalysisEvent 映射到 QTI CASE OneRoster Caliper profile","tools/run-ns1203-interop-profile-map.ps1 + R007 profile guard + ADR","docs tools schemas tasks","docs/evidence/20260531-ns1203-interop-profile-map.json","git restore tasks/non-site-implementation-plan.csv tools/run-gates.ps1 tools/README.md; git clean -f -- tools/run-ns1203-interop-profile-map.ps1 docs/evidence/20260531-ns1203-interop-profile-map.json"
"NS1204","NS12","W12","长期平台","高级分析准入","低","runtime_verified","NS704","IRT 等值或长期成长分析必须有样本量和解释责任边界","tools/run-ns1204-advanced-analysis-admission.ps1 + R004 eval + ADR","docs/decisions tools docs/evidence tasks","docs/evidence/20260531-ns1204-advanced-analysis-admission.json","git restore tasks/non-site-implementation-plan.csv tools/run-gates.ps1 tools/README.md; git clean -f -- tools/run-ns1204-advanced-analysis-admission.ps1 docs/evidence/20260531-ns1204-advanced-analysis-admission.json"
"NS1205","NS12","W12","长期平台","公网或多校部署评估","低","runtime_verified","NS1005","只有数据责任 采购 网络和运维边界明确后才评估 SaaS 或多租户","tools/run-ns1205-multischool-admission.ps1 + R005 eval + ADR","docs/decisions tools docs/evidence tasks","docs/evidence/20260531-ns1205-multischool-admission.json","git restore tasks/non-site-implementation-plan.csv tools/run-gates.ps1 tools/README.md; git clean -f -- tools/run-ns1205-multischool-admission.ps1 docs/evidence/20260531-ns1205-multischool-admission.json"
"NS1206","NS12","W12","长期维护","技术债和依赖升级节奏","中","runtime_verified","NS1005","每个发布周期保留门禁维护 依赖升级 性能基线和删除无效实验","tools/run-ns1206-techdebt-cadence.ps1 + R006 cadence guard","docs tools tasks docs/evidence","docs/evidence/20260531-ns1206-techdebt-cadence.json","git restore tasks/non-site-implementation-plan.csv tools/run-gates.ps1 tools/README.md; git clean -f -- tools/run-ns1206-techdebt-cadence.ps1 docs/evidence/20260531-ns1206-techdebt-cadence.json"
