observation_id,year,question_id,question_number,source_material_ids,source_file,evidence_locations,official_exam_point_summary,difficulty_value,discrimination_value,option_distribution_summary,common_errors_summary,teaching_suggestion_summary,confidence,review_status,production_eligible,notes
YRO-C003-2016-01,2016,QPHY-C003-2016-01,1,SRC-C003-007,2016广州中考年报.pdf,年报全卷/逐题分析待人工定位,年报存在；自动逐题页码定位不足，需人工核验难度、区分度、学生错误和教学建议,,,,来源定位不足,来源定位不足,0.50,pending_review,false,candidate year-report observation
YRO-C003-2016-02,2016,QPHY-C003-2016-02,2,SRC-C003-007,2016广州中考年报.pdf,年报全卷/逐题分析待人工定位,年报存在；自动逐题页码定位不足，需人工核验难度、区分度、学生错误和教学建议,,,,来源定位不足,来源定位不足,0.50,pending_review,false,candidate year-report observation
YRO-C003-2016-03,2016,QPHY-C003-2016-03,3,SRC-C003-007,2016广州中考年报.pdf,年报全卷/逐题分析待人工定位,年报存在；自动逐题页码定位不足，需人工核验难度、区分度、学生错误和教学建议,,,,来源定位不足,来源定位不足,0.50,pending_review,false,candidate year-report observation
YRO-C003-2016-04,2016,QPHY-C003-2016-04,4,SRC-C003-007,2016广州中考年报.pdf,年报全卷/逐题分析待人工定位,年报存在；自动逐题页码定位不足，需人工核验难度、区分度、学生错误和教学建议,,,,来源定位不足,来源定位不足,0.50,pending_review,false,candidate year-report observation
YRO-C003-2016-05,2016,QPHY-C003-2016-05,5,SRC-C003-007,2016广州中考年报.pdf,年报全卷/逐题分析待人工定位,年报存在；自动逐题页码定位不足，需人工核验难度、区分度、学生错误和教学建议,,,,来源定位不足,来源定位不足,0.50,pending_review,false,candidate year-report observation
YRO-C003-2016-06,2016,QPHY-C003-2016-06,6,SRC-C003-007,2016广州中考年报.pdf,年报全卷/逐题分析待人工定位,年报存在；自动逐题页码定位不足，需人工核验难度、区分度、学生错误和教学建议,,,,来源定位不足,来源定位不足,0.50,pending_review,false,candidate year-report observation
YRO-C003-2016-07,2016,QPHY-C003-2016-07,7,SRC-C003-007,2016广州中考年报.pdf,年报全卷/逐题分析待人工定位,年报存在；自动逐题页码定位不足，需人工核验难度、区分度、学生错误和教学建议,,,,来源定位不足,来源定位不足,0.50,pending_review,false,candidate year-report observation
YRO-C003-2016-08,2016,QPHY-C003-2016-08,8,SRC-C003-007,2016广州中考年报.pdf,年报全卷/逐题分析待人工定位,年报存在；自动逐题页码定位不足，需人工核验难度、区分度、学生错误和教学建议,,,,来源定位不足,来源定位不足,0.50,pending_review,false,candidate year-report observation
YRO-C003-2016-09,2016,QPHY-C003-2016-09,9,SRC-C003-007,2016广州中考年报.pdf,年报全卷/逐题分析待人工定位,年报存在；自动逐题页码定位不足，需人工核验难度、区分度、学生错误和教学建议,,,,来源定位不足,来源定位不足,0.50,pending_review,false,candidate year-report observation
YRO-C003-2016-10,2016,QPHY-C003-2016-10,10,SRC-C003-007,2016广州中考年报.pdf,年报全卷/逐题分析待人工定位,年报存在；自动逐题页码定位不足，需人工核验难度、区分度、学生错误和教学建议,,,,来源定位不足,来源定位不足,0.50,pending_review,false,candidate year-report observation
YRO-C003-2016-11,2016,QPHY-C003-2016-11,11,SRC-C003-007,2016广州中考年报.pdf,年报全卷/逐题分析待人工定位,年报存在；自动逐题页码定位不足，需人工核验难度、区分度、学生错误和教学建议,,,,来源定位不足,来源定位不足,0.50,pending_review,false,candidate year-report observation
YRO-C003-2016-12,2016,QPHY-C003-2016-12,12,SRC-C003-007,2016广州中考年报.pdf,年报全卷/逐题分析待人工定位,年报存在；自动逐题页码定位不足，需人工核验难度、区分度、学生错误和教学建议,,,,来源定位不足,来源定位不足,0.50,pending_review,false,candidate year-report observation
YRO-C003-2016-13,2016,QPHY-C003-2016-13,13,SRC-C003-007,2016广州中考年报.pdf,年报全卷/逐题分析待人工定位,年报存在；自动逐题页码定位不足，需人工核验难度、区分度、学生错误和教学建议,,,,来源定位不足,来源定位不足,0.50,pending_review,false,candidate year-report observation
YRO-C003-2016-14,2016,QPHY-C003-2016-14,14,SRC-C003-007,2016广州中考年报.pdf,年报全卷/逐题分析待人工定位,年报存在；自动逐题页码定位不足，需人工核验难度、区分度、学生错误和教学建议,,,,来源定位不足,来源定位不足,0.50,pending_review,false,candidate year-report observation
YRO-C003-2016-15,2016,QPHY-C003-2016-15,15,SRC-C003-007,2016广州中考年报.pdf,年报全卷/逐题分析待人工定位,年报存在；自动逐题页码定位不足，需人工核验难度、区分度、学生错误和教学建议,,,,来源定位不足,来源定位不足,0.50,pending_review,false,candidate year-report observation
YRO-C003-2016-16,2016,QPHY-C003-2016-16,16,SRC-C003-007,2016广州中考年报.pdf,年报全卷/逐题分析待人工定位,年报存在；自动逐题页码定位不足，需人工核验难度、区分度、学生错误和教学建议,,,,来源定位不足,来源定位不足,0.50,pending_review,false,candidate year-report observation
YRO-C003-2016-17,2016,QPHY-C003-2016-17,17,SRC-C003-007,2016广州中考年报.pdf,年报全卷/逐题分析待人工定位,年报存在；自动逐题页码定位不足，需人工核验难度、区分度、学生错误和教学建议,,,,来源定位不足,来源定位不足,0.50,pending_review,false,candidate year-report observation
YRO-C003-2016-18,2016,QPHY-C003-2016-18,18,SRC-C003-007,2016广州中考年报.pdf,年报全卷/逐题分析待人工定位,年报存在；自动逐题页码定位不足，需人工核验难度、区分度、学生错误和教学建议,,,,来源定位不足,来源定位不足,0.50,pending_review,false,candidate year-report observation
YRO-C003-2016-19,2016,QPHY-C003-2016-19,19,SRC-C003-007,2016广州中考年报.pdf,年报全卷/逐题分析待人工定位,年报存在；自动逐题页码定位不足，需人工核验难度、区分度、学生错误和教学建议,,,,来源定位不足,来源定位不足,0.50,pending_review,false,candidate year-report observation
YRO-C003-2016-20,2016,QPHY-C003-2016-20,20,SRC-C003-007,2016广州中考年报.pdf,年报全卷/逐题分析待人工定位,年报存在；自动逐题页码定位不足，需人工核验难度、区分度、学生错误和教学建议,,,,来源定位不足,来源定位不足,0.50,pending_review,false,candidate year-report observation
YRO-C003-2016-21,2016,QPHY-C003-2016-21,21,SRC-C003-007,2016广州中考年报.pdf,年报全卷/逐题分析待人工定位,年报存在；自动逐题页码定位不足，需人工核验难度、区分度、学生错误和教学建议,,,,来源定位不足,来源定位不足,0.50,pending_review,false,candidate year-report observation
YRO-C003-2016-22,2016,QPHY-C003-2016-22,22,SRC-C003-007,2016广州中考年报.pdf,年报全卷/逐题分析待人工定位,年报存在；自动逐题页码定位不足，需人工核验难度、区分度、学生错误和教学建议,,,,来源定位不足,来源定位不足,0.50,pending_review,false,candidate year-report observation
YRO-C003-2016-23,2016,QPHY-C003-2016-23,23,SRC-C003-007,2016广州中考年报.pdf,年报全卷/逐题分析待人工定位,年报存在；自动逐题页码定位不足，需人工核验难度、区分度、学生错误和教学建议,,,,来源定位不足,来源定位不足,0.50,pending_review,false,candidate year-report observation
YRO-C003-2016-24,2016,QPHY-C003-2016-24,24,SRC-C003-007,2016广州中考年报.pdf,年报全卷/逐题分析待人工定位,年报存在；自动逐题页码定位不足，需人工核验难度、区分度、学生错误和教学建议,,,,来源定位不足,来源定位不足,0.50,pending_review,false,candidate year-report observation
YRO-C003-2017-01,2017,QPHY-C003-2017-01,1,SRC-C003-010,2017广州中考年报.pdf,年报全卷/逐题分析待人工定位,年报存在；自动逐题页码定位不足，需人工核验难度、区分度、学生错误和教学建议,,,,来源定位不足,来源定位不足,0.50,pending_review,false,candidate year-report observation
YRO-C003-2017-02,2017,QPHY-C003-2017-02,2,SRC-C003-010,2017广州中考年报.pdf,年报全卷/逐题分析待人工定位,年报存在；自动逐题页码定位不足，需人工核验难度、区分度、学生错误和教学建议,,,,来源定位不足,来源定位不足,0.50,pending_review,false,candidate year-report observation
YRO-C003-2017-03,2017,QPHY-C003-2017-03,3,SRC-C003-010,2017广州中考年报.pdf,年报全卷/逐题分析待人工定位,年报存在；自动逐题页码定位不足，需人工核验难度、区分度、学生错误和教学建议,,,,来源定位不足,来源定位不足,0.50,pending_review,false,candidate year-report observation
YRO-C003-2017-04,2017,QPHY-C003-2017-04,4,SRC-C003-010,2017广州中考年报.pdf,年报全卷/逐题分析待人工定位,年报存在；自动逐题页码定位不足，需人工核验难度、区分度、学生错误和教学建议,,,,来源定位不足,来源定位不足,0.50,pending_review,false,candidate year-report observation
YRO-C003-2017-05,2017,QPHY-C003-2017-05,5,SRC-C003-010,2017广州中考年报.pdf,年报全卷/逐题分析待人工定位,年报存在；自动逐题页码定位不足，需人工核验难度、区分度、学生错误和教学建议,,,,来源定位不足,来源定位不足,0.50,pending_review,false,candidate year-report observation
YRO-C003-2017-06,2017,QPHY-C003-2017-06,6,SRC-C003-010,2017广州中考年报.pdf,年报全卷/逐题分析待人工定位,年报存在；自动逐题页码定位不足，需人工核验难度、区分度、学生错误和教学建议,,,,来源定位不足,来源定位不足,0.50,pending_review,false,candidate year-report observation
YRO-C003-2017-07,2017,QPHY-C003-2017-07,7,SRC-C003-010,2017广州中考年报.pdf,年报全卷/逐题分析待人工定位,年报存在；自动逐题页码定位不足，需人工核验难度、区分度、学生错误和教学建议,,,,来源定位不足,来源定位不足,0.50,pending_review,false,candidate year-report observation
YRO-C003-2017-08,2017,QPHY-C003-2017-08,8,SRC-C003-010,2017广州中考年报.pdf,年报全卷/逐题分析待人工定位,年报存在；自动逐题页码定位不足，需人工核验难度、区分度、学生错误和教学建议,,,,来源定位不足,来源定位不足,0.50,pending_review,false,candidate year-report observation
YRO-C003-2017-09,2017,QPHY-C003-2017-09,9,SRC-C003-010,2017广州中考年报.pdf,年报全卷/逐题分析待人工定位,年报存在；自动逐题页码定位不足，需人工核验难度、区分度、学生错误和教学建议,,,,来源定位不足,来源定位不足,0.50,pending_review,false,candidate year-report observation
YRO-C003-2017-10,2017,QPHY-C003-2017-10,10,SRC-C003-010,2017广州中考年报.pdf,年报全卷/逐题分析待人工定位,年报存在；自动逐题页码定位不足，需人工核验难度、区分度、学生错误和教学建议,,,,来源定位不足,来源定位不足,0.50,pending_review,false,candidate year-report observation
YRO-C003-2017-11,2017,QPHY-C003-2017-11,11,SRC-C003-010,2017广州中考年报.pdf,年报全卷/逐题分析待人工定位,年报存在；自动逐题页码定位不足，需人工核验难度、区分度、学生错误和教学建议,,,,来源定位不足,来源定位不足,0.50,pending_review,false,candidate year-report observation
YRO-C003-2017-12,2017,QPHY-C003-2017-12,12,SRC-C003-010,2017广州中考年报.pdf,年报全卷/逐题分析待人工定位,年报存在；自动逐题页码定位不足，需人工核验难度、区分度、学生错误和教学建议,,,,来源定位不足,来源定位不足,0.50,pending_review,false,candidate year-report observation
YRO-C003-2017-13,2017,QPHY-C003-2017-13,13,SRC-C003-010,2017广州中考年报.pdf,年报全卷/逐题分析待人工定位,年报存在；自动逐题页码定位不足，需人工核验难度、区分度、学生错误和教学建议,,,,来源定位不足,来源定位不足,0.50,pending_review,false,candidate year-report observation
YRO-C003-2017-14,2017,QPHY-C003-2017-14,14,SRC-C003-010,2017广州中考年报.pdf,年报全卷/逐题分析待人工定位,年报存在；自动逐题页码定位不足，需人工核验难度、区分度、学生错误和教学建议,,,,来源定位不足,来源定位不足,0.50,pending_review,false,candidate year-report observation
YRO-C003-2017-15,2017,QPHY-C003-2017-15,15,SRC-C003-010,2017广州中考年报.pdf,年报全卷/逐题分析待人工定位,年报存在；自动逐题页码定位不足，需人工核验难度、区分度、学生错误和教学建议,,,,来源定位不足,来源定位不足,0.50,pending_review,false,candidate year-report observation
YRO-C003-2017-16,2017,QPHY-C003-2017-16,16,SRC-C003-010,2017广州中考年报.pdf,年报全卷/逐题分析待人工定位,年报存在；自动逐题页码定位不足，需人工核验难度、区分度、学生错误和教学建议,,,,来源定位不足,来源定位不足,0.50,pending_review,false,candidate year-report observation
YRO-C003-2017-17,2017,QPHY-C003-2017-17,17,SRC-C003-010,2017广州中考年报.pdf,年报全卷/逐题分析待人工定位,年报存在；自动逐题页码定位不足，需人工核验难度、区分度、学生错误和教学建议,,,,来源定位不足,来源定位不足,0.50,pending_review,false,candidate year-report observation
YRO-C003-2017-18,2017,QPHY-C003-2017-18,18,SRC-C003-010,2017广州中考年报.pdf,年报全卷/逐题分析待人工定位,年报存在；自动逐题页码定位不足，需人工核验难度、区分度、学生错误和教学建议,,,,来源定位不足,来源定位不足,0.50,pending_review,false,candidate year-report observation
YRO-C003-2017-19,2017,QPHY-C003-2017-19,19,SRC-C003-010,2017广州中考年报.pdf,年报全卷/逐题分析待人工定位,年报存在；自动逐题页码定位不足，需人工核验难度、区分度、学生错误和教学建议,,,,来源定位不足,来源定位不足,0.50,pending_review,false,candidate year-report observation
YRO-C003-2017-20,2017,QPHY-C003-2017-20,20,SRC-C003-010,2017广州中考年报.pdf,年报全卷/逐题分析待人工定位,年报存在；自动逐题页码定位不足，需人工核验难度、区分度、学生错误和教学建议,,,,来源定位不足,来源定位不足,0.50,pending_review,false,candidate year-report observation
YRO-C003-2017-21,2017,QPHY-C003-2017-21,21,SRC-C003-010,2017广州中考年报.pdf,年报全卷/逐题分析待人工定位,年报存在；自动逐题页码定位不足，需人工核验难度、区分度、学生错误和教学建议,,,,来源定位不足,来源定位不足,0.50,pending_review,false,candidate year-report observation
YRO-C003-2017-22,2017,QPHY-C003-2017-22,22,SRC-C003-010,2017广州中考年报.pdf,年报全卷/逐题分析待人工定位,年报存在；自动逐题页码定位不足，需人工核验难度、区分度、学生错误和教学建议,,,,来源定位不足,来源定位不足,0.50,pending_review,false,candidate year-report observation
YRO-C003-2017-23,2017,QPHY-C003-2017-23,23,SRC-C003-010,2017广州中考年报.pdf,年报全卷/逐题分析待人工定位,年报存在；自动逐题页码定位不足，需人工核验难度、区分度、学生错误和教学建议,,,,来源定位不足,来源定位不足,0.50,pending_review,false,candidate year-report observation
YRO-C003-2017-24,2017,QPHY-C003-2017-24,24,SRC-C003-010,2017广州中考年报.pdf,年报全卷/逐题分析待人工定位,年报存在；自动逐题页码定位不足，需人工核验难度、区分度、学生错误和教学建议,,,,来源定位不足,来源定位不足,0.50,pending_review,false,candidate year-report observation
YRO-C003-2018-01,2018,QPHY-C003-2018-01,1,SRC-C003-013,2018广州中考年报.pdf,年报全卷/逐题分析待人工定位,年报存在；自动逐题页码定位不足，需人工核验难度、区分度、学生错误和教学建议,,,,来源定位不足,来源定位不足,0.50,pending_review,false,candidate year-report observation
YRO-C003-2018-02,2018,QPHY-C003-2018-02,2,SRC-C003-013,2018广州中考年报.pdf,年报全卷/逐题分析待人工定位,年报存在；自动逐题页码定位不足，需人工核验难度、区分度、学生错误和教学建议,,,,来源定位不足,来源定位不足,0.50,pending_review,false,candidate year-report observation
YRO-C003-2018-03,2018,QPHY-C003-2018-03,3,SRC-C003-013,2018广州中考年报.pdf,年报全卷/逐题分析待人工定位,年报存在；自动逐题页码定位不足，需人工核验难度、区分度、学生错误和教学建议,,,,来源定位不足,来源定位不足,0.50,pending_review,false,candidate year-report observation
YRO-C003-2018-04,2018,QPHY-C003-2018-04,4,SRC-C003-013,2018广州中考年报.pdf,年报全卷/逐题分析待人工定位,年报存在；自动逐题页码定位不足，需人工核验难度、区分度、学生错误和教学建议,,,,来源定位不足,来源定位不足,0.50,pending_review,false,candidate year-report observation
YRO-C003-2018-05,2018,QPHY-C003-2018-05,5,SRC-C003-013,2018广州中考年报.pdf,年报全卷/逐题分析待人工定位,年报存在；自动逐题页码定位不足，需人工核验难度、区分度、学生错误和教学建议,,,,来源定位不足,来源定位不足,0.50,pending_review,false,candidate year-report observation
YRO-C003-2018-06,2018,QPHY-C003-2018-06,6,SRC-C003-013,2018广州中考年报.pdf,年报全卷/逐题分析待人工定位,年报存在；自动逐题页码定位不足，需人工核验难度、区分度、学生错误和教学建议,,,,来源定位不足,来源定位不足,0.50,pending_review,false,candidate year-report observation
YRO-C003-2018-07,2018,QPHY-C003-2018-07,7,SRC-C003-013,2018广州中考年报.pdf,年报全卷/逐题分析待人工定位,年报存在；自动逐题页码定位不足，需人工核验难度、区分度、学生错误和教学建议,,,,来源定位不足,来源定位不足,0.50,pending_review,false,candidate year-report observation
YRO-C003-2018-08,2018,QPHY-C003-2018-08,8,SRC-C003-013,2018广州中考年报.pdf,年报全卷/逐题分析待人工定位,年报存在；自动逐题页码定位不足，需人工核验难度、区分度、学生错误和教学建议,,,,来源定位不足,来源定位不足,0.50,pending_review,false,candidate year-report observation
YRO-C003-2018-09,2018,QPHY-C003-2018-09,9,SRC-C003-013,2018广州中考年报.pdf,年报全卷/逐题分析待人工定位,年报存在；自动逐题页码定位不足，需人工核验难度、区分度、学生错误和教学建议,,,,来源定位不足,来源定位不足,0.50,pending_review,false,candidate year-report observation
YRO-C003-2018-10,2018,QPHY-C003-2018-10,10,SRC-C003-013,2018广州中考年报.pdf,年报全卷/逐题分析待人工定位,年报存在；自动逐题页码定位不足，需人工核验难度、区分度、学生错误和教学建议,,,,来源定位不足,来源定位不足,0.50,pending_review,false,candidate year-report observation
YRO-C003-2018-11,2018,QPHY-C003-2018-11,11,SRC-C003-013,2018广州中考年报.pdf,年报全卷/逐题分析待人工定位,年报存在；自动逐题页码定位不足，需人工核验难度、区分度、学生错误和教学建议,,,,来源定位不足,来源定位不足,0.50,pending_review,false,candidate year-report observation
YRO-C003-2018-12,2018,QPHY-C003-2018-12,12,SRC-C003-013,2018广州中考年报.pdf,年报全卷/逐题分析待人工定位,年报存在；自动逐题页码定位不足，需人工核验难度、区分度、学生错误和教学建议,,,,来源定位不足,来源定位不足,0.50,pending_review,false,candidate year-report observation
YRO-C003-2018-13,2018,QPHY-C003-2018-13,13,SRC-C003-013,2018广州中考年报.pdf,年报全卷/逐题分析待人工定位,年报存在；自动逐题页码定位不足，需人工核验难度、区分度、学生错误和教学建议,,,,来源定位不足,来源定位不足,0.50,pending_review,false,candidate year-report observation
YRO-C003-2018-14,2018,QPHY-C003-2018-14,14,SRC-C003-013,2018广州中考年报.pdf,年报全卷/逐题分析待人工定位,年报存在；自动逐题页码定位不足，需人工核验难度、区分度、学生错误和教学建议,,,,来源定位不足,来源定位不足,0.50,pending_review,false,candidate year-report observation
YRO-C003-2018-15,2018,QPHY-C003-2018-15,15,SRC-C003-013,2018广州中考年报.pdf,年报全卷/逐题分析待人工定位,年报存在；自动逐题页码定位不足，需人工核验难度、区分度、学生错误和教学建议,,,,来源定位不足,来源定位不足,0.50,pending_review,false,candidate year-report observation
YRO-C003-2018-16,2018,QPHY-C003-2018-16,16,SRC-C003-013,2018广州中考年报.pdf,年报全卷/逐题分析待人工定位,年报存在；自动逐题页码定位不足，需人工核验难度、区分度、学生错误和教学建议,,,,来源定位不足,来源定位不足,0.50,pending_review,false,candidate year-report observation
YRO-C003-2018-17,2018,QPHY-C003-2018-17,17,SRC-C003-013,2018广州中考年报.pdf,年报全卷/逐题分析待人工定位,年报存在；自动逐题页码定位不足，需人工核验难度、区分度、学生错误和教学建议,,,,来源定位不足,来源定位不足,0.50,pending_review,false,candidate year-report observation
YRO-C003-2018-18,2018,QPHY-C003-2018-18,18,SRC-C003-013,2018广州中考年报.pdf,年报全卷/逐题分析待人工定位,年报存在；自动逐题页码定位不足，需人工核验难度、区分度、学生错误和教学建议,,,,来源定位不足,来源定位不足,0.50,pending_review,false,candidate year-report observation
YRO-C003-2018-19,2018,QPHY-C003-2018-19,19,SRC-C003-013,2018广州中考年报.pdf,年报全卷/逐题分析待人工定位,年报存在；自动逐题页码定位不足，需人工核验难度、区分度、学生错误和教学建议,,,,来源定位不足,来源定位不足,0.50,pending_review,false,candidate year-report observation
YRO-C003-2018-20,2018,QPHY-C003-2018-20,20,SRC-C003-013,2018广州中考年报.pdf,年报全卷/逐题分析待人工定位,年报存在；自动逐题页码定位不足，需人工核验难度、区分度、学生错误和教学建议,,,,来源定位不足,来源定位不足,0.50,pending_review,false,candidate year-report observation
YRO-C003-2018-21,2018,QPHY-C003-2018-21,21,SRC-C003-013,2018广州中考年报.pdf,年报全卷/逐题分析待人工定位,年报存在；自动逐题页码定位不足，需人工核验难度、区分度、学生错误和教学建议,,,,来源定位不足,来源定位不足,0.50,pending_review,false,candidate year-report observation
YRO-C003-2018-22,2018,QPHY-C003-2018-22,22,SRC-C003-013,2018广州中考年报.pdf,年报全卷/逐题分析待人工定位,年报存在；自动逐题页码定位不足，需人工核验难度、区分度、学生错误和教学建议,,,,来源定位不足,来源定位不足,0.50,pending_review,false,candidate year-report observation
YRO-C003-2018-23,2018,QPHY-C003-2018-23,23,SRC-C003-013,2018广州中考年报.pdf,年报全卷/逐题分析待人工定位,年报存在；自动逐题页码定位不足，需人工核验难度、区分度、学生错误和教学建议,,,,来源定位不足,来源定位不足,0.50,pending_review,false,candidate year-report observation
YRO-C003-2018-24,2018,QPHY-C003-2018-24,24,SRC-C003-013,2018广州中考年报.pdf,年报全卷/逐题分析待人工定位,年报存在；自动逐题页码定位不足，需人工核验难度、区分度、学生错误和教学建议,,,,来源定位不足,来源定位不足,0.50,pending_review,false,candidate year-report observation
YRO-C003-2019-01,2019,QPHY-C003-2019-01,1,SRC-C003-016,2019广州中考年报.pdf,年报全卷/逐题分析待人工定位,年报存在；自动逐题页码定位不足，需人工核验难度、区分度、学生错误和教学建议,,,,来源定位不足,来源定位不足,0.50,pending_review,false,candidate year-report observation
YRO-C003-2019-02,2019,QPHY-C003-2019-02,2,SRC-C003-016,2019广州中考年报.pdf,年报全卷/逐题分析待人工定位,年报存在；自动逐题页码定位不足，需人工核验难度、区分度、学生错误和教学建议,,,,来源定位不足,来源定位不足,0.50,pending_review,false,candidate year-report observation
YRO-C003-2019-03,2019,QPHY-C003-2019-03,3,SRC-C003-016,2019广州中考年报.pdf,年报全卷/逐题分析待人工定位,年报存在；自动逐题页码定位不足，需人工核验难度、区分度、学生错误和教学建议,,,,来源定位不足,来源定位不足,0.50,pending_review,false,candidate year-report observation
YRO-C003-2019-04,2019,QPHY-C003-2019-04,4,SRC-C003-016,2019广州中考年报.pdf,年报全卷/逐题分析待人工定位,年报存在；自动逐题页码定位不足，需人工核验难度、区分度、学生错误和教学建议,,,,来源定位不足,来源定位不足,0.50,pending_review,false,candidate year-report observation
YRO-C003-2019-05,2019,QPHY-C003-2019-05,5,SRC-C003-016,2019广州中考年报.pdf,年报全卷/逐题分析待人工定位,年报存在；自动逐题页码定位不足，需人工核验难度、区分度、学生错误和教学建议,,,,来源定位不足,来源定位不足,0.50,pending_review,false,candidate year-report observation
YRO-C003-2019-06,2019,QPHY-C003-2019-06,6,SRC-C003-016,2019广州中考年报.pdf,年报全卷/逐题分析待人工定位,年报存在；自动逐题页码定位不足，需人工核验难度、区分度、学生错误和教学建议,,,,来源定位不足,来源定位不足,0.50,pending_review,false,candidate year-report observation
YRO-C003-2019-07,2019,QPHY-C003-2019-07,7,SRC-C003-016,2019广州中考年报.pdf,年报全卷/逐题分析待人工定位,年报存在；自动逐题页码定位不足，需人工核验难度、区分度、学生错误和教学建议,,,,来源定位不足,来源定位不足,0.50,pending_review,false,candidate year-report observation
YRO-C003-2019-08,2019,QPHY-C003-2019-08,8,SRC-C003-016,2019广州中考年报.pdf,年报全卷/逐题分析待人工定位,年报存在；自动逐题页码定位不足，需人工核验难度、区分度、学生错误和教学建议,,,,来源定位不足,来源定位不足,0.50,pending_review,false,candidate year-report observation
YRO-C003-2019-09,2019,QPHY-C003-2019-09,9,SRC-C003-016,2019广州中考年报.pdf,年报全卷/逐题分析待人工定位,年报存在；自动逐题页码定位不足，需人工核验难度、区分度、学生错误和教学建议,,,,来源定位不足,来源定位不足,0.50,pending_review,false,candidate year-report observation
YRO-C003-2019-10,2019,QPHY-C003-2019-10,10,SRC-C003-016,2019广州中考年报.pdf,年报全卷/逐题分析待人工定位,年报存在；自动逐题页码定位不足，需人工核验难度、区分度、学生错误和教学建议,,,,来源定位不足,来源定位不足,0.50,pending_review,false,candidate year-report observation
YRO-C003-2019-11,2019,QPHY-C003-2019-11,11,SRC-C003-016,2019广州中考年报.pdf,年报全卷/逐题分析待人工定位,年报存在；自动逐题页码定位不足，需人工核验难度、区分度、学生错误和教学建议,,,,来源定位不足,来源定位不足,0.50,pending_review,false,candidate year-report observation
YRO-C003-2019-12,2019,QPHY-C003-2019-12,12,SRC-C003-016,2019广州中考年报.pdf,年报全卷/逐题分析待人工定位,年报存在；自动逐题页码定位不足，需人工核验难度、区分度、学生错误和教学建议,,,,来源定位不足,来源定位不足,0.50,pending_review,false,candidate year-report observation
YRO-C003-2019-13,2019,QPHY-C003-2019-13,13,SRC-C003-016,2019广州中考年报.pdf,年报全卷/逐题分析待人工定位,年报存在；自动逐题页码定位不足，需人工核验难度、区分度、学生错误和教学建议,,,,来源定位不足,来源定位不足,0.50,pending_review,false,candidate year-report observation
YRO-C003-2019-14,2019,QPHY-C003-2019-14,14,SRC-C003-016,2019广州中考年报.pdf,年报全卷/逐题分析待人工定位,年报存在；自动逐题页码定位不足，需人工核验难度、区分度、学生错误和教学建议,,,,来源定位不足,来源定位不足,0.50,pending_review,false,candidate year-report observation
YRO-C003-2019-15,2019,QPHY-C003-2019-15,15,SRC-C003-016,2019广州中考年报.pdf,年报全卷/逐题分析待人工定位,年报存在；自动逐题页码定位不足，需人工核验难度、区分度、学生错误和教学建议,,,,来源定位不足,来源定位不足,0.50,pending_review,false,candidate year-report observation
YRO-C003-2019-16,2019,QPHY-C003-2019-16,16,SRC-C003-016,2019广州中考年报.pdf,年报全卷/逐题分析待人工定位,年报存在；自动逐题页码定位不足，需人工核验难度、区分度、学生错误和教学建议,,,,来源定位不足,来源定位不足,0.50,pending_review,false,candidate year-report observation
YRO-C003-2019-17,2019,QPHY-C003-2019-17,17,SRC-C003-016,2019广州中考年报.pdf,年报全卷/逐题分析待人工定位,年报存在；自动逐题页码定位不足，需人工核验难度、区分度、学生错误和教学建议,,,,来源定位不足,来源定位不足,0.50,pending_review,false,candidate year-report observation
YRO-C003-2019-18,2019,QPHY-C003-2019-18,18,SRC-C003-016,2019广州中考年报.pdf,年报全卷/逐题分析待人工定位,年报存在；自动逐题页码定位不足，需人工核验难度、区分度、学生错误和教学建议,,,,来源定位不足,来源定位不足,0.50,pending_review,false,candidate year-report observation
YRO-C003-2019-19,2019,QPHY-C003-2019-19,19,SRC-C003-016,2019广州中考年报.pdf,年报全卷/逐题分析待人工定位,年报存在；自动逐题页码定位不足，需人工核验难度、区分度、学生错误和教学建议,,,,来源定位不足,来源定位不足,0.50,pending_review,false,candidate year-report observation
YRO-C003-2019-20,2019,QPHY-C003-2019-20,20,SRC-C003-016,2019广州中考年报.pdf,年报全卷/逐题分析待人工定位,年报存在；自动逐题页码定位不足，需人工核验难度、区分度、学生错误和教学建议,,,,来源定位不足,来源定位不足,0.50,pending_review,false,candidate year-report observation
YRO-C003-2019-21,2019,QPHY-C003-2019-21,21,SRC-C003-016,2019广州中考年报.pdf,年报全卷/逐题分析待人工定位,年报存在；自动逐题页码定位不足，需人工核验难度、区分度、学生错误和教学建议,,,,来源定位不足,来源定位不足,0.50,pending_review,false,candidate year-report observation
YRO-C003-2019-22,2019,QPHY-C003-2019-22,22,SRC-C003-016,2019广州中考年报.pdf,年报全卷/逐题分析待人工定位,年报存在；自动逐题页码定位不足，需人工核验难度、区分度、学生错误和教学建议,,,,来源定位不足,来源定位不足,0.50,pending_review,false,candidate year-report observation
YRO-C003-2019-23,2019,QPHY-C003-2019-23,23,SRC-C003-016,2019广州中考年报.pdf,年报全卷/逐题分析待人工定位,年报存在；自动逐题页码定位不足，需人工核验难度、区分度、学生错误和教学建议,,,,来源定位不足,来源定位不足,0.50,pending_review,false,candidate year-report observation
YRO-C003-2019-24,2019,QPHY-C003-2019-24,24,SRC-C003-016,2019广州中考年报.pdf,年报全卷/逐题分析待人工定位,年报存在；自动逐题页码定位不足，需人工核验难度、区分度、学生错误和教学建议,,,,来源定位不足,来源定位不足,0.50,pending_review,false,candidate year-report observation
YRO-C003-2020-01,2020,QPHY-C003-2020-01,1,SRC-C003-018,2020广州中考年报.pdf,年报全卷/逐题分析待人工定位,年报存在；自动逐题页码定位不足，需人工核验难度、区分度、学生错误和教学建议,,,,来源定位不足,来源定位不足,0.50,pending_review,false,candidate year-report observation
YRO-C003-2020-02,2020,QPHY-C003-2020-02,2,SRC-C003-018,2020广州中考年报.pdf,年报全卷/逐题分析待人工定位,年报存在；自动逐题页码定位不足，需人工核验难度、区分度、学生错误和教学建议,,,,来源定位不足,来源定位不足,0.50,pending_review,false,candidate year-report observation
YRO-C003-2020-03,2020,QPHY-C003-2020-03,3,SRC-C003-018,2020广州中考年报.pdf,年报全卷/逐题分析待人工定位,年报存在；自动逐题页码定位不足，需人工核验难度、区分度、学生错误和教学建议,,,,来源定位不足,来源定位不足,0.50,pending_review,false,candidate year-report observation
YRO-C003-2020-04,2020,QPHY-C003-2020-04,4,SRC-C003-018,2020广州中考年报.pdf,年报全卷/逐题分析待人工定位,年报存在；自动逐题页码定位不足，需人工核验难度、区分度、学生错误和教学建议,,,,来源定位不足,来源定位不足,0.50,pending_review,false,candidate year-report observation
YRO-C003-2020-05,2020,QPHY-C003-2020-05,5,SRC-C003-018,2020广州中考年报.pdf,年报全卷/逐题分析待人工定位,年报存在；自动逐题页码定位不足，需人工核验难度、区分度、学生错误和教学建议,,,,来源定位不足,来源定位不足,0.50,pending_review,false,candidate year-report observation
YRO-C003-2020-06,2020,QPHY-C003-2020-06,6,SRC-C003-018,2020广州中考年报.pdf,年报全卷/逐题分析待人工定位,年报存在；自动逐题页码定位不足，需人工核验难度、区分度、学生错误和教学建议,,,,来源定位不足,来源定位不足,0.50,pending_review,false,candidate year-report observation
YRO-C003-2020-07,2020,QPHY-C003-2020-07,7,SRC-C003-018,2020广州中考年报.pdf,年报全卷/逐题分析待人工定位,年报存在；自动逐题页码定位不足，需人工核验难度、区分度、学生错误和教学建议,,,,来源定位不足,来源定位不足,0.50,pending_review,false,candidate year-report observation
YRO-C003-2020-08,2020,QPHY-C003-2020-08,8,SRC-C003-018,2020广州中考年报.pdf,年报全卷/逐题分析待人工定位,年报存在；自动逐题页码定位不足，需人工核验难度、区分度、学生错误和教学建议,,,,来源定位不足,来源定位不足,0.50,pending_review,false,candidate year-report observation
YRO-C003-2020-09,2020,QPHY-C003-2020-09,9,SRC-C003-018,2020广州中考年报.pdf,年报全卷/逐题分析待人工定位,年报存在；自动逐题页码定位不足，需人工核验难度、区分度、学生错误和教学建议,,,,来源定位不足,来源定位不足,0.50,pending_review,false,candidate year-report observation
YRO-C003-2020-10,2020,QPHY-C003-2020-10,10,SRC-C003-018,2020广州中考年报.pdf,年报全卷/逐题分析待人工定位,年报存在；自动逐题页码定位不足，需人工核验难度、区分度、学生错误和教学建议,,,,来源定位不足,来源定位不足,0.50,pending_review,false,candidate year-report observation
YRO-C003-2020-11,2020,QPHY-C003-2020-11,11,SRC-C003-018,2020广州中考年报.pdf,年报全卷/逐题分析待人工定位,年报存在；自动逐题页码定位不足，需人工核验难度、区分度、学生错误和教学建议,,,,来源定位不足,来源定位不足,0.50,pending_review,false,candidate year-report observation
YRO-C003-2020-12,2020,QPHY-C003-2020-12,12,SRC-C003-018,2020广州中考年报.pdf,年报全卷/逐题分析待人工定位,年报存在；自动逐题页码定位不足，需人工核验难度、区分度、学生错误和教学建议,,,,来源定位不足,来源定位不足,0.50,pending_review,false,candidate year-report observation
YRO-C003-2020-13,2020,QPHY-C003-2020-13,13,SRC-C003-018,2020广州中考年报.pdf,年报全卷/逐题分析待人工定位,年报存在；自动逐题页码定位不足，需人工核验难度、区分度、学生错误和教学建议,,,,来源定位不足,来源定位不足,0.50,pending_review,false,candidate year-report observation
YRO-C003-2020-14,2020,QPHY-C003-2020-14,14,SRC-C003-018,2020广州中考年报.pdf,年报全卷/逐题分析待人工定位,年报存在；自动逐题页码定位不足，需人工核验难度、区分度、学生错误和教学建议,,,,来源定位不足,来源定位不足,0.50,pending_review,false,candidate year-report observation
YRO-C003-2020-15,2020,QPHY-C003-2020-15,15,SRC-C003-018,2020广州中考年报.pdf,年报全卷/逐题分析待人工定位,年报存在；自动逐题页码定位不足，需人工核验难度、区分度、学生错误和教学建议,,,,来源定位不足,来源定位不足,0.50,pending_review,false,candidate year-report observation
YRO-C003-2020-16,2020,QPHY-C003-2020-16,16,SRC-C003-018,2020广州中考年报.pdf,年报全卷/逐题分析待人工定位,年报存在；自动逐题页码定位不足，需人工核验难度、区分度、学生错误和教学建议,,,,来源定位不足,来源定位不足,0.50,pending_review,false,candidate year-report observation
YRO-C003-2020-17,2020,QPHY-C003-2020-17,17,SRC-C003-018,2020广州中考年报.pdf,年报全卷/逐题分析待人工定位,年报存在；自动逐题页码定位不足，需人工核验难度、区分度、学生错误和教学建议,,,,来源定位不足,来源定位不足,0.50,pending_review,false,candidate year-report observation
YRO-C003-2020-18,2020,QPHY-C003-2020-18,18,SRC-C003-018,2020广州中考年报.pdf,年报全卷/逐题分析待人工定位,年报存在；自动逐题页码定位不足，需人工核验难度、区分度、学生错误和教学建议,,,,来源定位不足,来源定位不足,0.50,pending_review,false,candidate year-report observation
YRO-C003-2020-19,2020,QPHY-C003-2020-19,19,SRC-C003-018,2020广州中考年报.pdf,年报全卷/逐题分析待人工定位,年报存在；自动逐题页码定位不足，需人工核验难度、区分度、学生错误和教学建议,,,,来源定位不足,来源定位不足,0.50,pending_review,false,candidate year-report observation
YRO-C003-2020-20,2020,QPHY-C003-2020-20,20,SRC-C003-018,2020广州中考年报.pdf,年报全卷/逐题分析待人工定位,年报存在；自动逐题页码定位不足，需人工核验难度、区分度、学生错误和教学建议,,,,来源定位不足,来源定位不足,0.50,pending_review,false,candidate year-report observation
YRO-C003-2020-21,2020,QPHY-C003-2020-21,21,SRC-C003-018,2020广州中考年报.pdf,年报全卷/逐题分析待人工定位,年报存在；自动逐题页码定位不足，需人工核验难度、区分度、学生错误和教学建议,,,,来源定位不足,来源定位不足,0.50,pending_review,false,candidate year-report observation
YRO-C003-2020-22,2020,QPHY-C003-2020-22,22,SRC-C003-018,2020广州中考年报.pdf,年报全卷/逐题分析待人工定位,年报存在；自动逐题页码定位不足，需人工核验难度、区分度、学生错误和教学建议,,,,来源定位不足,来源定位不足,0.50,pending_review,false,candidate year-report observation
YRO-C003-2020-23,2020,QPHY-C003-2020-23,23,SRC-C003-018,2020广州中考年报.pdf,年报全卷/逐题分析待人工定位,年报存在；自动逐题页码定位不足，需人工核验难度、区分度、学生错误和教学建议,,,,来源定位不足,来源定位不足,0.50,pending_review,false,candidate year-report observation
YRO-C003-2020-24,2020,QPHY-C003-2020-24,24,SRC-C003-018,2020广州中考年报.pdf,年报全卷/逐题分析待人工定位,年报存在；自动逐题页码定位不足，需人工核验难度、区分度、学生错误和教学建议,,,,来源定位不足,来源定位不足,0.50,pending_review,false,candidate year-report observation
YRO-C003-2021-01,2021,QPHY-C003-2021-01,1,SRC-C003-021,2021广州中考年报.pdf,年报全卷/逐题分析待人工定位,年报存在；自动逐题页码定位不足，需人工核验难度、区分度、学生错误和教学建议,,,,来源定位不足,来源定位不足,0.50,pending_review,false,candidate year-report observation
YRO-C003-2021-02,2021,QPHY-C003-2021-02,2,SRC-C003-021,2021广州中考年报.pdf,年报全卷/逐题分析待人工定位,年报存在；自动逐题页码定位不足，需人工核验难度、区分度、学生错误和教学建议,,,,来源定位不足,来源定位不足,0.50,pending_review,false,candidate year-report observation
YRO-C003-2021-03,2021,QPHY-C003-2021-03,3,SRC-C003-021,2021广州中考年报.pdf,年报全卷/逐题分析待人工定位,年报存在；自动逐题页码定位不足，需人工核验难度、区分度、学生错误和教学建议,,,,来源定位不足,来源定位不足,0.50,pending_review,false,candidate year-report observation
YRO-C003-2021-04,2021,QPHY-C003-2021-04,4,SRC-C003-021,2021广州中考年报.pdf,年报全卷/逐题分析待人工定位,年报存在；自动逐题页码定位不足，需人工核验难度、区分度、学生错误和教学建议,,,,来源定位不足,来源定位不足,0.50,pending_review,false,candidate year-report observation
YRO-C003-2021-05,2021,QPHY-C003-2021-05,5,SRC-C003-021,2021广州中考年报.pdf,年报全卷/逐题分析待人工定位,年报存在；自动逐题页码定位不足，需人工核验难度、区分度、学生错误和教学建议,,,,来源定位不足,来源定位不足,0.50,pending_review,false,candidate year-report observation
YRO-C003-2021-06,2021,QPHY-C003-2021-06,6,SRC-C003-021,2021广州中考年报.pdf,年报全卷/逐题分析待人工定位,年报存在；自动逐题页码定位不足，需人工核验难度、区分度、学生错误和教学建议,,,,来源定位不足,来源定位不足,0.50,pending_review,false,candidate year-report observation
YRO-C003-2021-07,2021,QPHY-C003-2021-07,7,SRC-C003-021,2021广州中考年报.pdf,年报全卷/逐题分析待人工定位,年报存在；自动逐题页码定位不足，需人工核验难度、区分度、学生错误和教学建议,,,,来源定位不足,来源定位不足,0.50,pending_review,false,candidate year-report observation
YRO-C003-2021-08,2021,QPHY-C003-2021-08,8,SRC-C003-021,2021广州中考年报.pdf,年报全卷/逐题分析待人工定位,年报存在；自动逐题页码定位不足，需人工核验难度、区分度、学生错误和教学建议,,,,来源定位不足,来源定位不足,0.50,pending_review,false,candidate year-report observation
YRO-C003-2021-09,2021,QPHY-C003-2021-09,9,SRC-C003-021,2021广州中考年报.pdf,年报全卷/逐题分析待人工定位,年报存在；自动逐题页码定位不足，需人工核验难度、区分度、学生错误和教学建议,,,,来源定位不足,来源定位不足,0.50,pending_review,false,candidate year-report observation
YRO-C003-2021-10,2021,QPHY-C003-2021-10,10,SRC-C003-021,2021广州中考年报.pdf,年报全卷/逐题分析待人工定位,年报存在；自动逐题页码定位不足，需人工核验难度、区分度、学生错误和教学建议,,,,来源定位不足,来源定位不足,0.50,pending_review,false,candidate year-report observation
YRO-C003-2021-11,2021,QPHY-C003-2021-11,11,SRC-C003-021,2021广州中考年报.pdf,年报全卷/逐题分析待人工定位,年报存在；自动逐题页码定位不足，需人工核验难度、区分度、学生错误和教学建议,,,,来源定位不足,来源定位不足,0.50,pending_review,false,candidate year-report observation
YRO-C003-2021-12,2021,QPHY-C003-2021-12,12,SRC-C003-021,2021广州中考年报.pdf,年报全卷/逐题分析待人工定位,年报存在；自动逐题页码定位不足，需人工核验难度、区分度、学生错误和教学建议,,,,来源定位不足,来源定位不足,0.50,pending_review,false,candidate year-report observation
YRO-C003-2021-13,2021,QPHY-C003-2021-13,13,SRC-C003-021,2021广州中考年报.pdf,年报全卷/逐题分析待人工定位,年报存在；自动逐题页码定位不足，需人工核验难度、区分度、学生错误和教学建议,,,,来源定位不足,来源定位不足,0.50,pending_review,false,candidate year-report observation
YRO-C003-2021-14,2021,QPHY-C003-2021-14,14,SRC-C003-021,2021广州中考年报.pdf,年报全卷/逐题分析待人工定位,年报存在；自动逐题页码定位不足，需人工核验难度、区分度、学生错误和教学建议,,,,来源定位不足,来源定位不足,0.50,pending_review,false,candidate year-report observation
YRO-C003-2021-15,2021,QPHY-C003-2021-15,15,SRC-C003-021,2021广州中考年报.pdf,年报全卷/逐题分析待人工定位,年报存在；自动逐题页码定位不足，需人工核验难度、区分度、学生错误和教学建议,,,,来源定位不足,来源定位不足,0.50,pending_review,false,candidate year-report observation
YRO-C003-2021-16,2021,QPHY-C003-2021-16,16,SRC-C003-021,2021广州中考年报.pdf,年报全卷/逐题分析待人工定位,年报存在；自动逐题页码定位不足，需人工核验难度、区分度、学生错误和教学建议,,,,来源定位不足,来源定位不足,0.50,pending_review,false,candidate year-report observation
YRO-C003-2021-17,2021,QPHY-C003-2021-17,17,SRC-C003-021,2021广州中考年报.pdf,年报全卷/逐题分析待人工定位,年报存在；自动逐题页码定位不足，需人工核验难度、区分度、学生错误和教学建议,,,,来源定位不足,来源定位不足,0.50,pending_review,false,candidate year-report observation
YRO-C003-2021-18,2021,QPHY-C003-2021-18,18,SRC-C003-021,2021广州中考年报.pdf,年报全卷/逐题分析待人工定位,年报存在；自动逐题页码定位不足，需人工核验难度、区分度、学生错误和教学建议,,,,来源定位不足,来源定位不足,0.50,pending_review,false,candidate year-report observation
YRO-C003-2022-01,2022,QPHY-C003-2022-01,1,SRC-C003-024,2022广州中考年报.pdf,年报全卷/逐题分析待人工定位,年报存在；自动逐题页码定位不足，需人工核验难度、区分度、学生错误和教学建议,,,,来源定位不足,来源定位不足,0.50,pending_review,false,candidate year-report observation
YRO-C003-2022-02,2022,QPHY-C003-2022-02,2,SRC-C003-024,2022广州中考年报.pdf,年报全卷/逐题分析待人工定位,年报存在；自动逐题页码定位不足，需人工核验难度、区分度、学生错误和教学建议,,,,来源定位不足,来源定位不足,0.50,pending_review,false,candidate year-report observation
YRO-C003-2022-03,2022,QPHY-C003-2022-03,3,SRC-C003-024,2022广州中考年报.pdf,年报全卷/逐题分析待人工定位,年报存在；自动逐题页码定位不足，需人工核验难度、区分度、学生错误和教学建议,,,,来源定位不足,来源定位不足,0.50,pending_review,false,candidate year-report observation
YRO-C003-2022-04,2022,QPHY-C003-2022-04,4,SRC-C003-024,2022广州中考年报.pdf,年报全卷/逐题分析待人工定位,年报存在；自动逐题页码定位不足，需人工核验难度、区分度、学生错误和教学建议,,,,来源定位不足,来源定位不足,0.50,pending_review,false,candidate year-report observation
YRO-C003-2022-05,2022,QPHY-C003-2022-05,5,SRC-C003-024,2022广州中考年报.pdf,年报全卷/逐题分析待人工定位,年报存在；自动逐题页码定位不足，需人工核验难度、区分度、学生错误和教学建议,,,,来源定位不足,来源定位不足,0.50,pending_review,false,candidate year-report observation
YRO-C003-2022-06,2022,QPHY-C003-2022-06,6,SRC-C003-024,2022广州中考年报.pdf,年报全卷/逐题分析待人工定位,年报存在；自动逐题页码定位不足，需人工核验难度、区分度、学生错误和教学建议,,,,来源定位不足,来源定位不足,0.50,pending_review,false,candidate year-report observation
YRO-C003-2022-07,2022,QPHY-C003-2022-07,7,SRC-C003-024,2022广州中考年报.pdf,年报全卷/逐题分析待人工定位,年报存在；自动逐题页码定位不足，需人工核验难度、区分度、学生错误和教学建议,,,,来源定位不足,来源定位不足,0.50,pending_review,false,candidate year-report observation
YRO-C003-2022-08,2022,QPHY-C003-2022-08,8,SRC-C003-024,2022广州中考年报.pdf,年报全卷/逐题分析待人工定位,年报存在；自动逐题页码定位不足，需人工核验难度、区分度、学生错误和教学建议,,,,来源定位不足,来源定位不足,0.50,pending_review,false,candidate year-report observation
YRO-C003-2022-09,2022,QPHY-C003-2022-09,9,SRC-C003-024,2022广州中考年报.pdf,年报全卷/逐题分析待人工定位,年报存在；自动逐题页码定位不足，需人工核验难度、区分度、学生错误和教学建议,,,,来源定位不足,来源定位不足,0.50,pending_review,false,candidate year-report observation
YRO-C003-2022-10,2022,QPHY-C003-2022-10,10,SRC-C003-024,2022广州中考年报.pdf,年报全卷/逐题分析待人工定位,年报存在；自动逐题页码定位不足，需人工核验难度、区分度、学生错误和教学建议,,,,来源定位不足,来源定位不足,0.50,pending_review,false,candidate year-report observation
YRO-C003-2022-11,2022,QPHY-C003-2022-11,11,SRC-C003-024,2022广州中考年报.pdf,年报全卷/逐题分析待人工定位,年报存在；自动逐题页码定位不足，需人工核验难度、区分度、学生错误和教学建议,,,,来源定位不足,来源定位不足,0.50,pending_review,false,candidate year-report observation
YRO-C003-2022-12,2022,QPHY-C003-2022-12,12,SRC-C003-024,2022广州中考年报.pdf,年报全卷/逐题分析待人工定位,年报存在；自动逐题页码定位不足，需人工核验难度、区分度、学生错误和教学建议,,,,来源定位不足,来源定位不足,0.50,pending_review,false,candidate year-report observation
YRO-C003-2022-13,2022,QPHY-C003-2022-13,13,SRC-C003-024,2022广州中考年报.pdf,年报全卷/逐题分析待人工定位,年报存在；自动逐题页码定位不足，需人工核验难度、区分度、学生错误和教学建议,,,,来源定位不足,来源定位不足,0.50,pending_review,false,candidate year-report observation
YRO-C003-2022-14,2022,QPHY-C003-2022-14,14,SRC-C003-024,2022广州中考年报.pdf,年报全卷/逐题分析待人工定位,年报存在；自动逐题页码定位不足，需人工核验难度、区分度、学生错误和教学建议,,,,来源定位不足,来源定位不足,0.50,pending_review,false,candidate year-report observation
YRO-C003-2022-15,2022,QPHY-C003-2022-15,15,SRC-C003-024,2022广州中考年报.pdf,年报全卷/逐题分析待人工定位,年报存在；自动逐题页码定位不足，需人工核验难度、区分度、学生错误和教学建议,,,,来源定位不足,来源定位不足,0.50,pending_review,false,candidate year-report observation
YRO-C003-2022-16,2022,QPHY-C003-2022-16,16,SRC-C003-024,2022广州中考年报.pdf,年报全卷/逐题分析待人工定位,年报存在；自动逐题页码定位不足，需人工核验难度、区分度、学生错误和教学建议,,,,来源定位不足,来源定位不足,0.50,pending_review,false,candidate year-report observation
YRO-C003-2022-17,2022,QPHY-C003-2022-17,17,SRC-C003-024,2022广州中考年报.pdf,年报全卷/逐题分析待人工定位,年报存在；自动逐题页码定位不足，需人工核验难度、区分度、学生错误和教学建议,,,,来源定位不足,来源定位不足,0.50,pending_review,false,candidate year-report observation
YRO-C003-2022-18,2022,QPHY-C003-2022-18,18,SRC-C003-024,2022广州中考年报.pdf,年报全卷/逐题分析待人工定位,年报存在；自动逐题页码定位不足，需人工核验难度、区分度、学生错误和教学建议,,,,来源定位不足,来源定位不足,0.50,pending_review,false,candidate year-report observation
YRO-C003-2023-01,2023,QPHY-C003-2023-01,1,SRC-C003-027,2023广州中考年报.pdf,年报全卷/逐题分析待人工定位,年报存在；自动逐题页码定位不足，需人工核验难度、区分度、学生错误和教学建议,,,,来源定位不足,来源定位不足,0.50,pending_review,false,candidate year-report observation
YRO-C003-2023-02,2023,QPHY-C003-2023-02,2,SRC-C003-027,2023广州中考年报.pdf,年报全卷/逐题分析待人工定位,年报存在；自动逐题页码定位不足，需人工核验难度、区分度、学生错误和教学建议,,,,来源定位不足,来源定位不足,0.50,pending_review,false,candidate year-report observation
YRO-C003-2023-03,2023,QPHY-C003-2023-03,3,SRC-C003-027,2023广州中考年报.pdf,年报全卷/逐题分析待人工定位,年报存在；自动逐题页码定位不足，需人工核验难度、区分度、学生错误和教学建议,,,,来源定位不足,来源定位不足,0.50,pending_review,false,candidate year-report observation
YRO-C003-2023-04,2023,QPHY-C003-2023-04,4,SRC-C003-027,2023广州中考年报.pdf,年报全卷/逐题分析待人工定位,年报存在；自动逐题页码定位不足，需人工核验难度、区分度、学生错误和教学建议,,,,来源定位不足,来源定位不足,0.50,pending_review,false,candidate year-report observation
YRO-C003-2023-05,2023,QPHY-C003-2023-05,5,SRC-C003-027,2023广州中考年报.pdf,年报全卷/逐题分析待人工定位,年报存在；自动逐题页码定位不足，需人工核验难度、区分度、学生错误和教学建议,,,,来源定位不足,来源定位不足,0.50,pending_review,false,candidate year-report observation
YRO-C003-2023-06,2023,QPHY-C003-2023-06,6,SRC-C003-027,2023广州中考年报.pdf,年报全卷/逐题分析待人工定位,年报存在；自动逐题页码定位不足，需人工核验难度、区分度、学生错误和教学建议,,,,来源定位不足,来源定位不足,0.50,pending_review,false,candidate year-report observation
YRO-C003-2023-07,2023,QPHY-C003-2023-07,7,SRC-C003-027,2023广州中考年报.pdf,年报全卷/逐题分析待人工定位,年报存在；自动逐题页码定位不足，需人工核验难度、区分度、学生错误和教学建议,,,,来源定位不足,来源定位不足,0.50,pending_review,false,candidate year-report observation
YRO-C003-2023-08,2023,QPHY-C003-2023-08,8,SRC-C003-027,2023广州中考年报.pdf,年报全卷/逐题分析待人工定位,年报存在；自动逐题页码定位不足，需人工核验难度、区分度、学生错误和教学建议,,,,来源定位不足,来源定位不足,0.50,pending_review,false,candidate year-report observation
YRO-C003-2023-09,2023,QPHY-C003-2023-09,9,SRC-C003-027,2023广州中考年报.pdf,年报全卷/逐题分析待人工定位,年报存在；自动逐题页码定位不足，需人工核验难度、区分度、学生错误和教学建议,,,,来源定位不足,来源定位不足,0.50,pending_review,false,candidate year-report observation
YRO-C003-2023-10,2023,QPHY-C003-2023-10,10,SRC-C003-027,2023广州中考年报.pdf,年报全卷/逐题分析待人工定位,年报存在；自动逐题页码定位不足，需人工核验难度、区分度、学生错误和教学建议,,,,来源定位不足,来源定位不足,0.50,pending_review,false,candidate year-report observation
YRO-C003-2023-11,2023,QPHY-C003-2023-11,11,SRC-C003-027,2023广州中考年报.pdf,年报全卷/逐题分析待人工定位,年报存在；自动逐题页码定位不足，需人工核验难度、区分度、学生错误和教学建议,,,,来源定位不足,来源定位不足,0.50,pending_review,false,candidate year-report observation
YRO-C003-2023-12,2023,QPHY-C003-2023-12,12,SRC-C003-027,2023广州中考年报.pdf,年报全卷/逐题分析待人工定位,年报存在；自动逐题页码定位不足，需人工核验难度、区分度、学生错误和教学建议,,,,来源定位不足,来源定位不足,0.50,pending_review,false,candidate year-report observation
YRO-C003-2023-13,2023,QPHY-C003-2023-13,13,SRC-C003-027,2023广州中考年报.pdf,年报全卷/逐题分析待人工定位,年报存在；自动逐题页码定位不足，需人工核验难度、区分度、学生错误和教学建议,,,,来源定位不足,来源定位不足,0.50,pending_review,false,candidate year-report observation
YRO-C003-2023-14,2023,QPHY-C003-2023-14,14,SRC-C003-027,2023广州中考年报.pdf,年报全卷/逐题分析待人工定位,年报存在；自动逐题页码定位不足，需人工核验难度、区分度、学生错误和教学建议,,,,来源定位不足,来源定位不足,0.50,pending_review,false,candidate year-report observation
YRO-C003-2023-15,2023,QPHY-C003-2023-15,15,SRC-C003-027,2023广州中考年报.pdf,年报全卷/逐题分析待人工定位,年报存在；自动逐题页码定位不足，需人工核验难度、区分度、学生错误和教学建议,,,,来源定位不足,来源定位不足,0.50,pending_review,false,candidate year-report observation
YRO-C003-2023-16,2023,QPHY-C003-2023-16,16,SRC-C003-027,2023广州中考年报.pdf,年报全卷/逐题分析待人工定位,年报存在；自动逐题页码定位不足，需人工核验难度、区分度、学生错误和教学建议,,,,来源定位不足,来源定位不足,0.50,pending_review,false,candidate year-report observation
YRO-C003-2023-17,2023,QPHY-C003-2023-17,17,SRC-C003-027,2023广州中考年报.pdf,年报全卷/逐题分析待人工定位,年报存在；自动逐题页码定位不足，需人工核验难度、区分度、学生错误和教学建议,,,,来源定位不足,来源定位不足,0.50,pending_review,false,candidate year-report observation
YRO-C003-2023-18,2023,QPHY-C003-2023-18,18,SRC-C003-027,2023广州中考年报.pdf,年报全卷/逐题分析待人工定位,年报存在；自动逐题页码定位不足，需人工核验难度、区分度、学生错误和教学建议,,,,来源定位不足,来源定位不足,0.50,pending_review,false,candidate year-report observation
YRO-C003-2024-01,2024,QPHY-C003-2024-01,1,SRC-C003-030,2024广州中考年报.pdf,年报全卷/逐题分析待人工定位,年报存在；自动逐题页码定位不足，需人工核验难度、区分度、学生错误和教学建议,,,,来源定位不足,来源定位不足,0.50,pending_review,false,candidate year-report observation
YRO-C003-2024-02,2024,QPHY-C003-2024-02,2,SRC-C003-030,2024广州中考年报.pdf,年报全卷/逐题分析待人工定位,年报存在；自动逐题页码定位不足，需人工核验难度、区分度、学生错误和教学建议,,,,来源定位不足,来源定位不足,0.50,pending_review,false,candidate year-report observation
YRO-C003-2024-03,2024,QPHY-C003-2024-03,3,SRC-C003-030,2024广州中考年报.pdf,年报全卷/逐题分析待人工定位,年报存在；自动逐题页码定位不足，需人工核验难度、区分度、学生错误和教学建议,,,,来源定位不足,来源定位不足,0.50,pending_review,false,candidate year-report observation
YRO-C003-2024-04,2024,QPHY-C003-2024-04,4,SRC-C003-030,2024广州中考年报.pdf,年报全卷/逐题分析待人工定位,年报存在；自动逐题页码定位不足，需人工核验难度、区分度、学生错误和教学建议,,,,来源定位不足,来源定位不足,0.50,pending_review,false,candidate year-report observation
YRO-C003-2024-05,2024,QPHY-C003-2024-05,5,SRC-C003-030,2024广州中考年报.pdf,年报全卷/逐题分析待人工定位,年报存在；自动逐题页码定位不足，需人工核验难度、区分度、学生错误和教学建议,,,,来源定位不足,来源定位不足,0.50,pending_review,false,candidate year-report observation
YRO-C003-2024-06,2024,QPHY-C003-2024-06,6,SRC-C003-030,2024广州中考年报.pdf,年报全卷/逐题分析待人工定位,年报存在；自动逐题页码定位不足，需人工核验难度、区分度、学生错误和教学建议,,,,来源定位不足,来源定位不足,0.50,pending_review,false,candidate year-report observation
YRO-C003-2024-07,2024,QPHY-C003-2024-07,7,SRC-C003-030,2024广州中考年报.pdf,年报全卷/逐题分析待人工定位,年报存在；自动逐题页码定位不足，需人工核验难度、区分度、学生错误和教学建议,,,,来源定位不足,来源定位不足,0.50,pending_review,false,candidate year-report observation
YRO-C003-2024-08,2024,QPHY-C003-2024-08,8,SRC-C003-030,2024广州中考年报.pdf,年报全卷/逐题分析待人工定位,年报存在；自动逐题页码定位不足，需人工核验难度、区分度、学生错误和教学建议,,,,来源定位不足,来源定位不足,0.50,pending_review,false,candidate year-report observation
YRO-C003-2024-09,2024,QPHY-C003-2024-09,9,SRC-C003-030,2024广州中考年报.pdf,年报全卷/逐题分析待人工定位,年报存在；自动逐题页码定位不足，需人工核验难度、区分度、学生错误和教学建议,,,,来源定位不足,来源定位不足,0.50,pending_review,false,candidate year-report observation
YRO-C003-2024-10,2024,QPHY-C003-2024-10,10,SRC-C003-030,2024广州中考年报.pdf,年报全卷/逐题分析待人工定位,年报存在；自动逐题页码定位不足，需人工核验难度、区分度、学生错误和教学建议,,,,来源定位不足,来源定位不足,0.50,pending_review,false,candidate year-report observation
YRO-C003-2024-11,2024,QPHY-C003-2024-11,11,SRC-C003-030,2024广州中考年报.pdf,年报全卷/逐题分析待人工定位,年报存在；自动逐题页码定位不足，需人工核验难度、区分度、学生错误和教学建议,,,,来源定位不足,来源定位不足,0.50,pending_review,false,candidate year-report observation
YRO-C003-2024-12,2024,QPHY-C003-2024-12,12,SRC-C003-030,2024广州中考年报.pdf,年报全卷/逐题分析待人工定位,年报存在；自动逐题页码定位不足，需人工核验难度、区分度、学生错误和教学建议,,,,来源定位不足,来源定位不足,0.50,pending_review,false,candidate year-report observation
YRO-C003-2024-13,2024,QPHY-C003-2024-13,13,SRC-C003-030,2024广州中考年报.pdf,年报全卷/逐题分析待人工定位,年报存在；自动逐题页码定位不足，需人工核验难度、区分度、学生错误和教学建议,,,,来源定位不足,来源定位不足,0.50,pending_review,false,candidate year-report observation
YRO-C003-2024-14,2024,QPHY-C003-2024-14,14,SRC-C003-030,2024广州中考年报.pdf,年报全卷/逐题分析待人工定位,年报存在；自动逐题页码定位不足，需人工核验难度、区分度、学生错误和教学建议,,,,来源定位不足,来源定位不足,0.50,pending_review,false,candidate year-report observation
YRO-C003-2024-15,2024,QPHY-C003-2024-15,15,SRC-C003-030,2024广州中考年报.pdf,年报全卷/逐题分析待人工定位,年报存在；自动逐题页码定位不足，需人工核验难度、区分度、学生错误和教学建议,,,,来源定位不足,来源定位不足,0.50,pending_review,false,candidate year-report observation
YRO-C003-2024-16,2024,QPHY-C003-2024-16,16,SRC-C003-030,2024广州中考年报.pdf,年报全卷/逐题分析待人工定位,年报存在；自动逐题页码定位不足，需人工核验难度、区分度、学生错误和教学建议,,,,来源定位不足,来源定位不足,0.50,pending_review,false,candidate year-report observation
YRO-C003-2024-17,2024,QPHY-C003-2024-17,17,SRC-C003-030,2024广州中考年报.pdf,年报全卷/逐题分析待人工定位,年报存在；自动逐题页码定位不足，需人工核验难度、区分度、学生错误和教学建议,,,,来源定位不足,来源定位不足,0.50,pending_review,false,candidate year-report observation
YRO-C003-2024-18,2024,QPHY-C003-2024-18,18,SRC-C003-030,2024广州中考年报.pdf,年报全卷/逐题分析待人工定位,年报存在；自动逐题页码定位不足，需人工核验难度、区分度、学生错误和教学建议,,,,来源定位不足,来源定位不足,0.50,pending_review,false,candidate year-report observation
YRO-C003-2025-01,2025,QPHY-C003-2025-01,1,SRC-C003-033,2025广州中考年报.pdf,年报全卷/逐题分析待人工定位,年报存在；自动逐题页码定位不足，需人工核验难度、区分度、学生错误和教学建议,,,,来源定位不足,来源定位不足,0.50,pending_review,false,candidate year-report observation
YRO-C003-2025-02,2025,QPHY-C003-2025-02,2,SRC-C003-033,2025广州中考年报.pdf,年报全卷/逐题分析待人工定位,年报存在；自动逐题页码定位不足，需人工核验难度、区分度、学生错误和教学建议,,,,来源定位不足,来源定位不足,0.50,pending_review,false,candidate year-report observation
YRO-C003-2025-03,2025,QPHY-C003-2025-03,3,SRC-C003-033,2025广州中考年报.pdf,年报全卷/逐题分析待人工定位,年报存在；自动逐题页码定位不足，需人工核验难度、区分度、学生错误和教学建议,,,,来源定位不足,来源定位不足,0.50,pending_review,false,candidate year-report observation
YRO-C003-2025-04,2025,QPHY-C003-2025-04,4,SRC-C003-033,2025广州中考年报.pdf,年报全卷/逐题分析待人工定位,年报存在；自动逐题页码定位不足，需人工核验难度、区分度、学生错误和教学建议,,,,来源定位不足,来源定位不足,0.50,pending_review,false,candidate year-report observation
YRO-C003-2025-05,2025,QPHY-C003-2025-05,5,SRC-C003-033,2025广州中考年报.pdf,年报全卷/逐题分析待人工定位,年报存在；自动逐题页码定位不足，需人工核验难度、区分度、学生错误和教学建议,,,,来源定位不足,来源定位不足,0.50,pending_review,false,candidate year-report observation
YRO-C003-2025-06,2025,QPHY-C003-2025-06,6,SRC-C003-033,2025广州中考年报.pdf,年报全卷/逐题分析待人工定位,年报存在；自动逐题页码定位不足，需人工核验难度、区分度、学生错误和教学建议,,,,来源定位不足,来源定位不足,0.50,pending_review,false,candidate year-report observation
YRO-C003-2025-07,2025,QPHY-C003-2025-07,7,SRC-C003-033,2025广州中考年报.pdf,年报全卷/逐题分析待人工定位,年报存在；自动逐题页码定位不足，需人工核验难度、区分度、学生错误和教学建议,,,,来源定位不足,来源定位不足,0.50,pending_review,false,candidate year-report observation
YRO-C003-2025-08,2025,QPHY-C003-2025-08,8,SRC-C003-033,2025广州中考年报.pdf,年报全卷/逐题分析待人工定位,年报存在；自动逐题页码定位不足，需人工核验难度、区分度、学生错误和教学建议,,,,来源定位不足,来源定位不足,0.50,pending_review,false,candidate year-report observation
YRO-C003-2025-09,2025,QPHY-C003-2025-09,9,SRC-C003-033,2025广州中考年报.pdf,年报全卷/逐题分析待人工定位,年报存在；自动逐题页码定位不足，需人工核验难度、区分度、学生错误和教学建议,,,,来源定位不足,来源定位不足,0.50,pending_review,false,candidate year-report observation
YRO-C003-2025-10,2025,QPHY-C003-2025-10,10,SRC-C003-033,2025广州中考年报.pdf,年报全卷/逐题分析待人工定位,年报存在；自动逐题页码定位不足，需人工核验难度、区分度、学生错误和教学建议,,,,来源定位不足,来源定位不足,0.50,pending_review,false,candidate year-report observation
YRO-C003-2025-11,2025,QPHY-C003-2025-11,11,SRC-C003-033,2025广州中考年报.pdf,年报全卷/逐题分析待人工定位,年报存在；自动逐题页码定位不足，需人工核验难度、区分度、学生错误和教学建议,,,,来源定位不足,来源定位不足,0.50,pending_review,false,candidate year-report observation
YRO-C003-2025-12,2025,QPHY-C003-2025-12,12,SRC-C003-033,2025广州中考年报.pdf,年报全卷/逐题分析待人工定位,年报存在；自动逐题页码定位不足，需人工核验难度、区分度、学生错误和教学建议,,,,来源定位不足,来源定位不足,0.50,pending_review,false,candidate year-report observation
YRO-C003-2025-13,2025,QPHY-C003-2025-13,13,SRC-C003-033,2025广州中考年报.pdf,年报全卷/逐题分析待人工定位,年报存在；自动逐题页码定位不足，需人工核验难度、区分度、学生错误和教学建议,,,,来源定位不足,来源定位不足,0.50,pending_review,false,candidate year-report observation
YRO-C003-2025-14,2025,QPHY-C003-2025-14,14,SRC-C003-033,2025广州中考年报.pdf,年报全卷/逐题分析待人工定位,年报存在；自动逐题页码定位不足，需人工核验难度、区分度、学生错误和教学建议,,,,来源定位不足,来源定位不足,0.50,pending_review,false,candidate year-report observation
YRO-C003-2025-15,2025,QPHY-C003-2025-15,15,SRC-C003-033,2025广州中考年报.pdf,年报全卷/逐题分析待人工定位,年报存在；自动逐题页码定位不足，需人工核验难度、区分度、学生错误和教学建议,,,,来源定位不足,来源定位不足,0.50,pending_review,false,candidate year-report observation
YRO-C003-2025-16,2025,QPHY-C003-2025-16,16,SRC-C003-033,2025广州中考年报.pdf,年报全卷/逐题分析待人工定位,年报存在；自动逐题页码定位不足，需人工核验难度、区分度、学生错误和教学建议,,,,来源定位不足,来源定位不足,0.50,pending_review,false,candidate year-report observation
YRO-C003-2025-17,2025,QPHY-C003-2025-17,17,SRC-C003-033,2025广州中考年报.pdf,年报全卷/逐题分析待人工定位,年报存在；自动逐题页码定位不足，需人工核验难度、区分度、学生错误和教学建议,,,,来源定位不足,来源定位不足,0.50,pending_review,false,candidate year-report observation
YRO-C003-2025-18,2025,QPHY-C003-2025-18,18,SRC-C003-033,2025广州中考年报.pdf,年报全卷/逐题分析待人工定位,年报存在；自动逐题页码定位不足，需人工核验难度、区分度、学生错误和教学建议,,,,来源定位不足,来源定位不足,0.50,pending_review,false,candidate year-report observation
