subquestion_id,question_id,year,question_number,subquestion_number,question_type,estimated_score,source_file,page_or_location,stem_summary,primary_knowledge_id,primary_exam_point_id,ability_dimensions,confidence,review_status,production_eligible,notes
QPHY-C003-2016-01-S01,QPHY-C003-2016-01,2016,1,whole,choice,,2016广州中考.pdf,真题p1,1.历史上把图1 示意的长度定为1 英寸.1 英寸约为 A. 2.5km B. 2.5m C. 2.5dm D. 2.5cm,KPHY-C003-025,EPHY-C003-001,信息提取;科学推理,0.76,pending_review,false,candidate subquestion row
QPHY-C003-2016-02-S01,QPHY-C003-2016-02,2016,2,whole,choice,,2016广州中考.pdf,真题p1,2.琴弦H 比琴弦L 每秒内振动次数多，推断此时H 比L 发出的声音 A.音调高 B.音调低 C.响度大 D.响度小,KPHY-C003-037,EPHY-C003-003,信息提取;科学推理,0.86,pending_review,false,candidate subquestion row
QPHY-C003-2016-03-S01,QPHY-C003-2016-03,2016,3,whole,choice,,2016广州中考.pdf,真题p1,3.上层的粒子由下层的粒子构成，下列选项中正确描述物质结构的是,KPHY-C003-017,EPHY-C003-011,科学推理,0.76,pending_review,false,candidate subquestion row
QPHY-C003-2016-04-S01,QPHY-C003-2016-04,2016,4,whole,choice,,2016广州中考.pdf,真题p1,4.使用蓝牙耳机接听手机来电，信号传输示意图如图2. 蓝牙通信的电磁波 A.是蓝光 B.波长比手机通信的电磁波短 C.在真空中传播速度为340m/s D.在真空中传播速度比手机通信的电磁波小 图1 1 英寸 108 1010 1012 1014 频率/Hz 可 见 光 红外线 蓝牙耳机 手机 频率0.8~0.9×109Hz 手机通信 频率2.4~2.48×109Hz 蓝牙通信 无 线 电 波 图2 基地台 A. B. C. D. 原子 电子 原子核 原子核 电子 中子 原子…,KPHY-C003-017,EPHY-C003-011,科学推理,0.86,pending_review,false,candidate subquestion row
QPHY-C003-2016-05-S01,QPHY-C003-2016-05,2016,5,whole,choice,,2016广州中考.pdf,真题p2,5.图3 所示，电源两端电压恒定.闭合开关，灯泡L1 比灯泡L2 亮，则 A.L1 的电阻比L2 的大 B.L1 两端电压比L2 大 C.若L1 灯丝烧断，L2 两端电压不变 D.若L2 灯丝烧断，通过L1 电流变大,KPHY-C003-065,EPHY-C003-031,模型建构;科学推理,0.76,pending_review,false,candidate subquestion row
QPHY-C003-2016-06-S01,QPHY-C003-2016-06,2016,6,whole,choice,,2016广州中考.pdf,真题p2,6.图4 所示，无风条件下卡通造型的铝箔气球两次均向带电棒靠近但未接触，气球 A．不带电 B．带正电 C．带负电 D．带电情况无法判断,KPHY-C003-043,EPHY-C003-012,科学推理,0.76,pending_review,false,candidate subquestion row
QPHY-C003-2016-07-S01,QPHY-C003-2016-07,2016,7,whole,choice,,2016广州中考.pdf,真题p2,7.下列说法正确的是 A.内燃机是利用电能做功的机械 B.内燃机在做功冲程把内能转化为机械能 C.内燃机在压缩冲程把内能转化为机械能 D.随着技术的进步，内燃机的效率能达到100％,KPHY-C003-059,EPHY-C003-008,科学推理,0.76,pending_review,false,candidate subquestion row
QPHY-C003-2016-08-S01,QPHY-C003-2016-08,2016,8,whole,choice,,2016广州中考.pdf,真题p2,8.将杯中的液态氮（沸点为-196℃）倒入盛有奶浆的碗制作冰淇淋.观察到杯中液态氮沸腾， 杯外壁出现白霜，则 A.杯中液态氮放热 B.杯中液态氮温度不断上升 C.杯中液态氮不断吸热，温度保持-196℃ D.白霜是空气中水蒸气液化形成的 图5 所示，水平地面O 点两侧粗糙程度不同，物体一直受到沿水平方向3N 的力F.物体经过M 点开始计时，每经过相同时间，用虚线框记录物体的位置.物体在M O 段做匀速直线运动.完成,KPHY-C003-005,EPHY-C003-005,科学推理,0.86,pending_review,false,candidate subquestion row
QPHY-C003-2016-09-S01,QPHY-C003-2016-09,2016,9,whole,choice,,2016广州中考.pdf,真题p2,9、10 题. 9. 物体在 A.OQ 段做匀速直线运动 B.MN 段的速度大于OP 段的 C.MN 段受到的摩擦力为3N D.OQ 段受到摩擦力大小等于F 图4 绝缘线 带负电 - - - - - - 绝缘线 带正电 + + + + + + 电源 图3 L1 L2 图5 N O 3m M 3m P F＝3N F＝3N Q,KPHY-C003-026,EPHY-C003-002,信息提取;数学运算,0.76,pending_review,false,candidate subquestion row
QPHY-C003-2016-10-S01,QPHY-C003-2016-10,2016,10,whole,choice,,2016广州中考.pdf,真题p3,10.F 在MN、OP 段做功分别为WMN、WOP，功率分别为PMN、POP，则 A.WMN<WOP B.WMN>WOP C.PMN>POP D.PMN<POP,KPHY-C003-027,EPHY-C003-015,科学推理;数学运算,0.76,pending_review,false,candidate subquestion row
QPHY-C003-2016-11-S01,QPHY-C003-2016-11,2016,11,whole,choice,,2016广州中考.pdf,真题p3,11.图6 所示，静止时Ｕ型管两侧液面相平.下列选项包含图7 中所有合理情形的是 A.乙、丁 B.甲、丙 C.乙、丙 D.甲、丁,KPHY-C003-027,EPHY-C003-014,科学推理;模型建构,0.76,pending_review,false,candidate subquestion row
QPHY-C003-2016-12-S01,QPHY-C003-2016-12,2016,12,whole,choice,,2016广州中考.pdf,真题p3,12.图8 所示，规格相同的容器装了相同质量的纯净水.用不同加热器加热，忽略散热，得到 图9 所示的水温与加热时间的图线，则 A.乙中温度计示数为32℃ B.加热相同时间，两杯水吸收的热量相同 C.吸收相同的热量，甲杯的水升温比乙杯的多 D.甲杯的水加热2min 与乙杯的水加热3min 吸收的热量相同 第二部分（共64 分） 二、填空 作图题（共25 分）,KPHY-C003-004,EPHY-C003-006,信息提取;实验探究,0.76,pending_review,false,candidate subquestion row
QPHY-C003-2016-13-S01,QPHY-C003-2016-13,2016,13,1,fill_or_drawing,,2016广州中考.pdf,真题p3,13.（1）图10 所示，光源Q 发出的一束光经平面镜反射在墙上显示出一个光点. ① 画出光源Q 在平面镜中的像. ② 画出镜面反射的光线并标出墙上光点的位置. 凸透镜 图10 Q 墙 平面镜 图11 F F N M 图7 h 甲 气流方向 大气 h 乙 气流方向 大气 h 丙 充气 大气 h 丁 抽气 大气 图6 大气 大气 加热器1 甲 加热器2 乙 图8 40 20 30 50 ºC 温度/℃ 时间/min 甲 乙 20 30 40 图9 3 0 2 1 10,KPHY-C003-040,EPHY-C003-025,科学推理;实验探究,0.86,pending_review,false,candidate subquestion row
QPHY-C003-2016-13-S02,QPHY-C003-2016-13,2016,13,①,fill_or_drawing,,2016广州中考.pdf,真题p3,同题内小问；需人工进一步拆分,KPHY-C003-040,EPHY-C003-025,科学推理;实验探究,0.86,pending_review,false,candidate subquestion row
QPHY-C003-2016-13-S03,QPHY-C003-2016-13,2016,13,②,fill_or_drawing,,2016广州中考.pdf,真题p3,同题内小问；需人工进一步拆分,KPHY-C003-040,EPHY-C003-025,科学推理;实验探究,0.86,pending_review,false,candidate subquestion row
QPHY-C003-2016-14-S01,QPHY-C003-2016-14,2016,14,1,fill_or_drawing,,2016广州中考.pdf,真题p4,14. 利用材料A 制造强力磁铁. （1）加热材料A，温度一直低于其熔点，一段时间后，A 质量不变、体积减小.此过 程中，A 处于_______ （选填“固态”、“液态”、“固液混合态”）.依据公式____， A 的密度_________（选填“增大”、“减小”、“不变”）. （2）图12 所示，A 的每个原子都有N、S 极，相当于磁性很弱的“小磁铁”.“小磁 铁”杂乱无章排列时，A 对外不显磁性.当“小磁铁”按图13 所示同向排列时， A 具有磁性（图14）.强力磁铁不耐…,KPHY-C003-005,EPHY-C003-005,科学推理,0.76,pending_review,false,candidate subquestion row
QPHY-C003-2016-14-S02,QPHY-C003-2016-14,2016,14,2,fill_or_drawing,,2016广州中考.pdf,真题p4,同题内小问；需人工进一步拆分,KPHY-C003-005,EPHY-C003-005,科学推理,0.76,pending_review,false,candidate subquestion row
QPHY-C003-2016-15-S01,QPHY-C003-2016-15,2016,15,1,fill_or_drawing,,2016广州中考.pdf,真题p4,15. 图15 所示，不计质量的硬杆处于水平静止状态. （1）O 为支点，画出FA 的力臂lA. （2） 撤去FA，在B 点施加力FB，硬杆仍可保持水平静止状态. 若FB 大小等于FA， 则FB 的力臂lB_____lA（选填“>”、“=”、“<”）.,KPHY-C003-027,EPHY-C003-014,科学推理;模型建构,0.76,pending_review,false,candidate subquestion row
QPHY-C003-2016-15-S02,QPHY-C003-2016-15,2016,15,2,fill_or_drawing,,2016广州中考.pdf,真题p4,同题内小问；需人工进一步拆分,KPHY-C003-027,EPHY-C003-014,科学推理;模型建构,0.76,pending_review,false,candidate subquestion row
QPHY-C003-2016-16-S01,QPHY-C003-2016-16,2016,16,whole,fill_or_drawing,,2016广州中考.pdf,真题p4,16. 图16 中玩具猩猩手中的香蕉以相同大小的速度转动.图17 所示，香蕉（看成点）从最 高位置1 转到最低位置2 的过程中，其动能_____、重力势能____、机械能_______. （选 填“增大”、“不变”、“减小”）,KPHY-C003-055,EPHY-C003-017,科学推理;信息提取,0.86,pending_review,false,candidate subquestion row
QPHY-C003-2016-17-S01,QPHY-C003-2016-17,2016,17,whole,fill_or_drawing,,2016广州中考.pdf,真题p4,17. 拆开图16 中玩具，发现电源、开关、发光二极管（简称“LED”）、电动机（符号“○ M ”） 各一个及连接导线. 闭合开关，电动机顺时针转动，LED 亮. 将电动机一端连线断开， 闭合开关，LED 亮. 原子 图12 微 观 强力磁铁A 宏 观 N S 图13 图14 N S N N N N S S S S N N N N S S S S N N N N S S S S N N N N S S S S 图15 FA A B O G 图17 1 2 图16 LED -…,KPHY-C003-017,EPHY-C003-011,科学推理,0.76,pending_review,false,candidate subquestion row
QPHY-C003-2016-18-S01,QPHY-C003-2016-18,2016,18,1,fill_or_drawing,,2016广州中考.pdf,真题p5,18. 对某汽车做测试，只调整轮胎气压，测得单个轮胎 ．．．．数据在表1. 表1（每次单个轮胎对地压力不变） 次数 1 2 3 轮胎气压/×105Pa 4.6 8.1 10.5 地面的受力面积/×10-2m2 3.6 3.0 2.4 对地压强/×105Pa 5.0 6.0 7.5 （1）根据公式_______，单个轮胎对地压力为_______N. （2）根据表1，要减小空车停在水平路面时的对地压强，可行 ．．方法是_____________,KPHY-C003-032,EPHY-C003-020,数学运算;科学推理,0.86,pending_review,false,candidate subquestion row
QPHY-C003-2016-18-S02,QPHY-C003-2016-18,2016,18,2,fill_or_drawing,,2016广州中考.pdf,真题p5,同题内小问；需人工进一步拆分,KPHY-C003-032,EPHY-C003-020,数学运算;科学推理,0.86,pending_review,false,candidate subquestion row
QPHY-C003-2016-19-S01,QPHY-C003-2016-19,2016,19,whole,fill_or_drawing,,2016广州中考.pdf,真题p5,19. 被细绳拴着的小球在水平面 ．．．绕O 点做圆周运动，轨迹图如图18 中虚线所示.不计阻力. 某时刻细绳断，小球速度为v.过一段时间小球出现在P 点，速度为v＇ （见图18）. v _____ v＇(选填“>”、“=”、“<”). 作图找出细绳断时小球的位置，用点在轨迹图上表示. 三、解析题（共18 分） 解析题应写出必要的文字说明、公式和重要演算步骤．只写出最后答案的不能得分．有数 值计算的题，演算过程及结果都要在数字的后面写上正确的单位．,KPHY-C003-084,EPHY-C003-040,信息提取,0.86,pending_review,false,candidate subquestion row
QPHY-C003-2016-20-S01,QPHY-C003-2016-20,2016,20,whole,analysis_calculation,,2016广州中考.pdf,真题p3,20 30 50 ºC 温度/℃ 时间/min 甲 乙 20 30 40 图9 3 0 2 1 10,KPHY-C003-084,EPHY-C003-040,信息提取,0.76,pending_review,false,candidate subquestion row
QPHY-C003-2016-21-S01,QPHY-C003-2016-21,2016,21,1,analysis_calculation,,2016广州中考.pdf,真题p6,21. 图20 所示，闭合开关，改变R1 阻值，在表2 中记下几组电流表、电压表的读数. 图21 已作出R2 的U-I 图线. 表2 电 流/A 0. 1 0. 3 0. 4 0. 5 电 压/V 2. 5 1. 5 1. 0 0. 5 （1）求R2 的阻值. （2）根据表2 数据在图21 中描点并连线. （3）电流表示数为0.2A 时，电压UDE=_____、电压UEF=_______. （4）电流表示数为0.4A 时，电压UDF=_______，求50s 内 R1、R2…,KPHY-C003-081,EPHY-C003-032,实验探究;规范表达,0.86,pending_review,false,candidate subquestion row
QPHY-C003-2016-21-S02,QPHY-C003-2016-21,2016,21,2,analysis_calculation,,2016广州中考.pdf,真题p6,同题内小问；需人工进一步拆分,KPHY-C003-081,EPHY-C003-032,实验探究;规范表达,0.86,pending_review,false,candidate subquestion row
QPHY-C003-2016-21-S03,QPHY-C003-2016-21,2016,21,3,analysis_calculation,,2016广州中考.pdf,真题p6,同题内小问；需人工进一步拆分,KPHY-C003-081,EPHY-C003-032,实验探究;规范表达,0.86,pending_review,false,candidate subquestion row
QPHY-C003-2016-21-S04,QPHY-C003-2016-21,2016,21,4,analysis_calculation,,2016广州中考.pdf,真题p6,同题内小问；需人工进一步拆分,KPHY-C003-081,EPHY-C003-032,实验探究;规范表达,0.86,pending_review,false,candidate subquestion row
QPHY-C003-2016-22-S01,QPHY-C003-2016-22,2016,22,1,experiment_inquiry,,2016广州中考.pdf,真题p6,22.（1）小明按图22 连接实物、接通电路，电流表有示数，电压表示数为0.5V.当移动滑 动变阻器滑片时，电压表示数不变，检查发现只有滑动变阻器接线出错，该错误 是 . A V 图22 图20 A S R2 R1 V F E D U/V I/A 0.1 0.2 0.3 0.4 0.5 1.0 0.5 1.5 2.0 2.5 R2 0 3.0 0.6 3.5 图21 0.7 图23 电源电压4.5V - 3 15 V -- + A -- 0.6 3,KPHY-C003-081,EPHY-C003-032,实验探究;规范表达,0.86,pending_review,false,candidate subquestion row
QPHY-C003-2016-23-S01,QPHY-C003-2016-23,2016,23,1,experiment_inquiry,,2016广州中考.pdf,真题p7,23.（1）图25 所示，赤道表面地磁场磁感线与水平地面平行指向北方，导线与能测微弱电 流的电流表组成闭合电路，下列哪种操作可让电流表指针摆动？________ （2）科学家猜测，A 地海龟在春季是利用地磁场（图26）向南返回出生地.以下为相关研究. ① 春季A 地某屏蔽磁场的实验室，无磁场环境下海龟无固定游向.把海龟置于模拟地 磁场中（用图27 简化示意），图中1 为磁体N 极，2 为磁体___极.按科学家猜测， 海龟应向___游动（选填“左”、“右”）. ② 地磁场在缓…,KPHY-C003-084,EPHY-C003-040,信息提取,0.86,pending_review,false,candidate subquestion row
QPHY-C003-2016-23-S02,QPHY-C003-2016-23,2016,23,2,experiment_inquiry,,2016广州中考.pdf,真题p7,同题内小问；需人工进一步拆分,KPHY-C003-084,EPHY-C003-040,信息提取,0.86,pending_review,false,candidate subquestion row
QPHY-C003-2016-23-S03,QPHY-C003-2016-23,2016,23,①,experiment_inquiry,,2016广州中考.pdf,真题p7,同题内小问；需人工进一步拆分,KPHY-C003-084,EPHY-C003-040,信息提取,0.86,pending_review,false,candidate subquestion row
QPHY-C003-2016-23-S04,QPHY-C003-2016-23,2016,23,②,experiment_inquiry,,2016广州中考.pdf,真题p7,同题内小问；需人工进一步拆分,KPHY-C003-084,EPHY-C003-040,信息提取,0.86,pending_review,false,candidate subquestion row
QPHY-C003-2016-24-S01,QPHY-C003-2016-24,2016,24,1,experiment_inquiry,,2016广州中考.pdf,真题p8,24. (16 中考)（1）图28 中测力计示数为____N. （2）小明猜测：“图28 中滑轮组提升的物体越轻，机械效率越高”. 设计实验检验其猜测，并填写实验报告. ① 实验目的：_________________ ② 实验步骤（若需要可补充器材）： ③ 滑轮组的机械效率（用所测出的物理量表达）： ____________,KPHY-C003-053,EPHY-C003-018,数学运算;信息提取,0.86,pending_review,false,candidate subquestion row
QPHY-C003-2016-24-S02,QPHY-C003-2016-24,2016,24,2,experiment_inquiry,,2016广州中考.pdf,真题p8,同题内小问；需人工进一步拆分,KPHY-C003-053,EPHY-C003-018,数学运算;信息提取,0.86,pending_review,false,candidate subquestion row
QPHY-C003-2016-24-S03,QPHY-C003-2016-24,2016,24,①,experiment_inquiry,,2016广州中考.pdf,真题p8,同题内小问；需人工进一步拆分,KPHY-C003-053,EPHY-C003-018,数学运算;信息提取,0.86,pending_review,false,candidate subquestion row
QPHY-C003-2016-24-S04,QPHY-C003-2016-24,2016,24,②,experiment_inquiry,,2016广州中考.pdf,真题p8,同题内小问；需人工进一步拆分,KPHY-C003-053,EPHY-C003-018,数学运算;信息提取,0.86,pending_review,false,candidate subquestion row
QPHY-C003-2016-24-S05,QPHY-C003-2016-24,2016,24,③,experiment_inquiry,,2016广州中考.pdf,真题p8,同题内小问；需人工进一步拆分,KPHY-C003-053,EPHY-C003-018,数学运算;信息提取,0.86,pending_review,false,candidate subquestion row
QPHY-C003-2017-01-S01,QPHY-C003-2017-01,2017,1,whole,choice,,2017广州中考.pdf,真题p1,1．答题前，考生务必在答题卡上用黑色字迹的签字笔或钢笔填写自己的考生号、姓名； 填写考点考场号、座位号；再用2B铅笔把对应该两号码的标号涂黑．,KPHY-C003-084,EPHY-C003-040,信息提取,0.76,pending_review,false,candidate subquestion row
QPHY-C003-2017-02-S01,QPHY-C003-2017-02,2017,2,whole,choice,,2017广州中考.pdf,真题p1,2．第一部分每小题选出答案后，用2B铅笔把答题卡上对应题目的答案标号涂黑；如需 改动，用橡皮擦干净后，再选涂其他答案；不能答在试卷上．,KPHY-C003-084,EPHY-C003-040,信息提取,0.76,pending_review,false,candidate subquestion row
QPHY-C003-2017-03-S01,QPHY-C003-2017-03,2017,3,whole,choice,,2017广州中考.pdf,真题p1,3．第二部分答案必须写在答题卡各题目指定区域内的相应位置上；如需改动，先划掉原来 的答案，然后再写上新的答案，改动的答案也不能超出指定的区域；除作图可用2B铅笔外，其 他都必须用黑色字迹钢笔或签字笔作答．不准使用涂改液．不按以上要求作答的答案无效．,KPHY-C003-084,EPHY-C003-040,信息提取,0.76,pending_review,false,candidate subquestion row
QPHY-C003-2017-04-S01,QPHY-C003-2017-04,2017,4,whole,choice,,2017广州中考.pdf,真题p1,4．考生必须保持答题卡的整洁．考试结束后，将本试卷和答题卡一并交回．,KPHY-C003-084,EPHY-C003-040,信息提取,0.76,pending_review,false,candidate subquestion row
QPHY-C003-2017-05-S01,QPHY-C003-2017-05,2017,5,whole,choice,,2017广州中考.pdf,真题p1,5．全卷共24 小题，请考生检查题数． 第一部分 （共36 分） 一、选择题（每小题3 分） 每小题给出的四个选项中，只有一项最符合题意 1．为了避免人体肩部受到伤害，专家建议人肩负的书包总质量不要超过人体质量的 15%．根据建议，你估计中学生肩负的书包总质量通常不要超过 A．9t B．9kg C．9g D．9mg 2．如图1，手机与音叉的位置保持不变．利用手机软件测出音叉发出的声音从30dB 变 为50dB．说明音叉振动的 A．振幅变大 B．振幅变小 C．频率变大 D．频…,KPHY-C003-037,EPHY-C003-003,信息提取;科学推理,0.86,pending_review,false,candidate subquestion row
QPHY-C003-2017-06-S01,QPHY-C003-2017-06,2017,6,whole,choice,,2017广州中考.pdf,真题p2,6．甲、乙两杯水温度各为40℃、80℃．下列说法正确的是 A．只有加热才能使水升温 B．甲杯中水的内能一定比乙杯中的小 C．乙杯中水的温度降低，水的内能一定减小 D．甲杯中的水分子运动一定比乙杯中的剧烈,KPHY-C003-023,EPHY-C003-007,科学推理,0.76,pending_review,false,candidate subquestion row
QPHY-C003-2017-07-S01,QPHY-C003-2017-07,2017,7,whole,choice,,2017广州中考.pdf,真题p2,7．图5 中小球相对于水平桌面静止．小红通过观察，作出如下判断．正确的是 A．窗外另一列车相对她不动，则她坐的车一定是对地静止的 B．窗外另一列车相对她向东行驶，则她坐的车一定对地向西行驶 C．小球突然“自动”向东滚动，则她坐的车一定向西启动 D．小球突然“自动”滚动，则她坐的车运动状态一定发生了改变,KPHY-C003-030,EPHY-C003-016,科学推理;模型建构,0.86,pending_review,false,candidate subquestion row
QPHY-C003-2017-08-S01,QPHY-C003-2017-08,2017,8,whole,choice,,2017广州中考.pdf,真题p2,8．图6 是标准大气压下，质量为1g 的某液体的体积—温度图，以下说法正确的是 A．4℃时，液体密度最小 B．温度升高，液体密度不变 C．1℃时液体的体积比5℃时的大 D．由1℃升高到8℃，液体体积一直变大 图5 小球 小红 水平运动 a 图3 磁感线 磁感线 图4 B A C D 磁感线 磁感线 0.9999 体积/cm3 0 温度/℃ 1.0005 1.0004 1.0003 1.0002 1.0001 1.0000 2 4 6 8 10 12 图6,KPHY-C003-033,EPHY-C003-021,科学推理;信息提取,0.86,pending_review,false,candidate subquestion row
QPHY-C003-2017-09-S01,QPHY-C003-2017-09,2017,9,whole,choice,,2017广州中考.pdf,真题p3,9．甲、乙两物体质量都为1kg，丙物体质量为2kg， 三个物体温度都升高1℃，吸收热量如图7．以下说法正 确的是 A．乙的比热容与丙的相等 B．甲的比热容比乙的大 C．甲的温度升高1℃，需吸收2000J 的热量 D．甲、乙的温度都降低1℃，乙比甲放出的热量多,KPHY-C003-060,EPHY-C003-009,数学运算;科学推理,0.86,pending_review,false,candidate subquestion row
QPHY-C003-2017-10-S01,QPHY-C003-2017-10,2017,10,whole,choice,,2017广州中考.pdf,真题p2,10 12 图6,KPHY-C003-084,EPHY-C003-040,信息提取,0.76,pending_review,false,candidate subquestion row
QPHY-C003-2017-11-S01,QPHY-C003-2017-11,2017,11,whole,choice,,2017广州中考.pdf,真题p3,11．蜡烛放在如图10 所示位置，通过凸透镜成倒立、缩小的像．小红画了图中的光路．下 列说法正确的是 A．小红画的光路是正确的 B．透镜成的是虚像 C．透镜的焦距小于10cm D．透镜的焦距大于20cm,KPHY-C003-040,EPHY-C003-025,科学推理;实验探究,0.86,pending_review,false,candidate subquestion row
QPHY-C003-2017-12-S01,QPHY-C003-2017-12,2017,12,whole,choice,,2017广州中考.pdf,真题p3,12．图11 中力F1 水平拉动重为G 的物体A 在水平路面匀速移动了s．改用滑轮组拉动 A 在同一路面匀速移动了s，拉力为F2（如图12）．此过程滑轮组 A．总功为F2s B．额外功为F1s C．机械效率为 ( ) 2 3 Gs F s × D．额外功为3F2s-F1s 2000 物体 Q /J 甲 乙 丙 图7 1000 4000 5000 3000 10 20 10 20 30 cm 0 30 图10 图12 A F2 s A F1 s 图11,KPHY-C003-053,EPHY-C003-018,数学运算;信息提取,0.86,pending_review,false,candidate subquestion row
QPHY-C003-2017-13-S01,QPHY-C003-2017-13,2017,13,1,fill_or_drawing,,2017广州中考.pdf,真题p4,13．如图13，一束光从空气射到水面O 点，反射光线在容器壁上形成一光点A．（1）画出 反射光线及对应的入射光线；（2）大致画出该入射光线进入水的折射光线；（3）A 在水中的 像到A 的距离为_________cm．,KPHY-C003-038,EPHY-C003-023,科学推理;信息提取,0.86,pending_review,false,candidate subquestion row
QPHY-C003-2017-13-S02,QPHY-C003-2017-13,2017,13,2,fill_or_drawing,,2017广州中考.pdf,真题p4,同题内小问；需人工进一步拆分,KPHY-C003-038,EPHY-C003-023,科学推理;信息提取,0.86,pending_review,false,candidate subquestion row
QPHY-C003-2017-13-S03,QPHY-C003-2017-13,2017,13,3,fill_or_drawing,,2017广州中考.pdf,真题p4,同题内小问；需人工进一步拆分,KPHY-C003-038,EPHY-C003-023,科学推理;信息提取,0.86,pending_review,false,candidate subquestion row
QPHY-C003-2017-14-S01,QPHY-C003-2017-14,2017,14,①,fill_or_drawing,,2017广州中考.pdf,真题p4,14．以下是关于相对湿度的资料 ①若1m3 的空气能容纳水蒸气为8g，而实际容纳了4g，则相对湿度为50%． ②相对湿度越大，水蒸发得越慢. 如图14，其中一温度计液泡由浸透水的布料覆盖（湿球温度计），另一温度计的液泡直 接暴露在空气中（干球温度计），利用两温度计的示数及下表可得当时的相对湿度． 1 2 3 14 89 79 69 16 90 80 71 18 91 81 72 20 91 82 74 （1）图14 干球温度计示数为16℃，湿球温度计示数为_______℃．…,KPHY-C003-084,EPHY-C003-040,信息提取,0.86,pending_review,false,candidate subquestion row
QPHY-C003-2017-14-S02,QPHY-C003-2017-14,2017,14,②,fill_or_drawing,,2017广州中考.pdf,真题p4,同题内小问；需人工进一步拆分,KPHY-C003-084,EPHY-C003-040,信息提取,0.86,pending_review,false,candidate subquestion row
QPHY-C003-2017-14-S03,QPHY-C003-2017-14,2017,14,1,fill_or_drawing,,2017广州中考.pdf,真题p4,同题内小问；需人工进一步拆分,KPHY-C003-084,EPHY-C003-040,信息提取,0.86,pending_review,false,candidate subquestion row
QPHY-C003-2017-15-S01,QPHY-C003-2017-15,2017,15,1,fill_or_drawing,,2017广州中考.pdf,真题p5,15．如图15，用测力计拉动木块，使它沿同一水平路面运动．AB 段，木块受水平力F1 作用做匀速直线运动．CD 段，改用另一大小不变的水平力F2 拉动木块继续运动．两力大小 如图15． （1）F2 为______N． （2）若sAB=sCD，AB 段F1 做的功_____CD 段F2 做的功（选填“＞”、“＝”、“＜”）． （3）CD 段，木块受到的摩擦力大小为_______N．,KPHY-C003-027,EPHY-C003-014,科学推理;模型建构,0.76,pending_review,false,candidate subquestion row
QPHY-C003-2017-15-S02,QPHY-C003-2017-15,2017,15,2,fill_or_drawing,,2017广州中考.pdf,真题p5,同题内小问；需人工进一步拆分,KPHY-C003-027,EPHY-C003-014,科学推理;模型建构,0.76,pending_review,false,candidate subquestion row
QPHY-C003-2017-15-S03,QPHY-C003-2017-15,2017,15,3,fill_or_drawing,,2017广州中考.pdf,真题p5,同题内小问；需人工进一步拆分,KPHY-C003-027,EPHY-C003-014,科学推理;模型建构,0.76,pending_review,false,candidate subquestion row
QPHY-C003-2017-16-S01,QPHY-C003-2017-16,2017,16,1,fill_or_drawing,,2017广州中考.pdf,真题p4,16 90 80 71 18 91 81 72 20 91 82 74 （1）图14 干球温度计示数为16℃，湿球温度计示数为_______℃．从表中推算出此时 相对湿度是________%． （2）根据表归纳“当湿球温度计与干球温度计示数差为3℃时，相对湿度与干球温度计 测得的温度的关系．” __________________________________________________________________ （3）简单解释为什么广州相对湿度大于90%的日子…,KPHY-C003-084,EPHY-C003-040,信息提取,0.86,pending_review,false,candidate subquestion row
QPHY-C003-2017-16-S02,QPHY-C003-2017-16,2017,16,2,fill_or_drawing,,2017广州中考.pdf,真题p4,同题内小问；需人工进一步拆分,KPHY-C003-084,EPHY-C003-040,信息提取,0.86,pending_review,false,candidate subquestion row
QPHY-C003-2017-16-S03,QPHY-C003-2017-16,2017,16,3,fill_or_drawing,,2017广州中考.pdf,真题p4,同题内小问；需人工进一步拆分,KPHY-C003-084,EPHY-C003-040,信息提取,0.86,pending_review,false,candidate subquestion row
QPHY-C003-2017-17-S01,QPHY-C003-2017-17,2017,17,whole,fill_or_drawing,,2017广州中考.pdf,真题p5,17．若汽车轮胎上标有“87 W”，由表1、2 可知“87”表示每个 ．．轮胎允许承载最大质 量为545kg，“W”表示汽车行驶速度不能超过270km/h． 表1 表2 负荷指数 87 88 89 90 允许承载最大质量（kg） 545 560 580 600 某汽车的轮胎上标有“90 V”．查表可知此汽车每个轮胎允许承载最大质量为____kg， 行驶速度不能超过________km/h．,KPHY-C003-026,EPHY-C003-002,信息提取;数学运算,0.76,pending_review,false,candidate subquestion row
QPHY-C003-2017-18-S01,QPHY-C003-2017-18,2017,18,1,fill_or_drawing,,2017广州中考.pdf,真题p4,18 91 81 72 20 91 82 74 （1）图14 干球温度计示数为16℃，湿球温度计示数为_______℃．从表中推算出此时 相对湿度是________%． （2）根据表归纳“当湿球温度计与干球温度计示数差为3℃时，相对湿度与干球温度计 测得的温度的关系．” __________________________________________________________________ （3）简单解释为什么广州相对湿度大于90%的日子，湿衣服很难晾干？ __…,KPHY-C003-084,EPHY-C003-040,信息提取,0.86,pending_review,false,candidate subquestion row
QPHY-C003-2017-18-S02,QPHY-C003-2017-18,2017,18,2,fill_or_drawing,,2017广州中考.pdf,真题p4,同题内小问；需人工进一步拆分,KPHY-C003-084,EPHY-C003-040,信息提取,0.86,pending_review,false,candidate subquestion row
QPHY-C003-2017-18-S03,QPHY-C003-2017-18,2017,18,3,fill_or_drawing,,2017广州中考.pdf,真题p4,同题内小问；需人工进一步拆分,KPHY-C003-084,EPHY-C003-040,信息提取,0.86,pending_review,false,candidate subquestion row
QPHY-C003-2017-19-S01,QPHY-C003-2017-19,2017,19,whole,fill_or_drawing,,2017广州中考.pdf,真题p5,19．停在水平地面的汽车质量为2400kg，汽车所受重力为________N．轮胎与地面接触 面积共为0.12m2，汽车对地面压强为______Pa．（g=10 N/ kg） 速度级别代号 H V W 允许最高速度（km/h） 210 240 270 天窗 图17 A B C D N N N N F2 F1 v 图15 0 0 1 1 2 2 3 3 4 4 5 5 0 0 1 1 2 2 3 3 4 4 5 5 弹性绳 F1 门 O 图16,KPHY-C003-026,EPHY-C003-002,信息提取;数学运算,0.76,pending_review,false,candidate subquestion row
QPHY-C003-2017-20-S01,QPHY-C003-2017-20,2017,20,whole,analysis_calculation,,2017广州中考.pdf,真题p3,20 10 20 30 cm 0 30 图10 图12 A F2 s A F1 s 图11,KPHY-C003-084,EPHY-C003-040,信息提取,0.76,pending_review,false,candidate subquestion row
QPHY-C003-2017-21-S01,QPHY-C003-2017-21,2017,21,1,analysis_calculation,,2017广州中考.pdf,真题p6,21．(17 中考)图19 是某手机充电示意图及简化电路图．下表是充电过程中某些时段相 关数据 （1）求0-10min 数据线和手机消耗的总电能． （2）求D 阶段流经数据线的电流． （3）充电过程数据线阻值可认为不变，分析数据线在A、D 哪段时间产生的热量多． （4）智能手机的“近场通讯”、“蓝牙”功能分别使用1.356×107Hz、2.4×109Hz 这 两个波段的电磁波进行通讯．图20 是电磁波家族 充电时间 A 阶段 0-5min B 阶段 5min-10min ……,KPHY-C003-084,EPHY-C003-040,信息提取,0.86,pending_review,false,candidate subquestion row
QPHY-C003-2017-21-S02,QPHY-C003-2017-21,2017,21,2,analysis_calculation,,2017广州中考.pdf,真题p6,同题内小问；需人工进一步拆分,KPHY-C003-084,EPHY-C003-040,信息提取,0.86,pending_review,false,candidate subquestion row
QPHY-C003-2017-21-S03,QPHY-C003-2017-21,2017,21,3,analysis_calculation,,2017广州中考.pdf,真题p6,同题内小问；需人工进一步拆分,KPHY-C003-084,EPHY-C003-040,信息提取,0.86,pending_review,false,candidate subquestion row
QPHY-C003-2017-21-S04,QPHY-C003-2017-21,2017,21,4,analysis_calculation,,2017广州中考.pdf,真题p6,同题内小问；需人工进一步拆分,KPHY-C003-084,EPHY-C003-040,信息提取,0.86,pending_review,false,candidate subquestion row
QPHY-C003-2017-22-S01,QPHY-C003-2017-22,2017,22,whole,experiment_inquiry,,2017广州中考.pdf,真题p6,22.0 18.0 … 2.5 图18 乙 甲,KPHY-C003-084,EPHY-C003-040,信息提取,0.76,pending_review,false,candidate subquestion row
QPHY-C003-2017-23-S01,QPHY-C003-2017-23,2017,23,1,experiment_inquiry,,2017广州中考.pdf,真题p7,23．伏安法测定值电阻的实验 （1）请在方框内画出实验电路图． E 1.5V 图23 N L ① ② ③ A 图22 N 磁铁 线圈 B A 图21 N 磁铁 线圈 B,KPHY-C003-065,EPHY-C003-031,模型建构;科学推理,0.76,pending_review,false,candidate subquestion row
QPHY-C003-2017-23-S02,QPHY-C003-2017-23,2017,23,①,experiment_inquiry,,2017广州中考.pdf,真题p7,同题内小问；需人工进一步拆分,KPHY-C003-065,EPHY-C003-031,模型建构;科学推理,0.76,pending_review,false,candidate subquestion row
QPHY-C003-2017-23-S03,QPHY-C003-2017-23,2017,23,②,experiment_inquiry,,2017广州中考.pdf,真题p7,同题内小问；需人工进一步拆分,KPHY-C003-065,EPHY-C003-031,模型建构;科学推理,0.76,pending_review,false,candidate subquestion row
QPHY-C003-2017-23-S04,QPHY-C003-2017-23,2017,23,③,experiment_inquiry,,2017广州中考.pdf,真题p7,同题内小问；需人工进一步拆分,KPHY-C003-065,EPHY-C003-031,模型建构;科学推理,0.76,pending_review,false,candidate subquestion row
QPHY-C003-2017-24-S01,QPHY-C003-2017-24,2017,24,1,experiment_inquiry,,2017广州中考.pdf,真题p8,24. 小明看到滑雪运动员从越陡的坡滑下时，越快滑到底端．对此他猜想：“物体离地 高度一定时，斜面坡度越大，物体从静止开始滑到底端的平均速度也越大”．请你设计实验 验证其猜想． （1）实验所需的公式： （2）实验器材：除了图26 所示的器材，你还需要的测量工具 ．．．．有____________． （3）实验步骤（可用画图或文字表述）： 图25 V ˉ 3 15 1 5 3 A ˉ 0.6 3 1 3 + - 图24 定值电阻 3 15 V -- A -- 0．6 3 滑块…,KPHY-C003-026,EPHY-C003-002,信息提取;数学运算,0.86,pending_review,false,candidate subquestion row
QPHY-C003-2017-24-S02,QPHY-C003-2017-24,2017,24,2,experiment_inquiry,,2017广州中考.pdf,真题p8,同题内小问；需人工进一步拆分,KPHY-C003-026,EPHY-C003-002,信息提取;数学运算,0.86,pending_review,false,candidate subquestion row
QPHY-C003-2017-24-S03,QPHY-C003-2017-24,2017,24,3,experiment_inquiry,,2017广州中考.pdf,真题p8,同题内小问；需人工进一步拆分,KPHY-C003-026,EPHY-C003-002,信息提取;数学运算,0.86,pending_review,false,candidate subquestion row
QPHY-C003-2018-01-S01,QPHY-C003-2018-01,2018,1,whole,choice,,2018广州中考.pdf,真题p1,1．答题前，考生务必在答题卡上用黑色字迹的签字笔或钢笔填写自己的考生号、姓 名；填写考点考场号、座位号；再用2B铅笔把对应该两号码的标号涂黑．,KPHY-C003-084,EPHY-C003-040,信息提取,0.76,pending_review,false,candidate subquestion row
QPHY-C003-2018-02-S01,QPHY-C003-2018-02,2018,2,whole,choice,,2018广州中考.pdf,真题p1,2．第一部分每小题选出答案后，用2B铅笔把答题卡上对应题目的答案标号涂黑；如需 改动，用橡皮擦干净后，再选涂其他答案；不能答在试卷上．,KPHY-C003-084,EPHY-C003-040,信息提取,0.76,pending_review,false,candidate subquestion row
QPHY-C003-2018-03-S01,QPHY-C003-2018-03,2018,3,whole,choice,,2018广州中考.pdf,真题p1,3．第二部分答案必须写在答题卡各题目指定区域内的相应位置上；如需改动，先划掉原 来的答案，然后再写上新的答案，改动的答案也不能超出指定的区域；除作图可用2B铅笔外， 其他都必须用黑色字迹钢笔或签字笔作答．不准使用涂改液．不按以上要求作答的答案无效．,KPHY-C003-084,EPHY-C003-040,信息提取,0.76,pending_review,false,candidate subquestion row
QPHY-C003-2018-04-S01,QPHY-C003-2018-04,2018,4,whole,choice,,2018广州中考.pdf,真题p1,4．考生必须保持答题卡的整洁．考试结束后，将本试卷和答题卡一并交回．,KPHY-C003-084,EPHY-C003-040,信息提取,0.76,pending_review,false,candidate subquestion row
QPHY-C003-2018-05-S01,QPHY-C003-2018-05,2018,5,whole,choice,,2018广州中考.pdf,真题p1,5．全卷共24 小题，请考生检查题数． 第一部分 （共36 分） 一、选择题（每小题3 分） 每小题给出的四个选项中，只有一项最符合题意 1. 图1 是常用的5 号电池的示意图，其型号的另一种表示方法为“14500”， 前两位数是直径，后三位数是高度.这型号电池高度为 A．14mm B．145mm C．500mm D．50.0mm 图1 … … … … … … … … … … … … … … … … … … … … … … … … … … … … … … … … … … ……,KPHY-C003-084,EPHY-C003-040,信息提取,0.86,pending_review,false,candidate subquestion row
QPHY-C003-2018-06-S01,QPHY-C003-2018-06,2018,6,whole,choice,,2018广州中考.pdf,真题p3,"6．如图5 所示金属球使小芳带电, 则小芳 A．得到电子 B. 失去电子 C. 得到原子核 D. 相互排斥的头发带上同种电荷",KPHY-C003-017,EPHY-C003-011,科学推理,0.86,pending_review,false,candidate subquestion row
QPHY-C003-2018-07-S01,QPHY-C003-2018-07,2018,7,whole,choice,,2018广州中考.pdf,真题p3,"7. 如图6 所示，OQ 是水平地面，物体在水平拉力作用下从O 匀速直线运动到Q. OP 段 拉力F1 为300N，F1 做的功为W1,功率为P1；PQ 段拉力F2 为200N，F2 做的功为W2,功率为 P2.则 A. W1> W2 B. W1< W2 C. P1> P2 D. P1< P2",KPHY-C003-028,EPHY-C003-013,规范表达;科学推理,0.76,pending_review,false,candidate subquestion row
QPHY-C003-2018-08-S01,QPHY-C003-2018-08,2018,8,whole,choice,,2018广州中考.pdf,真题p3,8．如图7 所示，水平桌面上的甲、乙两物体分别在水平拉力作用下处于静止状态， G 甲> G 乙.甲受到的摩擦力 A．大于5N B．等于5N C．大于乙受到的摩擦力 D．等于乙受到的摩擦力 M （甲物态） 放热 吸热 吸热 M （乙物态） M （丙物态） 图8 甲 乙 F1=5N F2=10N 图7 图5 金属球 图6 O 4m P 6m Q F1 F2 B. Fa、Fb 方向相同 N S N S a b 图4 A. Fa、Fb 方向相反 N S N + - + - + - …,KPHY-C003-028,EPHY-C003-013,规范表达;科学推理,0.76,pending_review,false,candidate subquestion row
QPHY-C003-2018-09-S01,QPHY-C003-2018-09,2018,9,whole,choice,,2018广州中考.pdf,真题p4,9．物质M 通过吸、放热，出现三种不同物态，如图8 所示.甲、乙、丙物态依次为 A．固 液 气 B．气 液 固 C．气 固 液 D．液 固 气,KPHY-C003-084,EPHY-C003-040,信息提取,0.76,pending_review,false,candidate subquestion row
QPHY-C003-2018-10-S01,QPHY-C003-2018-10,2018,10,whole,choice,,2018广州中考.pdf,真题p4,10．如图9 所示，甲、乙两个质量不同的小球从相同高度静止释放，甲球下落过程中经 过P、Q 两点.忽略空气阻力，下列说法正确的是 A. 着地瞬间，两球的动能相等 B. 甲球在P 点和Q 点的机械能相等 C. 释放瞬间，两球的重力势能相等 D. 从释放到着地，两球所受重力做的功相等,KPHY-C003-055,EPHY-C003-017,科学推理;信息提取,0.86,pending_review,false,candidate subquestion row
QPHY-C003-2018-11-S01,QPHY-C003-2018-11,2018,11,whole,choice,,2018广州中考.pdf,真题p4,11. 向前直线行驶的车内，小明给小芳连拍两张照片如图10 所示.拍照过程中车可能 A．向西加速 B．向东加速 C．向西减速 D．向东减速,KPHY-C003-030,EPHY-C003-016,科学推理;模型建构,0.86,pending_review,false,candidate subquestion row
QPHY-C003-2018-12-S01,QPHY-C003-2018-12,2018,12,whole,choice,,2018广州中考.pdf,真题p4,12．将物体分别放在甲、乙凸透镜前，物距相同，通过甲 透镜成正立放大的像，通过乙透镜成倒立缩小的像. 图11 是 平行于主光轴的光线通过甲透镜的光路图，图12 中哪幅图可 能是平行于主光轴的光线通过乙透镜的光路图 第二部分（共64 分） 二、填空 作图题（共24 分） 乙（后拍） 广州塔 甲（先拍） 图10 西 东 图11 甲透镜 10 20 10 20 主光轴 0 乙透镜 主光轴 主光轴 主光轴 主光轴 10 10 20 20 0 A 乙透镜 10 20 10 20 0 …,KPHY-C003-040,EPHY-C003-025,科学推理;实验探究,0.86,pending_review,false,candidate subquestion row
QPHY-C003-2018-13-S01,QPHY-C003-2018-13,2018,13,1,fill_or_drawing,,2018广州中考.pdf,真题p5,13. 两条光线通过透镜的光路如图13 所示. （1）该透镜是_______透镜（选填“凹”、“凸”）. （2）光线a 射向水面.在图中①画出a 的反射光线；②大致画出a 进入水中的折射光线； ③标示出反射角r1 和折射角r2. （3）逐渐往容器中加水，光线a 在容器底形成的光斑会_______（选填“左移”、“右移”、 “不动”）.,KPHY-C003-038,EPHY-C003-023,科学推理;信息提取,0.86,pending_review,false,candidate subquestion row
QPHY-C003-2018-13-S02,QPHY-C003-2018-13,2018,13,2,fill_or_drawing,,2018广州中考.pdf,真题p5,同题内小问；需人工进一步拆分,KPHY-C003-038,EPHY-C003-023,科学推理;信息提取,0.86,pending_review,false,candidate subquestion row
QPHY-C003-2018-13-S03,QPHY-C003-2018-13,2018,13,①,fill_or_drawing,,2018广州中考.pdf,真题p5,同题内小问；需人工进一步拆分,KPHY-C003-038,EPHY-C003-023,科学推理;信息提取,0.86,pending_review,false,candidate subquestion row
QPHY-C003-2018-13-S04,QPHY-C003-2018-13,2018,13,②,fill_or_drawing,,2018广州中考.pdf,真题p5,同题内小问；需人工进一步拆分,KPHY-C003-038,EPHY-C003-023,科学推理;信息提取,0.86,pending_review,false,candidate subquestion row
QPHY-C003-2018-13-S05,QPHY-C003-2018-13,2018,13,③,fill_or_drawing,,2018广州中考.pdf,真题p5,同题内小问；需人工进一步拆分,KPHY-C003-038,EPHY-C003-023,科学推理;信息提取,0.86,pending_review,false,candidate subquestion row
QPHY-C003-2018-13-S06,QPHY-C003-2018-13,2018,13,3,fill_or_drawing,,2018广州中考.pdf,真题p5,同题内小问；需人工进一步拆分,KPHY-C003-038,EPHY-C003-023,科学推理;信息提取,0.86,pending_review,false,candidate subquestion row
QPHY-C003-2018-14-S01,QPHY-C003-2018-14,2018,14,1,fill_or_drawing,,2018广州中考.pdf,真题p5,14．O 为支点的轻质杠杆原处于水平静止.现同时施加大小相等的力F1 、F2（如图14）. （1）此时杠杆能否保持平衡?______________________ （2）画出图中F1 的力臂l1.,KPHY-C003-027,EPHY-C003-014,科学推理;模型建构,0.76,pending_review,false,candidate subquestion row
QPHY-C003-2018-14-S02,QPHY-C003-2018-14,2018,14,2,fill_or_drawing,,2018广州中考.pdf,真题p5,同题内小问；需人工进一步拆分,KPHY-C003-027,EPHY-C003-014,科学推理;模型建构,0.76,pending_review,false,candidate subquestion row
QPHY-C003-2018-15-S01,QPHY-C003-2018-15,2018,15,1,fill_or_drawing,,2018广州中考.pdf,真题p5,15.（1）图15 是托里拆利实验装置，测得当地大气压等于________mm 高的水银柱所产 生的压强. （2）关于图15 现象的成因，十七世纪有两种观点.观点一：否认大气压存在，玻璃管内 本应充满液体，液面下降是因为管内的部分液体变成气体，管内气体越多，液面下降越多.观 点二：管内液面上方是真空，大气压支撑起液柱.帕斯卡为了验证哪种观点正确，将两根长12m 规格相同的玻璃管分别装满水和酒，倒置在相应液体槽中.酒的密度比水小，且比水易变成气 体. 若观点一正确，应出现图1…,KPHY-C003-033,EPHY-C003-021,科学推理;信息提取,0.86,pending_review,false,candidate subquestion row
QPHY-C003-2018-15-S02,QPHY-C003-2018-15,2018,15,2,fill_or_drawing,,2018广州中考.pdf,真题p5,同题内小问；需人工进一步拆分,KPHY-C003-033,EPHY-C003-021,科学推理;信息提取,0.86,pending_review,false,candidate subquestion row
QPHY-C003-2018-16-S01,QPHY-C003-2018-16,2018,16,whole,fill_or_drawing,,2018广州中考.pdf,真题p6,16．测量某液体密度的实验如图17 所示，液体的质量为_________g，依据公式 ρ=_________，液体的密度为_________g/cm3.,KPHY-C003-084,EPHY-C003-040,信息提取,0.76,pending_review,false,candidate subquestion row
QPHY-C003-2018-17-S01,QPHY-C003-2018-17,2018,17,1,fill_or_drawing,,2018广州中考.pdf,真题p6,17. 小明用图18 中的动滑轮匀速拉动水平地面上的物体A，测出A 移动的距离s、水平 拉力F 和A 的重力G. （1）以上条件能否求出此时滑轮的机械效率η? 如果能，写出η 的表达式；如果 条件不足，写出还需补充的物理量的测量步骤和符号，并写出η 的表达式._________ （η 用 题目已知及补充的物理量符号表示） （2）若A 在10s 内运动了4m，A 的速度为____.,KPHY-C003-053,EPHY-C003-018,数学运算;信息提取,0.86,pending_review,false,candidate subquestion row
QPHY-C003-2018-17-S02,QPHY-C003-2018-17,2018,17,2,fill_or_drawing,,2018广州中考.pdf,真题p6,同题内小问；需人工进一步拆分,KPHY-C003-053,EPHY-C003-018,数学运算;信息提取,0.86,pending_review,false,candidate subquestion row
QPHY-C003-2018-18-S01,QPHY-C003-2018-18,2018,18,whole,fill_or_drawing,,2018广州中考.pdf,真题p6,18．白色感压纸受到的压强达到可测最小值时才变色，且颜色随压强变大而变深，大于 可测最大值时颜色不再变深. 感压纸A 的规格如图19 所示. 实验1：用250N 的压力垂直作用在A 上，受力面积为0.25cm2，此压力对A 的压强为 ____N/cm2. 实验2：仍用250N 的压力垂直作用在与A 规格相同的感压纸上，要使它变色且颜色深 F A s 图18 测空注射器的质量 电子秤 图17 测装有20mL 液体的注射器的质量 图15 760mm 734mm 真空 水银 图1…,KPHY-C003-032,EPHY-C003-020,数学运算;科学推理,0.86,pending_review,false,candidate subquestion row
QPHY-C003-2018-19-S01,QPHY-C003-2018-19,2018,19,1,fill_or_drawing,,2018广州中考.pdf,真题p7,"19．测得某熔断开关S 在不同电流下的熔断时间如下表.将电磁铁开关和S 接入电路， 如图20 所示.当I ＞4A 时，电磁铁能在0.1s 内吸动衔铁，使电路断开，衔铁无法自动恢复 至图示位置；当1A＜I ≤4A 时，电磁铁无法吸动衔铁，S 发热熔断，使电路断开（熔断时间 为S 开始通电到它熔断的时间）. （1）S 的电阻为1Ω，当I =2A，通电时间为____s 时S 熔断，此过程中S 产生的热量是 ___J； （2）当I=5A 时,通电0.1s，S 能否熔断?______…",KPHY-C003-084,EPHY-C003-040,信息提取,0.86,pending_review,false,candidate subquestion row
QPHY-C003-2018-19-S02,QPHY-C003-2018-19,2018,19,2,fill_or_drawing,,2018广州中考.pdf,真题p7,同题内小问；需人工进一步拆分,KPHY-C003-084,EPHY-C003-040,信息提取,0.86,pending_review,false,candidate subquestion row
QPHY-C003-2018-20-S01,QPHY-C003-2018-20,2018,20,whole,analysis_calculation,,2018广州中考.pdf,真题p4,20 10 20 主光轴 0 乙透镜 主光轴 主光轴 主光轴 主光轴 10 10 20 20 0 A 乙透镜 10 20 10 20 0 B 乙透镜 10 20 10 20 0 D 乙透镜 10 20 10 20 0 C 图12 甲 P Q 乙 水 图9 西 东,KPHY-C003-040,EPHY-C003-025,科学推理;实验探究,0.76,pending_review,false,candidate subquestion row
QPHY-C003-2018-21-S01,QPHY-C003-2018-21,2018,21,1,analysis_calculation,,2018广州中考.pdf,真题p8,21．小明每天测量同一个鸡蛋的质量，再把鸡蛋放入水中，观察它的浮沉情况后，取出 放好. 下表是他记录的部分数据及现象． （鸡蛋的体积保持不变，g=10N/kg，ρ 水=1.0×103kg/m3） 第1 天 第8 天 第29 天 第57 天 第58 天 第70 天 质量 m/g 66.8 66.2 64.4 62.0 61.9 60.8 鸡蛋 在水 中的 位置 （1）求第57 天鸡蛋所受浮力及鸡蛋的体积. （2）比较第1 天和第70 天鸡蛋受到浮力的大小，写出判断依据. （3…,KPHY-C003-034,EPHY-C003-022,模型建构;数学运算;科学推理,0.86,pending_review,false,candidate subquestion row
QPHY-C003-2018-21-S02,QPHY-C003-2018-21,2018,21,2,analysis_calculation,,2018广州中考.pdf,真题p8,同题内小问；需人工进一步拆分,KPHY-C003-034,EPHY-C003-022,模型建构;数学运算;科学推理,0.86,pending_review,false,candidate subquestion row
QPHY-C003-2018-22-S01,QPHY-C003-2018-22,2018,22,1,experiment_inquiry,,2018广州中考.pdf,真题p9,22. 小芳想了解当滑动变阻器与电阻并联时，调节滑片，电阻两端的电压及电路中的电 流怎样改变. （1）实验电路图如图21 所示，请在图22 中连接对应的实物图． （2）改变滑动变阻器接入电路的阻值，记录数据如下表. 根据表中数据在图23 的坐标 系中画出电阻R 的U-I 图线. 数据序号 1 2 3 4 电压表示数U/V 2.40 1.80 1.20 0.60 电流表 A1 示数I1/A 0.16 0.12 0.08 0.04 电流表 A2 示数I2/A 0.40 0.75…,KPHY-C003-084,EPHY-C003-040,信息提取,0.86,pending_review,false,candidate subquestion row
QPHY-C003-2018-22-S02,QPHY-C003-2018-22,2018,22,2,experiment_inquiry,,2018广州中考.pdf,真题p9,同题内小问；需人工进一步拆分,KPHY-C003-084,EPHY-C003-040,信息提取,0.86,pending_review,false,candidate subquestion row
QPHY-C003-2018-23-S01,QPHY-C003-2018-23,2018,23,1,experiment_inquiry,,2018广州中考.pdf,真题p10,23．如图25 所示，用加热器给初温均为20℃的甲、乙液体加热（m 甲＜m 乙），两种液体 每秒吸收的热量相同. 这两种液体的温度-加热时间的图线如图26. （1）某时刻温度计示数如图25 所示，此时乙的温度为 ℃. （2）甲液体第30s 的内能_______第35s 的内能（选填“大于”、“等于”、“小于”）. （3）小明根据图26 中0 至30s 图线及题目所给信息得出：甲液体的比热容比乙液体的 大.你认为小明的说法是否正确? 你的判断依据是什么? 图24 ˉ ˉ 3 …,KPHY-C003-060,EPHY-C003-009,数学运算;科学推理,0.86,pending_review,false,candidate subquestion row
QPHY-C003-2018-23-S02,QPHY-C003-2018-23,2018,23,2,experiment_inquiry,,2018广州中考.pdf,真题p10,同题内小问；需人工进一步拆分,KPHY-C003-060,EPHY-C003-009,数学运算;科学推理,0.86,pending_review,false,candidate subquestion row
QPHY-C003-2018-23-S03,QPHY-C003-2018-23,2018,23,3,experiment_inquiry,,2018广州中考.pdf,真题p10,同题内小问；需人工进一步拆分,KPHY-C003-060,EPHY-C003-009,数学运算;科学推理,0.86,pending_review,false,candidate subquestion row
QPHY-C003-2018-24-S01,QPHY-C003-2018-24,2018,24,1,experiment_inquiry,,2018广州中考.pdf,真题p11,"24．小明把两端开口的细玻璃管插入水中，发现管内的液面上升（如图27）.他查资料 得知：管内外液面高度差与水温、管的内径有关.小明想利用这支细玻璃管探究管内外液面高 度差与水温的定量 ．．关系 ．．,请你帮他设计实验方案. （1）实验器材：细玻璃管、___________. （2）实验步骤（可画图或文字表述）： （3）设计记录数据的表格． 图27",KPHY-C003-084,EPHY-C003-040,信息提取,0.86,pending_review,false,candidate subquestion row
QPHY-C003-2018-24-S02,QPHY-C003-2018-24,2018,24,2,experiment_inquiry,,2018广州中考.pdf,真题p11,同题内小问；需人工进一步拆分,KPHY-C003-084,EPHY-C003-040,信息提取,0.86,pending_review,false,candidate subquestion row
QPHY-C003-2018-24-S03,QPHY-C003-2018-24,2018,24,3,experiment_inquiry,,2018广州中考.pdf,真题p11,同题内小问；需人工进一步拆分,KPHY-C003-084,EPHY-C003-040,信息提取,0.86,pending_review,false,candidate subquestion row
QPHY-C003-2019-01-S01,QPHY-C003-2019-01,2019,1,whole,choice,,2019广州中考.pdf,真题p1,"1.答题前,考生务必在答题卡上用黑色字迹的签字笔或钢笔填写自己的考生号､姓名; 填写考点考场号､座位号;再用 2B 铅笔把对应该两号码的标号涂黑.",KPHY-C003-084,EPHY-C003-040,信息提取,0.76,pending_review,false,candidate subquestion row
QPHY-C003-2019-02-S01,QPHY-C003-2019-02,2019,2,whole,choice,,2019广州中考.pdf,真题p1,"2.第一部分每小题选出答案后,用 2B 铅笔把答题卡上对应题目的答案标号涂黑;如需改动, 用橡皮擦干净后,再选涂其他答案;不能答在试卷上.",KPHY-C003-084,EPHY-C003-040,信息提取,0.76,pending_review,false,candidate subquestion row
QPHY-C003-2019-03-S01,QPHY-C003-2019-03,2019,3,whole,choice,,2019广州中考.pdf,真题p1,"3.第二部分答案必须写在答题卡各题目指定区域内的相应位置上;如需改动,先划掉原 来的答案,然后再写上新的答案,改动的答案也不能超出指定的区域;除作图可用 2B 铅笔外, 其他都必须用黑色字迹钢笔或签字笔作答,不准使用涂改液,不按以上要求作答的答案无效",KPHY-C003-084,EPHY-C003-040,信息提取,0.76,pending_review,false,candidate subquestion row
QPHY-C003-2019-04-S01,QPHY-C003-2019-04,2019,4,whole,choice,,2019广州中考.pdf,真题p1,"4.考生必须保持答题卡的整洁,考试结束后,将本试卷和答题卡一并交回",KPHY-C003-084,EPHY-C003-040,信息提取,0.76,pending_review,false,candidate subquestion row
QPHY-C003-2019-05-S01,QPHY-C003-2019-05,2019,5,whole,choice,,2019广州中考.pdf,真题p1,"5.全卷共 24 小题,请考生检查题数 第一部分(共 36 分) 一､ 选择题(每小题 3 分) 每小题给出的四个选项中,只有一项最符合题意 1.如图 1 所示,监测器测得同一声源发出的甲､乙两声音的特性如下表甲乙相比 A.乙音调较高 B.甲响度较大 C.声源在发甲声音时振动幅度较大 D.声源在发乙声音时每秒内振动次数较少 2.原子核由哪些粒子组成 A.质子和电子 B.中子和电子 C.质子和中子 D.质子､中子和电子 声音 声音强弱的等级/dB 频率/Hz 甲 70 110…",KPHY-C003-037,EPHY-C003-003,信息提取;科学推理,0.86,pending_review,false,candidate subquestion row
QPHY-C003-2019-06-S01,QPHY-C003-2019-06,2019,6,whole,choice,,2019广州中考.pdf,真题p2,6.导线 a 是闭合电路的一部分，a 在磁场中按图中 v 的方向运动时，能产生感应电流的 是（a 在 A、B 选项中与磁感线平行，在 C、D 选项中垂直于纸面）,KPHY-C003-048,EPHY-C003-029,科学推理;实验探究,0.86,pending_review,false,candidate subquestion row
QPHY-C003-2019-07-S01,QPHY-C003-2019-07,2019,7,whole,choice,,2019广州中考.pdf,真题p2,7.在图 4 温度计所示的恒温环境下进行实验，将此温度计放入一杯冰水混合物中（冰是晶 体），从温度计放入开始计时，放入时间足够长，下列哪幅示意图可能反映了温度计内液体 的体积随时间变化的情况,KPHY-C003-004,EPHY-C003-006,信息提取;实验探究,0.86,pending_review,false,candidate subquestion row
QPHY-C003-2019-08-S01,QPHY-C003-2019-08,2019,8,whole,choice,,2019广州中考.pdf,真题p3,"8.静止在水平地面上的密闭装置内部如图 5 所示,装置内部固定着一根竖直的杆，杆顶 有一小球，忽略杆和球间的摩擦.由于装置开始沿某一水平方向做直线运动，小球从杆上落下， 刚离开杆时的俯视图如图6所示.请由此判断装置是向哪个方向运动 A.东 B.南 C.西 D.北",KPHY-C003-027,EPHY-C003-014,科学推理;模型建构,0.76,pending_review,false,candidate subquestion row
QPHY-C003-2019-09-S01,QPHY-C003-2019-09,2019,9,whole,choice,,2019广州中考.pdf,真题p3,9.如图 7 所示.把重为 G 的物体甲从 A 点竖直向上匀速拉至 B 点；此过程绳的拉力对甲 做的功为 WAB；用平行于斜面的拉力把重也为 G 的物体乙沿斜面从 C 点匀速拉至与 B 等高的 D 点，在此过程中绳的拉力对乙做的功为 WCD.斜面的机械效率为 A.𝑊𝑊𝐴𝐴𝐴𝐴 B. 𝑊𝑊𝐶𝐶𝐶𝐶 𝑊𝑊𝐶𝐶𝐶𝐶 𝑊𝑊𝐴𝐴𝐴𝐴 C. 𝐺𝐺𝐺𝐺 𝑊𝑊𝐶𝐶𝐶𝐶−𝑊𝑊𝐴𝐴𝐴𝐴 D. 𝐺𝐺𝐺𝐺 𝑊𝑊𝐶𝐶𝐶𝐶+𝑊𝑊𝐴𝐴𝐴𝐴,KPHY-C003-061,EPHY-C003-010,数学运算;科学推理,0.76,pending_review,false,candidate subquestion row
QPHY-C003-2019-10-S01,QPHY-C003-2019-10,2019,10,whole,choice,,2019广州中考.pdf,真题p3,10.图 8 中，⊗表示导线中的电流方向垂直 于纸面向里，⊙表示导线中的电流方向垂直于纸 面向外 F 是磁场对通电导线的作用力.下列哪个 选项中，磁场对通电导线的作用力与图 8 中 F 的 方向相同,KPHY-C003-084,EPHY-C003-040,信息提取,0.86,pending_review,false,candidate subquestion row
QPHY-C003-2019-11-S01,QPHY-C003-2019-11,2019,11,whole,choice,,2019广州中考.pdf,真题p4,11.两个相同的烧杯中分别装满了两种不同的液体把甲乙两球分别轻轻放入两杯液体，最后 处于图9所示状态.甲、乙排开液体的重力相等.甲乙所受浮力相比 A.甲所受浮力更大 B.乙所受浮力更大 C.甲、乙所受浮力一样大 D.不知道液体密度无法比较浮力大小,KPHY-C003-034,EPHY-C003-022,模型建构;数学运算;科学推理,0.86,pending_review,false,candidate subquestion row
QPHY-C003-2019-12-S01,QPHY-C003-2019-12,2019,12,whole,choice,,2019广州中考.pdf,真题p4,12.小明按图 10 所示电路图做实验，闭合开关两表读数如图 11 所示 L 突然烧断，烧断后两 表示数如图 12 所示.定值电阻两端电压为 U 流经定值电阻的电流为 1.与 L 烧断前相比，烧 断后 A.U 变大、I 变大 B.U 变大、I 变小 C.U 不变、I 变小 D.U 不变、I 不变 二 、 填 空 作 图 题,KPHY-C003-065,EPHY-C003-031,模型建构;科学推理,0.86,pending_review,false,candidate subquestion row
QPHY-C003-2019-13-S01,QPHY-C003-2019-13,2019,13,whole,fill_or_drawing,,2019广州中考.pdf,真题p4,13.如图 13 所示，一束由 A 发出的光射到平面镜表面 O 点，画出物体 AB 在平面镜中的 像，并画出入射光线 AO 的反射光线,KPHY-C003-084,EPHY-C003-040,信息提取,0.86,pending_review,false,candidate subquestion row
QPHY-C003-2019-14-S01,QPHY-C003-2019-14,2019,14,1,fill_or_drawing,,2019广州中考.pdf,真题p5,14.图 14 为某望远镜内部部分光路图.物镜是凸透镜 O 为光心，F 为物镜焦点，焦距为 500mm （1）在图 14 中画出光线 a、b 经物镜折射前的入射光线 （2）目镜是 透镜（选填“凹”、“凸”） （3）用此望远镜观测月球时，月球经物镜成一个 （选填“倒立”、“正立”）、 （选填“放大”、“等大”、“缩小”）的像.,KPHY-C003-040,EPHY-C003-025,科学推理;实验探究,0.86,pending_review,false,candidate subquestion row
QPHY-C003-2019-14-S02,QPHY-C003-2019-14,2019,14,2,fill_or_drawing,,2019广州中考.pdf,真题p5,同题内小问；需人工进一步拆分,KPHY-C003-040,EPHY-C003-025,科学推理;实验探究,0.86,pending_review,false,candidate subquestion row
QPHY-C003-2019-14-S03,QPHY-C003-2019-14,2019,14,3,fill_or_drawing,,2019广州中考.pdf,真题p5,同题内小问；需人工进一步拆分,KPHY-C003-040,EPHY-C003-025,科学推理;实验探究,0.86,pending_review,false,candidate subquestion row
QPHY-C003-2019-15-S01,QPHY-C003-2019-15,2019,15,whole,fill_or_drawing,,2019广州中考.pdf,真题p5,15.如图 15 所示，轻质弹簧一端固定在墙上，物体 M 沿粗糙地面水平向左运动，压缩弹 簧运动到 A 点时，速度为 VA.在方框内以点代替 M，画出 M 经过 A 点时的受力示意图（图中 已标示了弹簧对 M 的弹力 F）,KPHY-C003-026,EPHY-C003-002,信息提取;数学运算,0.76,pending_review,false,candidate subquestion row
QPHY-C003-2019-16-S01,QPHY-C003-2019-16,2019,16,whole,fill_or_drawing,,2019广州中考.pdf,真题p5,16.如图 16 所示，A 点为硬棒的重心，O 为支点，硬棒水平静止，弹簧测力计的示数为 N.硬棒所受的重力为 N.能否用图 16 中的弹簧测力计按图 17 所示的方法测量 同一硬棒所受的重力？依据是 .,KPHY-C003-081,EPHY-C003-041,实验探究;规范表达,0.86,pending_review,false,candidate subquestion row
QPHY-C003-2019-17-S01,QPHY-C003-2019-17,2019,17,1,fill_or_drawing,,2019广州中考.pdf,真题p6,"17.(1)通过表 1､2 推断海拔五千多米处水的沸点可能是_________ A.75℃ B.83℃ C.92℃ D.100℃ 表 1:海拔与大气压的关系 表 2:大气压与水的沸点的关系 (2)如图 18 所示,瓶口扎上橡皮膜,把一定质量的气体密封在玻璃 瓶内.小明把此瓶从甲地带到海拔更高的乙地,发现橡皮膜向上凸出 2(如图 19).瓶内气体在甲地的密度为 ρ 甲,在乙地的密度为 ρ 乙,根据 公式 ρ= ,得 ρ 甲 ρ 乙(选填“>”､“=､“<”).",KPHY-C003-033,EPHY-C003-021,科学推理;信息提取,0.86,pending_review,false,candidate subquestion row
QPHY-C003-2019-17-S02,QPHY-C003-2019-17,2019,17,2,fill_or_drawing,,2019广州中考.pdf,真题p6,同题内小问；需人工进一步拆分,KPHY-C003-033,EPHY-C003-021,科学推理;信息提取,0.86,pending_review,false,candidate subquestion row
QPHY-C003-2019-18-S01,QPHY-C003-2019-18,2019,18,whole,fill_or_drawing,,2019广州中考.pdf,真题p6,"18.如图 20 所示,钢制的圆柱展示台,底面积 S=1dm 2.另一个为钢制的圆台零件,上底面 积 S =3dm 2,下底面积 S =12dm 2.把零件分别按图 21 和图 22 所示的方式静置在展示台上,两物 体的轴在同一直线上,图 21 中零件对展示台面的压力为 F1､压强为 p1.图 22 中零件对展示台 面的压力为 F2､压强为 p2.F1 F2,p1 p2(选填“>”、“=”、“<”)",KPHY-C003-032,EPHY-C003-020,数学运算;科学推理,0.86,pending_review,false,candidate subquestion row
QPHY-C003-2019-19-S01,QPHY-C003-2019-19,2019,19,1,fill_or_drawing,,2019广州中考.pdf,真题p6,"19.(1)完全燃烧 1.4g 酒精释放的热量是完全燃烧 0.7g 酒精释放 热量的 倍.0.7g 酒精完全燃烧释放的热量是 2.1×10 4J.这些 热量全部被 100g 的液体 A 吸收,液体的温度升高了 50℃;完全燃烧 1.4g 酒精释放的热量全部被 200g 的液体 A 吸收,液体的温度升高了 Δt= ℃（不考虑散热) (2)现用图 23 所示装置加热 200g 的液体 A,燃烧了 1.4g 酒精,液 体升高的温度小于△t,有哪些原因会导致这个结 果? 大气压/(…",KPHY-C003-033,EPHY-C003-021,科学推理;信息提取,0.86,pending_review,false,candidate subquestion row
QPHY-C003-2019-19-S02,QPHY-C003-2019-19,2019,19,2,fill_or_drawing,,2019广州中考.pdf,真题p6,同题内小问；需人工进一步拆分,KPHY-C003-033,EPHY-C003-021,科学推理;信息提取,0.86,pending_review,false,candidate subquestion row
QPHY-C003-2019-20-S01,QPHY-C003-2019-20,2019,20,1,analysis_calculation,,2019广州中考.pdf,真题p7,20.电鳗是一种能对外界施加电压的动物.如图 24，为了研究电鳗的放电行为，研究人 员把一根导体棒伸进水中，放电的电鳗可看成电源 A、B 两点是电源两极.某次实验: （1）当电鳗跃起，头部碰到导体棒时，电流从 A 点经部分导体棒、水回到 B 点，形成 闭合回路，电路图如图 25 所示，接入电路的导体棒及水的电阻 R＝50002，电流 1＝0.02A. 求此时 AB 间的电压 U 和 R 的电功率 P. （2）电鳗头部接触到导体棒更高的位置时，R 变大，电流 I 变为 0.0…,KPHY-C003-053,EPHY-C003-018,数学运算;信息提取,0.76,pending_review,false,candidate subquestion row
QPHY-C003-2019-20-S02,QPHY-C003-2019-20,2019,20,2,analysis_calculation,,2019广州中考.pdf,真题p7,同题内小问；需人工进一步拆分,KPHY-C003-053,EPHY-C003-018,数学运算;信息提取,0.76,pending_review,false,candidate subquestion row
QPHY-C003-2019-21-S01,QPHY-C003-2019-21,2019,21,1,analysis_calculation,,2019广州中考.pdf,真题p7,21.运动员从高空竖直向下跳伞，人（包括装备）的质量为 80kg 只考虑人受到的重力和空气 阻力，下落时的速度一时间图线如图 26 所示. （1）人在前 50s 内下落了 2100m，求这段时间内人的平均速度. （2）人在前 30s 内下落了 1500m，求这段时间内人所受重力做的功和功率.（g＝10N/kg） （3）从第 10s 到第 30s 这个过程中，人的动能、重力势能、机械能是如何变化的？ （4）人在第 30s 时所受空气阻力 第 50s 时所受空气阻力（选填“大于…,KPHY-C003-055,EPHY-C003-017,科学推理;信息提取,0.86,pending_review,false,candidate subquestion row
QPHY-C003-2019-21-S02,QPHY-C003-2019-21,2019,21,2,analysis_calculation,,2019广州中考.pdf,真题p7,同题内小问；需人工进一步拆分,KPHY-C003-055,EPHY-C003-017,科学推理;信息提取,0.86,pending_review,false,candidate subquestion row
QPHY-C003-2019-21-S03,QPHY-C003-2019-21,2019,21,3,analysis_calculation,,2019广州中考.pdf,真题p7,同题内小问；需人工进一步拆分,KPHY-C003-055,EPHY-C003-017,科学推理;信息提取,0.86,pending_review,false,candidate subquestion row
QPHY-C003-2019-21-S04,QPHY-C003-2019-21,2019,21,4,analysis_calculation,,2019广州中考.pdf,真题p7,同题内小问；需人工进一步拆分,KPHY-C003-055,EPHY-C003-017,科学推理;信息提取,0.86,pending_review,false,candidate subquestion row
QPHY-C003-2019-22-S01,QPHY-C003-2019-22,2019,22,whole,experiment_inquiry,,2019广州中考.pdf,真题p8,22.把酒精反复涂在温度计的玻璃泡上，用扇子扇温度计，温度计示数减小.用扇子扇表面干燥的温度计，温 度计示数不变. 根据以上信息你可以得出什么结论? .,KPHY-C003-084,EPHY-C003-040,信息提取,0.86,pending_review,false,candidate subquestion row
QPHY-C003-2019-23-S01,QPHY-C003-2019-23,2019,23,1,experiment_inquiry,,2019广州中考.pdf,真题p8,23.小明连接了如图 27 所示的电路，灯泡上标有“2.5V 0.3A （1）在方框内画出实物图对应的电路图 （2）闭合开关，看不到灯亮，电流表有示数.小明认为灯不亮的原因是灯丝断了你认为他的说法是 否正确？依据是 . （3）小芳想通过测量 ab 接线柱间、cd 接线柱间的电压找出看不到灯亮的原因.请在图 28 中补 充完整用电压表测 ab 接线柱间的电压时的实物图. 测量时若出现下表中的情况，请根据数据判断可能导致看不到灯亮的原因 Uab/V Ucd/V 电流表示数 I/…,KPHY-C003-084,EPHY-C003-040,信息提取,0.86,pending_review,false,candidate subquestion row
QPHY-C003-2019-23-S02,QPHY-C003-2019-23,2019,23,2,experiment_inquiry,,2019广州中考.pdf,真题p8,同题内小问；需人工进一步拆分,KPHY-C003-084,EPHY-C003-040,信息提取,0.86,pending_review,false,candidate subquestion row
QPHY-C003-2019-23-S03,QPHY-C003-2019-23,2019,23,3,experiment_inquiry,,2019广州中考.pdf,真题p8,同题内小问；需人工进一步拆分,KPHY-C003-084,EPHY-C003-040,信息提取,0.86,pending_review,false,candidate subquestion row
QPHY-C003-2019-24-S01,QPHY-C003-2019-24,2019,24,whole,experiment_inquiry,,2019广州中考.pdf,真题p8,24．质量可忽略的细绳上端固定，下端系一质量为 m 的金属螺母，做成摆长为 l 的摆（如图 29 所示）．让螺母在竖直面内小幅度往返摆动，每完成一次往返 摆动的时间均为 T=2π （g = 9.8N/kg）. 请你根据 T=2π 推测，螺母往返摆动一次的时间 T 与螺母的,KPHY-C003-084,EPHY-C003-040,信息提取,0.76,pending_review,false,candidate subquestion row
QPHY-C003-2020-01-S01,QPHY-C003-2020-01,2020,1,whole,choice,,2020广州中考（含答案）.pdf,真题p1,1．答题前，考生务必在答题卡上用黑色字迹的签字笔或钢笔填写自己的考生号、姓名；填写考 点考场号、座位号；再用2B铅笔把对应该两号码的标号涂黑。,KPHY-C003-084,EPHY-C003-040,信息提取,0.76,pending_review,false,candidate subquestion row
QPHY-C003-2020-02-S01,QPHY-C003-2020-02,2020,2,whole,choice,,2020广州中考（含答案）.pdf,真题p1,2．第一部分每小题选出答案后，用2B铅笔把答题卡上对应题目的答案标号涂黑；如需改动， 用橡皮擦干净后，再选涂其他答案；不能答在试卷上。,KPHY-C003-084,EPHY-C003-040,信息提取,0.76,pending_review,false,candidate subquestion row
QPHY-C003-2020-03-S01,QPHY-C003-2020-03,2020,3,whole,choice,,2020广州中考（含答案）.pdf,真题p1,3．第二部分答案必须写在答题卡各题目指定区域内的相应位置上；如需改动，先划掉原来 的答案，然后再写上新的答案，改动的答案也不能超出指定的区域；除作图可用2B铅 笔外，其他都必须用黑色字迹钢笔或签字笔作答。不准使用涂改液。不按以上要求作答 的答案无效。,KPHY-C003-084,EPHY-C003-040,信息提取,0.76,pending_review,false,candidate subquestion row
QPHY-C003-2020-04-S01,QPHY-C003-2020-04,2020,4,whole,choice,,2020广州中考（含答案）.pdf,真题p1,4．考生必须保持答题卡的整洁。考试结束后，将本试卷和答题卡一并交回。,KPHY-C003-084,EPHY-C003-040,信息提取,0.76,pending_review,false,candidate subquestion row
QPHY-C003-2020-05-S01,QPHY-C003-2020-05,2020,5,whole,choice,,2020广州中考（含答案）.pdf,真题p1,5．全卷共 24 小题，请考生检查题数。 第一部分 （共 36 分） 一、选择题（每小题 3 分） 每小题给出的四个选项中，只有一项最符合题意. 1．图 1 为试卷示意图，你正在使用的物理试卷宽约为 A．27m B．27nm C．270cm D．270mm 2．甲音叉发声时每秒振动 256 次，乙音叉发声时振动频率 为 512Hz，相比于乙音叉，甲音叉 A．发声时振幅一定更小 B．发声时振动频率一定更高 C．发出声音的音调一定更低 D．发出声音的响度一定更大 密封装订线 图…,KPHY-C003-037,EPHY-C003-003,信息提取;科学推理,0.86,pending_review,false,candidate subquestion row
QPHY-C003-2020-06-S01,QPHY-C003-2020-06,2020,6,whole,choice,,2020广州中考（含答案）.pdf,真题p2,6．金属球用细绳挂在车厢内，并相对于车静止，位置如图 4 所示．下列选项中能导致 球突然从如图 4 位置变成如图 5 位置的是 A．车向西起动 B．车做匀速直线运动 C．车向东直线运动时加速 D．车向东直线运动时减速,KPHY-C003-030,EPHY-C003-016,科学推理;模型建构,0.86,pending_review,false,candidate subquestion row
QPHY-C003-2020-07-S01,QPHY-C003-2020-07,2020,7,whole,choice,,2020广州中考（含答案）.pdf,真题p2,7．球竖直向上运动，并落回 地面，这过程中先后经过 M、S 两 点．球在这两点的动能和重力势能 如图 6 所示，则球在 M 点的 A．速度比在 S 点的大 B．机械能大于在 S 点的 1.0 0.8 0.6 0.4 0.2 能量/J 水平地面 图 4 图 5 C．机械能等于在 S 点的 D．离地高度比在 S 点的低 0 M 点动能 M 点重力势能 图 6 S 点动能 S 点重力势能,KPHY-C003-055,EPHY-C003-017,科学推理;信息提取,0.86,pending_review,false,candidate subquestion row
QPHY-C003-2020-08-S01,QPHY-C003-2020-08,2020,8,whole,choice,,2020广州中考（含答案）.pdf,真题p2,8．如图 7 所示，小明分别使用甲、乙、丙、丁四种机械匀速提升物体（绳长不变）， 测得拉力和物体 M、N 所受的重力如表 1 所示，则 表 1 F 甲 F 乙 F 丙 F 丁 GM GN 5.5N 12N 5.5N 8N 5N 10N 甲 乙 丙 丁 图 7 A．甲的机械效率比丙的大 B．乙、丁的机械效率相同 C．使用丙提升物体 M 时省力 D．实验测得的数据无法算出机械效率 F 甲 M F 乙 N F 丙 M F 丁 N 西 东 西 东,KPHY-C003-084,EPHY-C003-040,信息提取,0.86,pending_review,false,candidate subquestion row
QPHY-C003-2020-09-S01,QPHY-C003-2020-09,2020,9,whole,choice,,2020广州中考（含答案）.pdf,真题p3,9．矩形铜线框在某磁场中的位置如图 8 所示，ab、bc、 ed 和 fe 段都受到该磁场的作用力，下列哪两段受到该磁场的 作用力方向相同 A．ab 段与 bc 段 B．ab 段与 ed 段 C．ab 段与 fe 段 D．fe 段与 ed 段,KPHY-C003-044,EPHY-C003-026,科学推理;模型建构,0.76,pending_review,false,candidate subquestion row
QPHY-C003-2020-10-S01,QPHY-C003-2020-10,2020,10,1,choice,,2020广州中考（含答案）.pdf,真题p3,10．小明测量不同型号铅笔在纸上涂划所得线条的电阻， 实 验步骤如下： 磁感线 a f R 图 8 （1）用铅笔在纸上画出两段长为 15cm 的线条，在其中一段线条上重复涂划 3 次，另 一段 6 次； （2）换用不同型号铅笔重复（1）的操作，得到多组等长等宽的线条如图 9； （3）测出每段线条两端的电阻记录在表 2. 表 2 根据实验数据，可推测电阻最小的是 A．① B. ② C. ③ D. ④ 图 10 中圆柱形容器装有适量的水，当水温从 0℃升到 15℃时，水的密度ρ…,KPHY-C003-084,EPHY-C003-040,信息提取,0.86,pending_review,false,candidate subquestion row
QPHY-C003-2020-10-S02,QPHY-C003-2020-10,2020,10,2,choice,,2020广州中考（含答案）.pdf,真题p3,同题内小问；需人工进一步拆分,KPHY-C003-084,EPHY-C003-040,信息提取,0.86,pending_review,false,candidate subquestion row
QPHY-C003-2020-10-S03,QPHY-C003-2020-10,2020,10,3,choice,,2020广州中考（含答案）.pdf,真题p3,同题内小问；需人工进一步拆分,KPHY-C003-084,EPHY-C003-040,信息提取,0.86,pending_review,false,candidate subquestion row
QPHY-C003-2020-10-S04,QPHY-C003-2020-10,2020,10,①,choice,,2020广州中考（含答案）.pdf,真题p3,同题内小问；需人工进一步拆分,KPHY-C003-084,EPHY-C003-040,信息提取,0.86,pending_review,false,candidate subquestion row
QPHY-C003-2020-10-S05,QPHY-C003-2020-10,2020,10,②,choice,,2020广州中考（含答案）.pdf,真题p3,同题内小问；需人工进一步拆分,KPHY-C003-084,EPHY-C003-040,信息提取,0.86,pending_review,false,candidate subquestion row
QPHY-C003-2020-10-S06,QPHY-C003-2020-10,2020,10,③,choice,,2020广州中考（含答案）.pdf,真题p3,同题内小问；需人工进一步拆分,KPHY-C003-084,EPHY-C003-040,信息提取,0.86,pending_review,false,candidate subquestion row
QPHY-C003-2020-10-S07,QPHY-C003-2020-10,2020,10,④,choice,,2020广州中考（含答案）.pdf,真题p3,同题内小问；需人工进一步拆分,KPHY-C003-084,EPHY-C003-040,信息提取,0.86,pending_review,false,candidate subquestion row
QPHY-C003-2020-11-S01,QPHY-C003-2020-11,2020,11,whole,choice,,2020广州中考（含答案）.pdf,真题p3,11．下列选项中能正确反映图 10 中容器底受到水的压强 p 和水温 t 关系的是 p 0 15 t/℃ 0 15 t/℃ 0 15 t/℃ t/℃ A B C D 水 9B 8B 6B 4B 2B 图9,KPHY-C003-032,EPHY-C003-020,数学运算;科学推理,0.76,pending_review,false,candidate subquestion row
QPHY-C003-2020-12-S01,QPHY-C003-2020-12,2020,12,whole,choice,,2020广州中考（含答案）.pdf,真题p4,12．如图 12，把测力计下悬挂的实心金属块 M（体积不变）浸没在水中，M 处于静 止状态，下列选项中能正确反映测力计示数 F 和水温 t 关系的是 F 0 15 t/℃ 0 15 t/℃ 0 15 t/℃ t/℃ 图 12 A B C D 第二部分（共 64 分） 二、填空 作图题（共 25 分）,KPHY-C003-084,EPHY-C003-040,信息提取,0.76,pending_review,false,candidate subquestion row
QPHY-C003-2020-13-S01,QPHY-C003-2020-13,2020,13,1,fill_or_drawing,,2020广州中考（含答案）.pdf,真题p4,13．（1）如图 13，光源 S 发出的一束光从空气射向水面，在容器壁上点 P、Q 处出现光 点，画出上述现象的入射光线、反射光线和折射光线． S （2）如图 14 所示物体 MN 放在凸透镜前，0cm 处为凸透镜光心，M 点发出的光线 a 平行于主光轴． 容器壁 凸透镜 图 14 ① 凸透镜的焦距为 cm． ② 画出光线 b 经光心后的光线． ③ 物体 MN 经凸透镜成的像相对于物是 （选填“放大”“等大”“缩小”）的. ④ 要使光线 a 经凸透镜后的光线经过 K 点，应…,KPHY-C003-040,EPHY-C003-025,科学推理;实验探究,0.86,pending_review,false,candidate subquestion row
QPHY-C003-2020-13-S02,QPHY-C003-2020-13,2020,13,2,fill_or_drawing,,2020广州中考（含答案）.pdf,真题p4,同题内小问；需人工进一步拆分,KPHY-C003-040,EPHY-C003-025,科学推理;实验探究,0.86,pending_review,false,candidate subquestion row
QPHY-C003-2020-13-S03,QPHY-C003-2020-13,2020,13,①,fill_or_drawing,,2020广州中考（含答案）.pdf,真题p4,同题内小问；需人工进一步拆分,KPHY-C003-040,EPHY-C003-025,科学推理;实验探究,0.86,pending_review,false,candidate subquestion row
QPHY-C003-2020-13-S04,QPHY-C003-2020-13,2020,13,②,fill_or_drawing,,2020广州中考（含答案）.pdf,真题p4,同题内小问；需人工进一步拆分,KPHY-C003-040,EPHY-C003-025,科学推理;实验探究,0.86,pending_review,false,candidate subquestion row
QPHY-C003-2020-13-S05,QPHY-C003-2020-13,2020,13,③,fill_or_drawing,,2020广州中考（含答案）.pdf,真题p4,同题内小问；需人工进一步拆分,KPHY-C003-040,EPHY-C003-025,科学推理;实验探究,0.86,pending_review,false,candidate subquestion row
QPHY-C003-2020-13-S06,QPHY-C003-2020-13,2020,13,④,fill_or_drawing,,2020广州中考（含答案）.pdf,真题p4,同题内小问；需人工进一步拆分,KPHY-C003-040,EPHY-C003-025,科学推理;实验探究,0.86,pending_review,false,candidate subquestion row
QPHY-C003-2020-14-S01,QPHY-C003-2020-14,2020,14,1,fill_or_drawing,,2020广州中考（含答案）.pdf,真题p5,14．图 15 为紫外线的三个波段示意图，其中 UVC 对人体伤害最大．UVC 能通过石 英玻璃，普通玻璃可有效阻碍 UVC 的传播．图 16 中家用消毒柜的紫外线灯可发出波长为 254nm 的紫外线． 紫外线 200 280 315 400 柜门透明部分 图 15 波长/nm 图 16 （1）波长为 254nm 的紫外线属于 波段（选填“UVC”“UVB”“UVA”）． （2）波长为 254nm 的紫外线从紫外线灯的密封透明灯管内透出，对柜内的物品进行 杀菌消毒，柜门透明…,KPHY-C003-038,EPHY-C003-023,科学推理;信息提取,0.76,pending_review,false,candidate subquestion row
QPHY-C003-2020-14-S02,QPHY-C003-2020-14,2020,14,2,fill_or_drawing,,2020广州中考（含答案）.pdf,真题p5,同题内小问；需人工进一步拆分,KPHY-C003-038,EPHY-C003-023,科学推理;信息提取,0.76,pending_review,false,candidate subquestion row
QPHY-C003-2020-15-S01,QPHY-C003-2020-15,2020,15,1,fill_or_drawing,,2020广州中考（含答案）.pdf,真题p3,15 b e c d - + 9．矩形铜线框在某磁场中的位置如图 8 所示，ab、bc、 ed 和 fe 段都受到该磁场的作用力，下列哪两段受到该磁场的 作用力方向相同 A．ab 段与 bc 段 B．ab 段与 ed 段 C．ab 段与 fe 段 D．fe 段与 ed 段 10．小明测量不同型号铅笔在纸上涂划所得线条的电阻， 实 验步骤如下： 磁感线 a f R 图 8 （1）用铅笔在纸上画出两段长为 15cm 的线条，在其中一段线条上重复涂划 3 次，另 一段 6 次； …,KPHY-C003-084,EPHY-C003-040,信息提取,0.86,pending_review,false,candidate subquestion row
QPHY-C003-2020-16-S01,QPHY-C003-2020-16,2020,16,1,fill_or_drawing,,2020广州中考（含答案）.pdf,真题p5,16．如图 18 所示，以硬尺上某位置为支点 O，在尺上挂一重 3N 的物体 M，尺在竖直 向上的拉力 F 作用下保持水平静止，尺的质量不计． （1）O 在 dm 刻度线处. （2）画出 F 的力臂 l． 图 18,KPHY-C003-028,EPHY-C003-013,规范表达;科学推理,0.76,pending_review,false,candidate subquestion row
QPHY-C003-2020-16-S02,QPHY-C003-2020-16,2020,16,2,fill_or_drawing,,2020广州中考（含答案）.pdf,真题p5,同题内小问；需人工进一步拆分,KPHY-C003-028,EPHY-C003-013,规范表达;科学推理,0.76,pending_review,false,candidate subquestion row
QPHY-C003-2020-17-S01,QPHY-C003-2020-17,2020,17,1,fill_or_drawing,,2020广州中考（含答案）.pdf,真题p5,17．某地区把多余电能 E1 送往制氢装置产生氢气，电能不足时，通过发电装置把这部 分氢气燃烧释放的能量转化为电能 E2 送回电网． （1）氢气的热值是 1.4×108J/kg，20kg 氢气完全燃烧放出的热量是 J． （2）下列属于可再生能源的是 ． ①风能 ②煤 ③太阳能 （3）E1 E2（选填“>”“=”“<”）． 甲 电磁铁 N 铁块 1 UVC UVB UVA F=6N 硬尺 0 1 2 3 4 5 6 7 8 9 10 dm M,KPHY-C003-071,EPHY-C003-039,信息提取;跨学科应用,0.86,pending_review,false,candidate subquestion row
QPHY-C003-2020-17-S02,QPHY-C003-2020-17,2020,17,2,fill_or_drawing,,2020广州中考（含答案）.pdf,真题p5,同题内小问；需人工进一步拆分,KPHY-C003-071,EPHY-C003-039,信息提取;跨学科应用,0.86,pending_review,false,candidate subquestion row
QPHY-C003-2020-17-S03,QPHY-C003-2020-17,2020,17,①,fill_or_drawing,,2020广州中考（含答案）.pdf,真题p5,同题内小问；需人工进一步拆分,KPHY-C003-071,EPHY-C003-039,信息提取;跨学科应用,0.86,pending_review,false,candidate subquestion row
QPHY-C003-2020-17-S04,QPHY-C003-2020-17,2020,17,②,fill_or_drawing,,2020广州中考（含答案）.pdf,真题p5,同题内小问；需人工进一步拆分,KPHY-C003-071,EPHY-C003-039,信息提取;跨学科应用,0.86,pending_review,false,candidate subquestion row
QPHY-C003-2020-17-S05,QPHY-C003-2020-17,2020,17,③,fill_or_drawing,,2020广州中考（含答案）.pdf,真题p5,同题内小问；需人工进一步拆分,KPHY-C003-071,EPHY-C003-039,信息提取;跨学科应用,0.86,pending_review,false,candidate subquestion row
QPHY-C003-2020-17-S06,QPHY-C003-2020-17,2020,17,3,fill_or_drawing,,2020广州中考（含答案）.pdf,真题p5,同题内小问；需人工进一步拆分,KPHY-C003-071,EPHY-C003-039,信息提取;跨学科应用,0.86,pending_review,false,candidate subquestion row
QPHY-C003-2020-18-S01,QPHY-C003-2020-18,2020,18,1,fill_or_drawing,,2020广州中考（含答案）.pdf,真题p6,18．小明想探究图 19 中的膜被不同粗细的针（表 3）刚刺破时所受压强是否相等．A 针对膜的压力 F 随时间变化，膜刚被刺破时，压力达到最大值，F t 图象如图 20 所示． 表 3 1 F/N 图 19 透气孔 0.5 0 t1 t2 t/s 图 20 （1）膜刚被刺破时，A 针对膜的压力 FA 为 N，压强 pA 为 Pa． （2）t1 至 t2 这段时间，A 针对膜的压强是变大、变小还是不变？ （3）B 针刚刺破图 19 中的膜时，测得针对膜压力为 3.5N，此时 …,KPHY-C003-084,EPHY-C003-040,信息提取,0.86,pending_review,false,candidate subquestion row
QPHY-C003-2020-18-S02,QPHY-C003-2020-18,2020,18,2,fill_or_drawing,,2020广州中考（含答案）.pdf,真题p6,同题内小问；需人工进一步拆分,KPHY-C003-084,EPHY-C003-040,信息提取,0.86,pending_review,false,candidate subquestion row
QPHY-C003-2020-18-S03,QPHY-C003-2020-18,2020,18,3,fill_or_drawing,,2020广州中考（含答案）.pdf,真题p6,同题内小问；需人工进一步拆分,KPHY-C003-084,EPHY-C003-040,信息提取,0.86,pending_review,false,candidate subquestion row
QPHY-C003-2020-19-S01,QPHY-C003-2020-19,2020,19,1,fill_or_drawing,,2020广州中考（含答案）.pdf,真题p6,19．我们用图 21 中的装置进行实验，根据现象可 推断定值电阻 R1 和 R2 的大小关系． （1）定值电阻 R1 和 R2 分别加热容器内的油（甲瓶 中的油比乙瓶中的多）．两电阻工作相同时间，油均未 沸腾，观察到甲温度计升温比乙温度计多．该过程电阻 产生的热量全部被油吸收．根据上述实验可得“R1 产生 的热量比 R2 多”，依据是 ． （2）根据上述信息，可判断 R1 R2（选填“> “=”“<”）． 三、解析题（共 24 分） 图 21 解析题应写出必要的文字说明、公…,KPHY-C003-004,EPHY-C003-006,信息提取;实验探究,0.86,pending_review,false,candidate subquestion row
QPHY-C003-2020-19-S02,QPHY-C003-2020-19,2020,19,2,fill_or_drawing,,2020广州中考（含答案）.pdf,真题p6,同题内小问；需人工进一步拆分,KPHY-C003-004,EPHY-C003-006,信息提取;实验探究,0.86,pending_review,false,candidate subquestion row
QPHY-C003-2020-20-S01,QPHY-C003-2020-20,2020,20,1,analysis_calculation,,2020广州中考（含答案）.pdf,真题p6,20．装有水的容器在大小为 10N 的拉力 F 作用下运动，图 22 为容器三段运动的示意 图，F 的方向始终沿着容器运动方向，OP 段、MN 段为水平地面．在 MN 段容器中的水少 于 OP 段，容器在 OP 段、MN 段的速度—时间图象和 QR 段的路程—时间图象如图 23 所示. （1）求 F 在 OP 段做的功． （2）求 F 在 QR 段的功率． （3）容器在OP 段和MN 段受到摩擦力分别为f1、f2，则f1 f（ 2 选填“>”“=”“<”）． 容器 容器 t…,KPHY-C003-026,EPHY-C003-002,信息提取;数学运算,0.86,pending_review,false,candidate subquestion row
QPHY-C003-2020-20-S02,QPHY-C003-2020-20,2020,20,2,analysis_calculation,,2020广州中考（含答案）.pdf,真题p6,同题内小问；需人工进一步拆分,KPHY-C003-026,EPHY-C003-002,信息提取;数学运算,0.86,pending_review,false,candidate subquestion row
QPHY-C003-2020-20-S03,QPHY-C003-2020-20,2020,20,3,analysis_calculation,,2020广州中考（含答案）.pdf,真题p6,同题内小问；需人工进一步拆分,KPHY-C003-026,EPHY-C003-002,信息提取;数学运算,0.86,pending_review,false,candidate subquestion row
QPHY-C003-2020-21-S01,QPHY-C003-2020-21,2020,21,1,analysis_calculation,,2020广州中考（含答案）.pdf,真题p7,21．如图 24 所示，小灯泡 L 的额定电压为 3.8V，定值电阻 R 阻值为 20Ω，闭合开关，流过 R 的电流为 0.1A，流过 L 的电流为 0.2A．求： （1）此时 L 的电阻. （2）L 的实际功率. （3）通电 20s，L、R 共消耗的电能. 四、实验 探究题（共 15 分） R L S 图 24,KPHY-C003-053,EPHY-C003-018,数学运算;信息提取,0.76,pending_review,false,candidate subquestion row
QPHY-C003-2020-21-S02,QPHY-C003-2020-21,2020,21,2,analysis_calculation,,2020广州中考（含答案）.pdf,真题p7,同题内小问；需人工进一步拆分,KPHY-C003-053,EPHY-C003-018,数学运算;信息提取,0.76,pending_review,false,candidate subquestion row
QPHY-C003-2020-21-S03,QPHY-C003-2020-21,2020,21,3,analysis_calculation,,2020广州中考（含答案）.pdf,真题p7,同题内小问；需人工进一步拆分,KPHY-C003-053,EPHY-C003-018,数学运算;信息提取,0.76,pending_review,false,candidate subquestion row
QPHY-C003-2020-22-S01,QPHY-C003-2020-22,2020,22,whole,experiment_inquiry,,2020广州中考（含答案）.pdf,真题p7,22．如图 25 所示 a 表示垂直于纸面的一根导线，它是闭合电路的一部分，以下选项中 能让 a 在磁场中水平方向左右运动时产生感应电流的有 ． a a a 水平运动 a a 图 25 甲 乙 丙 丁,KPHY-C003-048,EPHY-C003-029,科学推理;实验探究,0.86,pending_review,false,candidate subquestion row
QPHY-C003-2020-23-S01,QPHY-C003-2020-23,2020,23,1,experiment_inquiry,,2020广州中考（含答案）.pdf,真题p7,23．小明设计的电路图如图 26，小灯泡 L1、L2 的额定电压分别为 2.5V、1.5V． （1）根据电路图，用笔画线表示导线，把图 27 中的实物连接起来． L2 - + L1 图 27 15 图 28 （2）电路正确连接后，闭合开关，两灯发光，如图 28 电压表 V1 的示数为 ，V2 的示数为 2.8V，L2 是否正常发光？ . （3）小明将 L1 换成额定电压为 2.5V 的 LED，闭合开关后发现 LED 亮，而 L2 不亮. ① 小明认为此时 L2 烧断，他判…,KPHY-C003-065,EPHY-C003-031,模型建构;科学推理,0.86,pending_review,false,candidate subquestion row
QPHY-C003-2020-23-S02,QPHY-C003-2020-23,2020,23,2,experiment_inquiry,,2020广州中考（含答案）.pdf,真题p7,同题内小问；需人工进一步拆分,KPHY-C003-065,EPHY-C003-031,模型建构;科学推理,0.86,pending_review,false,candidate subquestion row
QPHY-C003-2020-23-S03,QPHY-C003-2020-23,2020,23,3,experiment_inquiry,,2020广州中考（含答案）.pdf,真题p7,同题内小问；需人工进一步拆分,KPHY-C003-065,EPHY-C003-031,模型建构;科学推理,0.86,pending_review,false,candidate subquestion row
QPHY-C003-2020-23-S04,QPHY-C003-2020-23,2020,23,①,experiment_inquiry,,2020广州中考（含答案）.pdf,真题p7,同题内小问；需人工进一步拆分,KPHY-C003-065,EPHY-C003-031,模型建构;科学推理,0.86,pending_review,false,candidate subquestion row
QPHY-C003-2020-24-S01,QPHY-C003-2020-24,2020,24,whole,experiment_inquiry,,2020广州中考（含答案）.pdf,真题p8,24．据说某电子秤可测液体体积，小明进行以下两个实验，验证这种说法是否真实． 实 验一：实验过程如图 29，质量为 50.0g 的水，该秤显示的体积为 50.0mL． 按“清零”键 往容器倒入水 按“单位”键 容器的质量 水的质量 图 29 实验二：质量为 50.0g 的油，该秤显示的体积也为 50.0mL. 结合水、油的密度，小明发现该秤可以测出水的体积，不能测出油的体积. 小明猜想：该电子秤不能测出密度不等于水的液体的体积． 利用该电子秤和某种液体（ρ液≠ρ水且ρ液未知…,KPHY-C003-017,EPHY-C003-011,科学推理,0.76,pending_review,false,candidate subquestion row
QPHY-C003-2021-01-S01,QPHY-C003-2021-01,2021,1,whole,choice,,2021广州中考.pdf,真题p1,1．如图1，太阳能汽车利用太阳能电池将太能转化为电能，储存在车上的蓄电池内，为汽 车提供动力。下列说法正确的是（ ） A．太阳能是一种不可再生能源 B．蓄电池为汽车提供动力时，将电能转化为化学能 C．太阳能汽车不能将接收到的太阳能全部转化为机械能 D．太阳能汽车将太阳能转化为内能，再将内能转化为动能,KPHY-C003-071,EPHY-C003-039,信息提取;跨学科应用,0.86,pending_review,false,candidate subquestion row
QPHY-C003-2021-02-S01,QPHY-C003-2021-02,2021,2,whole,choice,,2021广州中考.pdf,真题p1,2．如图2，粒子a 由粒子b、c 构成，各粒子的带电情况如下表，则b 是（ ） A．质子 B．原子 C．电子 D．原子核,KPHY-C003-017,EPHY-C003-011,科学推理,0.86,pending_review,false,candidate subquestion row
QPHY-C003-2021-03-S01,QPHY-C003-2021-03,2021,3,whole,choice,,2021广州中考.pdf,真题p1,3．如图3，甲鼓发声时鼓皮每秒振动的次数比乙的少。甲、乙相比，甲鼓皮（ ） A．发声的响度一定较大 B．发声的音调一定较低 C．振动的振幅一定较小 D．振动的频率一定较高,KPHY-C003-037,EPHY-C003-003,信息提取;科学推理,0.86,pending_review,false,candidate subquestion row
QPHY-C003-2021-04-S01,QPHY-C003-2021-04,2021,4,whole,choice,,2021广州中考.pdf,真题p1,4．如图4，利用静电喷漆枪给物件上漆，涂料小液滴之间相互排斥，但被物件吸引。则 （ ） A．物件一定带负电 B．物件一定不带电 C．小液滴可能不带电 D．小液滴一定带同种电荷,KPHY-C003-043,EPHY-C003-012,科学推理,0.86,pending_review,false,candidate subquestion row
QPHY-C003-2021-05-S01,QPHY-C003-2021-05,2021,5,whole,choice,,2021广州中考.pdf,真题p1,5．如图5，甲、乙两人在完全相同的沙滩散步，留下深浅相同、大小不同的脚印，则甲 （ ） 图1 图3 甲 乙 图4,KPHY-C003-032,EPHY-C003-020,数学运算;科学推理,0.86,pending_review,false,candidate subquestion row
QPHY-C003-2021-06-S01,QPHY-C003-2021-06,2021,6,whole,choice,,2021广州中考.pdf,真题p2,6．图6 显示的是甲、乙两机械的参数。甲、乙相比，甲的（ ） 图6 A．总功较大 B．有用功较小 C．额外功较大 D．机械效率较低,KPHY-C003-053,EPHY-C003-018,数学运算;信息提取,0.86,pending_review,false,candidate subquestion row
QPHY-C003-2021-07-S01,QPHY-C003-2021-07,2021,7,whole,choice,,2021广州中考.pdf,真题p2,7．如图7 甲，大小相同的水平拉力F 分别拉着物体M、N 在不同的水平地面上做直线运 动，此过程M、N 的动能随时间变化的关系如图7 乙所示。用GM 和GN、fM 和fN、vM 和vN 分别表示M、N 所受的重力、摩擦力和运动速度的大小，下列判断一定正确的是 （ ） 图7 A．GM < GN B．vM > vN C．fM < fN D．fM = fN,KPHY-C003-084,EPHY-C003-040,信息提取,0.86,pending_review,false,candidate subquestion row
QPHY-C003-2021-08-S01,QPHY-C003-2021-08,2021,8,whole,choice,,2021广州中考.pdf,真题p2,8．如图8 甲，磁场对导体的力F 竖直向上，用Fab、Fcd、Faˊbˊ和Fcˊdˊ分别表示图8 乙、丙 中闭合开关时磁场对导体ab、cd、aˊbˊ和cˊdˊ的力，则（ ）,KPHY-C003-084,EPHY-C003-040,信息提取,0.86,pending_review,false,candidate subquestion row
QPHY-C003-2021-09-S01,QPHY-C003-2021-09,2021,9,whole,choice,,2021广州中考.pdf,真题p3,9．用带指示灯的开关控制阳台的电灯：闭合开关，两灯都亮；断开开关，两灯都灭。使用 过程中发现：指示灯因断路不亮，电灯照常发亮。下列连接方式符合上述现象的是 （ ） A． B． C． D．,KPHY-C003-065,EPHY-C003-031,模型建构;科学推理,0.86,pending_review,false,candidate subquestion row
QPHY-C003-2021-10-S01,QPHY-C003-2021-10,2021,10,whole,choice,,2021广州中考.pdf,真题p3,10．将体积相同的甲、乙实心球放入装有水的烧杯中，若甲、乙所受的重力和排开水所受 的重力如下表，则两球静止在水中时的情形可能是（ ） 实心球 实心球所受的重力/N 排开水所受的重力/N 甲 1 1 乙 2 1 A． B． C． D． 二、非选择题：本题共8 小题，共60 分。按题目要求作答。,KPHY-C003-027,EPHY-C003-014,科学推理;模型建构,0.76,pending_review,false,candidate subquestion row
QPHY-C003-2021-11-S01,QPHY-C003-2021-11,2021,11,whole,fill_or_drawing,,2021广州中考.pdf,真题p3,11．（8 分）,KPHY-C003-084,EPHY-C003-040,信息提取,0.76,pending_review,false,candidate subquestion row
QPHY-C003-2021-12-S01,QPHY-C003-2021-12,2021,12,1,fill_or_drawing,,2021广州中考.pdf,真题p4,12．（3 分）如图12，O 为跷跷板的支点，小朋友对跷跷板的作用力F = 120N，大人对跷 跷板的作用力Fˊ = 100N（图中未画出），跷跷板水平静止。 图12 （1）在图12 中画出F 的力臂l。 （2）Fˊ的作用点可能在__________（选填“A”“B”或“C”），方向竖直 __________（选填“向上”或“向下”）。,KPHY-C003-028,EPHY-C003-013,规范表达;科学推理,0.76,pending_review,false,candidate subquestion row
QPHY-C003-2021-12-S02,QPHY-C003-2021-12,2021,12,2,fill_or_drawing,,2021广州中考.pdf,真题p4,同题内小问；需人工进一步拆分,KPHY-C003-028,EPHY-C003-013,规范表达;科学推理,0.76,pending_review,false,candidate subquestion row
QPHY-C003-2021-13-S01,QPHY-C003-2021-13,2021,13,whole,fill_or_drawing,,2021广州中考.pdf,真题p4,13．（4 分）如图13，小丽站在商场的手扶电梯上，随梯匀速下楼，运动轨迹如图14 虚线 所示。,KPHY-C003-027,EPHY-C003-014,科学推理;模型建构,0.76,pending_review,false,candidate subquestion row
QPHY-C003-2021-14-S01,QPHY-C003-2021-14,2021,14,1,comprehensive_calculation,,2021广州中考.pdf,真题p5,14．（5 分）某物质由液态变成固态，体积变大。 （1）该物质发生的物态变化名称是__________，此过程__________（选填“吸热” 或“放热”）。 （2）着1cm3 该物质的液体质量为m1、固体质量为m2，则m1__________m2（选填 “>”“=”或“<”）。,KPHY-C003-084,EPHY-C003-040,信息提取,0.76,pending_review,false,candidate subquestion row
QPHY-C003-2021-14-S02,QPHY-C003-2021-14,2021,14,2,comprehensive_calculation,,2021广州中考.pdf,真题p5,同题内小问；需人工进一步拆分,KPHY-C003-084,EPHY-C003-040,信息提取,0.76,pending_review,false,candidate subquestion row
QPHY-C003-2021-15-S01,QPHY-C003-2021-15,2021,15,1,comprehensive_calculation,,2021广州中考.pdf,真题p5,15．（7 分）甲、乙液体分别置于两个不同的恒温封闭环境中，质量保持不变，测得甲、 乙液体的温度随时间变化如图15 所示。 （1）__________（选填“甲”或“乙”）液体的分子运动随时间越来越剧烈。 （2）甲液体所在环境的温度__________（选填“小于1.7℃”“等于20℃”或“大于 35℃”）。 （3）乙液体在“1min~2min”段、“8min~9min”段放出的热量分别为Q1 、Q2，则 Q1___________Q2（选填“>”“=”或“<”），依据是 …,KPHY-C003-004,EPHY-C003-006,信息提取;实验探究,0.76,pending_review,false,candidate subquestion row
QPHY-C003-2021-15-S02,QPHY-C003-2021-15,2021,15,2,comprehensive_calculation,,2021广州中考.pdf,真题p5,同题内小问；需人工进一步拆分,KPHY-C003-004,EPHY-C003-006,信息提取;实验探究,0.76,pending_review,false,candidate subquestion row
QPHY-C003-2021-15-S03,QPHY-C003-2021-15,2021,15,3,comprehensive_calculation,,2021广州中考.pdf,真题p5,同题内小问；需人工进一步拆分,KPHY-C003-004,EPHY-C003-006,信息提取;实验探究,0.76,pending_review,false,candidate subquestion row
QPHY-C003-2021-16-S01,QPHY-C003-2021-16,2021,16,1,comprehensive_calculation,,2021广州中考.pdf,真题p6,16．（12 分）如图16，吊机将重为5000N 的货物从地面A 处竖直勾速提升40s 到达B 处，再水平匀速运送到C 处，最后竖直放到楼顶D 处。货物从C 到D 用时50s，路程 随时间变化图象如图17 所示。g 取10N/kg。 图16 图17 图18 （1）求货物的质量。 （2）求BC 段吊机对货物的拉力做的功。 （3）求CD 段货物所受重力做功的功率。 （4）在图18 中作出货物从A 到B 的速度随时间变化图像（仅作图，不用写出计算过 程）。,KPHY-C003-026,EPHY-C003-002,信息提取;数学运算,0.86,pending_review,false,candidate subquestion row
QPHY-C003-2021-16-S02,QPHY-C003-2021-16,2021,16,2,comprehensive_calculation,,2021广州中考.pdf,真题p6,同题内小问；需人工进一步拆分,KPHY-C003-026,EPHY-C003-002,信息提取;数学运算,0.86,pending_review,false,candidate subquestion row
QPHY-C003-2021-16-S03,QPHY-C003-2021-16,2021,16,3,comprehensive_calculation,,2021广州中考.pdf,真题p6,同题内小问；需人工进一步拆分,KPHY-C003-026,EPHY-C003-002,信息提取;数学运算,0.86,pending_review,false,candidate subquestion row
QPHY-C003-2021-16-S04,QPHY-C003-2021-16,2021,16,4,comprehensive_calculation,,2021广州中考.pdf,真题p6,同题内小问；需人工进一步拆分,KPHY-C003-026,EPHY-C003-002,信息提取;数学运算,0.86,pending_review,false,candidate subquestion row
QPHY-C003-2021-17-S01,QPHY-C003-2021-17,2021,17,1,experiment_inquiry,,2021广州中考.pdf,真题p7,17．（14 分）小明探究小灯泡，LED 两端的电压随电流变化的情况，连接了如图19 的实 物图，其中电源可以提供不同的电压。 图19 图20 测量的数据如下表： 数据序号 1 2 3 4 5 电流表示数I/A 0.10 0.15 0.20 0.25 0.30 数字电压表V1 示数U1/V 2.88 2.97 3.04 3.10 3.15 数字电压表V2 示数U2/V 0.15 0.26 0.72 1.30 1.98 （1）请根据实物图，在图20 虚线框中画出电路图（用“ …,KPHY-C003-084,EPHY-C003-040,信息提取,0.86,pending_review,false,candidate subquestion row
QPHY-C003-2021-18-S01,QPHY-C003-2021-18,2021,18,1,experiment_inquiry,,2021广州中考.pdf,真题p8,18．（7 分）如图22，小明将质量较小的物体P 和质量较大的物体Q 通过细绳相连，并挂 在定滑轮上，发现Q 下落会被P“拖慢”。对此小明猜想：“Q 的质量和初始离地高 度都一定时，P 的质量越大，Q 从静止开始下落到地面的平均速度越小。”请设计实 验验证其猜想。 （1）除图22 所示的器材以外，还需要的实验器材有 ___________________________________________。 （2）画出记录实验数据的表格。 （3）写出实验步骤（可用画图或文字表述…,KPHY-C003-084,EPHY-C003-040,信息提取,0.86,pending_review,false,candidate subquestion row
QPHY-C003-2021-18-S02,QPHY-C003-2021-18,2021,18,2,experiment_inquiry,,2021广州中考.pdf,真题p8,同题内小问；需人工进一步拆分,KPHY-C003-084,EPHY-C003-040,信息提取,0.86,pending_review,false,candidate subquestion row
QPHY-C003-2021-18-S03,QPHY-C003-2021-18,2021,18,3,experiment_inquiry,,2021广州中考.pdf,真题p8,同题内小问；需人工进一步拆分,KPHY-C003-084,EPHY-C003-040,信息提取,0.86,pending_review,false,candidate subquestion row
QPHY-C003-2022-01-S01,QPHY-C003-2022-01,2022,1,whole,choice,,2022广州中考.pdf,真题p1,1.答题前，考生务必在答题卡第1 面和第3 面上用黑色字迹的钢笔或签字笔填写自己的考 生号、姓名；将自己的条形码粘贴在答题卡的“条形码粘贴处”。,KPHY-C003-084,EPHY-C003-040,信息提取,0.76,pending_review,false,candidate subquestion row
QPHY-C003-2022-02-S01,QPHY-C003-2022-02,2022,2,whole,choice,,2022广州中考.pdf,真题p1,2．选择题每小题选出答案后，用2B 铅笔把答题卡上对应港目的答突标号涂黑；如需改动， 月橡皮擦干净后，再选涂其他答案标号。答案不能答在试卷上。,KPHY-C003-084,EPHY-C003-040,信息提取,0.76,pending_review,false,candidate subquestion row
QPHY-C003-2022-03-S01,QPHY-C003-2022-03,2022,3,whole,choice,,2022广州中考.pdf,真题p1,3．非选择题答案必须用黑色字迹的钢笔或签字笔写在答题卡各题目指定区域内的相应位置 上，作图可用2B 铅笔；如需改动，先划掉原来的答案，然后再写上新的答案，改动后的 答案也不能超出指定的区城，不准使用铅笔（作图除外）、涂改液和修正带。不按以上要求 作答的答案无效。,KPHY-C003-084,EPHY-C003-040,信息提取,0.76,pending_review,false,candidate subquestion row
QPHY-C003-2022-04-S01,QPHY-C003-2022-04,2022,4,whole,choice,,2022广州中考.pdf,真题p1,4.考生必须保持答题卡的整洁，考试结束后，将本试卷和答题卡一并交回. 一、选择题：本趣共10 小题，每小题了分，共30 分。在每小题给出的四个选项中，只有项 最符合题目要求。 1，小苏步行的部分信息如图，根据信息可推断此过程小苏（ ） A.步长约为2m B.每分钟步行15km C.平均速度为4km/h D.步行3km 用时15min 2．一种合金魔术道具，久握在34℃的手中不熔化，放在60℃的水中会熔化，则该合金的熔 点可能是（ ） A.16℃ B.30℃ C.47℃ D.…,KPHY-C003-026,EPHY-C003-002,信息提取;数学运算,0.86,pending_review,false,candidate subquestion row
QPHY-C003-2022-05-S01,QPHY-C003-2022-05,2022,5,whole,choice,,2022广州中考.pdf,真题p2,5.列车停在平直轨道上，车厢中小球b 静止，忽略桌面对b 的摩擦及空气的影响。列车启动 后，下列选项中的情况可能出现的是（ ）,KPHY-C003-030,EPHY-C003-016,科学推理;模型建构,0.86,pending_review,false,candidate subquestion row
QPHY-C003-2022-06-S01,QPHY-C003-2022-06,2022,6,whole,choice,,2022广州中考.pdf,真题p2,6.如图1，连通器中的水静止，此时水面上方a、b 处的气压为Pa0、Pb0.在b 上方持续水平吹 气，水面稳定后如图2 所示，此时a、b 处的气压为Pa、Pb，水面下c、d 处水的压强为Pc、 Pd，若大气压保持不变，则（ ） A. Pc> Pd B. Pa> Pb C. Pa0>Pa D. Pb0= Pb,KPHY-C003-033,EPHY-C003-021,科学推理;信息提取,0.86,pending_review,false,candidate subquestion row
QPHY-C003-2022-07-S01,QPHY-C003-2022-07,2022,7,whole,choice,,2022广州中考.pdf,真题p2,7.编钟是我国瑰宝，如图，敲M 处发出的声音音调比敲N 处的高，比敲P 处的低，则（ ） A.编钟发出的声音频率只与其质量有关 B.敲P 处发出的声音频率高于敲N 处的 C.敲P 处时，钟的振幅一定比敲M 处时天 D.敲N 处时，发出的声音响度一定比敲M 处时大,KPHY-C003-037,EPHY-C003-003,信息提取;科学推理,0.86,pending_review,false,candidate subquestion row
QPHY-C003-2022-08-S01,QPHY-C003-2022-08,2022,8,whole,choice,,2022广州中考.pdf,真题p3,8.如图，用绝缘线分别悬吊甲、乙两轻小物体，甲带电，用带电棒丙分别靠近甲、乙，下 列能证明乙带电且甲、乙带异种电荷的现象是（ ）,KPHY-C003-043,EPHY-C003-012,科学推理,0.86,pending_review,false,candidate subquestion row
QPHY-C003-2022-09-S01,QPHY-C003-2022-09,2022,9,whole,choice,,2022广州中考.pdf,真题p3,9.两款温控开关k1 和k2，当温度低于50℃时，k1 保持闭合，k2 保持断开；当温度高于 50℃时，k1 保持断开，k2 保持闭合，某保温水壶用其中一款开关检测水温，其加热电阻R 在水温低于50 C 时工作，在水温高于50℃时不工作，下列电路图中符合用电安全且能实 现该保温水壶功能的是（ ）,KPHY-C003-065,EPHY-C003-031,模型建构;科学推理,0.86,pending_review,false,candidate subquestion row
QPHY-C003-2022-10-S01,QPHY-C003-2022-10,2022,10,whole,choice,,2022广州中考.pdf,真题p3,"10.两个量简均装有20mL 的水，往量筒分别放入甲、乙两个不吸水的物块，物块静止后如 图所示，水的密度为1g/cm3，g 取10N/kg,则（ ） A.甲的体积为40cm3 B.甲受到的浮力为0.4N C.乙排开水的体积小于20mL D.乙受到的浮力小于甲受到的浮力 二、非选择题:本题共8 小题，共60 分。按题目要求作答。",KPHY-C003-034,EPHY-C003-022,模型建构;数学运算;科学推理,0.86,pending_review,false,candidate subquestion row
QPHY-C003-2022-11-S01,QPHY-C003-2022-11,2022,11,1,fill_or_drawing,,2022广州中考.pdf,真题p3,"11.(6 分)(1)如图1，凸透镜的焦点为F，光心为O. ①在图1 中画出S 点发出的光线a 经过透镜光心后的光线 ②S 点发出的一条光线经过透镜后与主光轴平行，在图1 中画出上述光路。 (2)如图2,一条光线垂直界面AC 进入玻璃砖后，在界面AB 上只发生反射，在图2 中画出 该光线经界面AB 反射和从界面BC 离开玻璃砖后的光线",KPHY-C003-038,EPHY-C003-023,科学推理;信息提取,0.86,pending_review,false,candidate subquestion row
QPHY-C003-2022-11-S02,QPHY-C003-2022-11,2022,11,①,fill_or_drawing,,2022广州中考.pdf,真题p3,同题内小问；需人工进一步拆分,KPHY-C003-038,EPHY-C003-023,科学推理;信息提取,0.86,pending_review,false,candidate subquestion row
QPHY-C003-2022-11-S03,QPHY-C003-2022-11,2022,11,②,fill_or_drawing,,2022广州中考.pdf,真题p3,同题内小问；需人工进一步拆分,KPHY-C003-038,EPHY-C003-023,科学推理;信息提取,0.86,pending_review,false,candidate subquestion row
QPHY-C003-2022-11-S04,QPHY-C003-2022-11,2022,11,2,fill_or_drawing,,2022广州中考.pdf,真题p3,同题内小问；需人工进一步拆分,KPHY-C003-038,EPHY-C003-023,科学推理;信息提取,0.86,pending_review,false,candidate subquestion row
QPHY-C003-2022-12-S01,QPHY-C003-2022-12,2022,12,1,fill_or_drawing,,2022广州中考.pdf,真题p4,12.(5 分)某个LED 发光的颜色与通过其电流方向的关系如图1 (1)该LED 在两次实验中发光情况如图2 所示，两次实验线圈均在转动，线圈1 顺时针转 动，由此可知线圈2_____________转动(选填“顺时针”“逆时针”). (2)如图3，导体棒a 与该LED 相连；在某磁场中，使a 垂直于纸面左右往复运动(虚线为 运动轨迹)，LED 交替发出红、黄光，则该过程a 中电流方向______________(选填“不 变”“变化”)，该磁场可能的分布包括图4 中哪些…,KPHY-C003-044,EPHY-C003-026,科学推理;模型建构,0.76,pending_review,false,candidate subquestion row
QPHY-C003-2022-12-S02,QPHY-C003-2022-12,2022,12,2,fill_or_drawing,,2022广州中考.pdf,真题p4,同题内小问；需人工进一步拆分,KPHY-C003-044,EPHY-C003-026,科学推理;模型建构,0.76,pending_review,false,candidate subquestion row
QPHY-C003-2022-13-S01,QPHY-C003-2022-13,2022,13,whole,fill_or_drawing,,2022广州中考.pdf,真题p4,13.(3 分)如图，小芳设想利用升降台让球越弹越高。将球从M 点竖直向下以某速度抛出， 球经静止在位置a 的台面反弹后，到达的最高点为N；经台面 反弹后上升过程球的动能_________(选填“增大”“不变”“减 小”)，N_________ 比M 高(选填“可能”“不可能”)。球从N 点 下降时，台面己升至合适的位置b 并保持静止，球再次经反弹 后，到达的最高点P__________比N 高(选填“可能”“不可能”).,KPHY-C003-026,EPHY-C003-002,信息提取;数学运算,0.76,pending_review,false,candidate subquestion row
QPHY-C003-2022-14-S01,QPHY-C003-2022-14,2022,14,whole,comprehensive_calculation,,2022广州中考.pdf,真题p4,14.(4 分)如图，甲、乙两同学分别对测力计调零。若抽板处对两同学食指的压力相等，则 食指承受压强较大的是甲还是乙？_______，依据是__________________________________,KPHY-C003-032,EPHY-C003-020,数学运算;科学推理,0.86,pending_review,false,candidate subquestion row
QPHY-C003-2022-15-S01,QPHY-C003-2022-15,2022,15,1,comprehensive_calculation,,2022广州中考.pdf,真题p5,15.(4 分)小明用红外成像测温仪拍摄桌面，拍得画面显示桌面上A、B、C 位置的温度如图 1 所示，接着他用手快速摩擦其中一个位置，在另一个位置晚上温度为25.5℃的酒精，再 用红外成像测温仪拍摄桌面，拍得画面如图2 所示。 (1)小明在A、B、C 哪个位置用手快速摩擦桌面？____________ (2)喷在桌面上的酒精发生了哪种物态变化？__________；该物态变化过程要吸热还是放 热？__________ (3)图2 中A.B 位置发出的红外线在真空中的传播速度…,KPHY-C003-026,EPHY-C003-002,信息提取;数学运算,0.76,pending_review,false,candidate subquestion row
QPHY-C003-2022-15-S02,QPHY-C003-2022-15,2022,15,2,comprehensive_calculation,,2022广州中考.pdf,真题p5,同题内小问；需人工进一步拆分,KPHY-C003-026,EPHY-C003-002,信息提取;数学运算,0.76,pending_review,false,candidate subquestion row
QPHY-C003-2022-15-S03,QPHY-C003-2022-15,2022,15,3,comprehensive_calculation,,2022广州中考.pdf,真题p5,同题内小问；需人工进一步拆分,KPHY-C003-026,EPHY-C003-002,信息提取;数学运算,0.76,pending_review,false,candidate subquestion row
QPHY-C003-2022-16-S01,QPHY-C003-2022-16,2022,16,1,comprehensive_calculation,,2022广州中考.pdf,真题p5,16.(12 分)汽车启动时，蓄电池向启动电动机M 供电、设M 两端电压为U，通过M 的电流 为I，测得U-t 和I-t 图象如图1. (1)求t1 时M 的电功率; (2)M 仅通过导线a、b 接入电路，如图2 所示，a 的电阻为0.001Ω，若通过M 的电流为 200A，持续0.5s，求此过程：①a 两端电压; ②a 产生的热量; (3)一般采用电磁继电器控制M 的通断电，利用实验器材模拟汽车启动，简易电路如图3， A 与B 接触时M 通电，请用笔面线完成电路的连接。,KPHY-C003-084,EPHY-C003-040,信息提取,0.86,pending_review,false,candidate subquestion row
QPHY-C003-2022-16-S02,QPHY-C003-2022-16,2022,16,2,comprehensive_calculation,,2022广州中考.pdf,真题p5,同题内小问；需人工进一步拆分,KPHY-C003-084,EPHY-C003-040,信息提取,0.86,pending_review,false,candidate subquestion row
QPHY-C003-2022-16-S03,QPHY-C003-2022-16,2022,16,①,comprehensive_calculation,,2022广州中考.pdf,真题p5,同题内小问；需人工进一步拆分,KPHY-C003-084,EPHY-C003-040,信息提取,0.86,pending_review,false,candidate subquestion row
QPHY-C003-2022-16-S04,QPHY-C003-2022-16,2022,16,②,comprehensive_calculation,,2022广州中考.pdf,真题p5,同题内小问；需人工进一步拆分,KPHY-C003-084,EPHY-C003-040,信息提取,0.86,pending_review,false,candidate subquestion row
QPHY-C003-2022-16-S05,QPHY-C003-2022-16,2022,16,3,comprehensive_calculation,,2022广州中考.pdf,真题p5,同题内小问；需人工进一步拆分,KPHY-C003-084,EPHY-C003-040,信息提取,0.86,pending_review,false,candidate subquestion row
QPHY-C003-2022-17-S01,QPHY-C003-2022-17,2022,17,1,experiment_inquiry,,2022广州中考.pdf,真题p6,17.(17 分)如图1，工人将重500N 的货物推入静止的货柜中(忽略空气阻力，g 取10Nkg). (1)在斜面上货物受到沿斜面向上250N 的推力F1，从P 点匀速运动到Q 点用时4s，求此过 程 ①F1 的功、功率 ②斜面的机械效率 (2)在货柜的同一水平底面上，货物受到水平向右100N 的推力F2，从A 点匀速运动到B 点 用时1s，在B 点撤去F2，货物维续运动0.5s 停在D 点。 ①用“.”表示货物，在方框中画出货物在C 点的受力示意图； ②货物到A 点时为…,KPHY-C003-027,EPHY-C003-014,科学推理;模型建构,0.86,pending_review,false,candidate subquestion row
QPHY-C003-2022-17-S02,QPHY-C003-2022-17,2022,17,①,experiment_inquiry,,2022广州中考.pdf,真题p6,同题内小问；需人工进一步拆分,KPHY-C003-027,EPHY-C003-014,科学推理;模型建构,0.86,pending_review,false,candidate subquestion row
QPHY-C003-2022-17-S03,QPHY-C003-2022-17,2022,17,②,experiment_inquiry,,2022广州中考.pdf,真题p6,同题内小问；需人工进一步拆分,KPHY-C003-027,EPHY-C003-014,科学推理;模型建构,0.86,pending_review,false,candidate subquestion row
QPHY-C003-2022-17-S04,QPHY-C003-2022-17,2022,17,2,experiment_inquiry,,2022广州中考.pdf,真题p6,同题内小问；需人工进一步拆分,KPHY-C003-027,EPHY-C003-014,科学推理;模型建构,0.86,pending_review,false,candidate subquestion row
QPHY-C003-2022-18-S01,QPHY-C003-2022-18,2022,18,1,experiment_inquiry,,2022广州中考.pdf,真题p7,18.(9 分)小明想了解热水在图1 的哪个杯子中降温更快，他往两杯子中倒入等质量热水，同 时开始计时， 测得水温随时间变化的图象如图2. (1)由图2 可推测杯__________(选填“甲”“乙”)中的热水先降温至40℃. (2)___________杯(选填“甲”“乙”)中的水在0-10min 放出的热量较多，依据是 __________________________________________________________________ (3)是什么因素造…,KPHY-C003-084,EPHY-C003-040,信息提取,0.86,pending_review,false,candidate subquestion row
QPHY-C003-2022-18-S02,QPHY-C003-2022-18,2022,18,2,experiment_inquiry,,2022广州中考.pdf,真题p7,同题内小问；需人工进一步拆分,KPHY-C003-084,EPHY-C003-040,信息提取,0.86,pending_review,false,candidate subquestion row
QPHY-C003-2022-18-S03,QPHY-C003-2022-18,2022,18,3,experiment_inquiry,,2022广州中考.pdf,真题p7,同题内小问；需人工进一步拆分,KPHY-C003-084,EPHY-C003-040,信息提取,0.86,pending_review,false,candidate subquestion row
QPHY-C003-2023-01-S01,QPHY-C003-2023-01,2023,1,whole,choice,,2023广州中考.pdf,真题p1,1. 答题前，考生务必在答题卡第1面和第3面上用黑色字迹的钢笔或签字笔填写自己的考生号、 姓名； 将自己的条形码粘贴在答题卡的 “条形码粘贴处”。,KPHY-C003-084,EPHY-C003-040,信息提取,0.76,pending_review,false,candidate subquestion row
QPHY-C003-2023-02-S01,QPHY-C003-2023-02,2023,2,whole,choice,,2023广州中考.pdf,真题p1,2. 选择题每小题选出答案后，用2B铅笔把答题卡上对应题目的答案标号涂黑； 如需改动，用 橡皮擦干净后，再选涂其他答案标号。答案不能答在试卷上。,KPHY-C003-084,EPHY-C003-040,信息提取,0.76,pending_review,false,candidate subquestion row
QPHY-C003-2023-03-S01,QPHY-C003-2023-03,2023,3,whole,choice,,2023广州中考.pdf,真题p1,3. 非选择题答案必须用黑色字迹的钢笔或签字笔写在答题卡各题目指定区域内的相应位置上， 作图可用2B铅笔； 如需改动，先划掉原来的答案，然后再写上新的答案，改动后的答案也不 能超出指定的区域； 不准使用铅笔(作图除外)、涂改液和修正带。不按以上要求作答的答案 无效。,KPHY-C003-084,EPHY-C003-040,信息提取,0.76,pending_review,false,candidate subquestion row
QPHY-C003-2023-04-S01,QPHY-C003-2023-04,2023,4,whole,choice,,2023广州中考.pdf,真题p1,4.考生必须保持答题卡的整洁， 考试结束后， 将本试卷和答题卡一并交回。 一、选择题： 本题共10小题，每小题3分，共30分。在每小题给出的四个选项中只有一项最符合 题目要求。 2.手与硅胶管M均不带电，用手摩擦M后，M与带负电的塑料管互相排斥，则 A. M带正电 B. M不带电 C. 手摩擦M时，正电荷从手转移到M D. 手摩擦M时， 电子从手转移到M 物理试卷 第1页(共8页) 1. “掬手为升”是我国古代的计量方法之一，掬即为双手捧.如图，人 双手捧起的米质量约为 A…,KPHY-C003-043,EPHY-C003-012,科学推理,0.86,pending_review,false,candidate subquestion row
QPHY-C003-2023-05-S01,QPHY-C003-2023-05,2023,5,whole,choice,,2023广州中考.pdf,真题p2,5.如图，音叉M、 N完全相同，M发出440Hz的声音，原来静止的 N随之振动，N 也发出440Hz的声音，则 D. M发出的声音无需介质就能传播,KPHY-C003-037,EPHY-C003-003,信息提取;科学推理,0.86,pending_review,false,candidate subquestion row
QPHY-C003-2023-06-S01,QPHY-C003-2023-06,2023,6,whole,choice,,2023广州中考.pdf,真题p2,"6.用滑轮组进行“一瓶水提升一个人”活动，如图，水瓶匀速直线下降 10m，使人匀速升高 0.5m,水瓶对绳a 的拉力为 F₁=30N,绳 b对人的拉力为F₂=480N. 此过程 物理试卷 第 2页(共8页) A. 是紫光 B. 不是电磁波 C. 波长比蓝光的长 A. M发声时每分钟振动440次 B. M和N发出的声音的频率相同 C. M和 N发声时的振幅一定相同 A. 有用功为 300J B. F₁做的功等于 F₂做的功 C. F₁做的功小于 F₂做的功 D. 滑轮组的机械…",KPHY-C003-053,EPHY-C003-018,数学运算;信息提取,0.86,pending_review,false,candidate subquestion row
QPHY-C003-2023-07-S01,QPHY-C003-2023-07,2023,7,whole,choice,,2023广州中考.pdf,真题p3,7.图1中重物上升过程经过 M、 N、O、 P点，其速度在 MN段不断增大，在NO段不变，在 OP段不断减 小，忽略空气阻力，则重物在 A. MN段动能不变 B. MN段机械能不变 C. NO段机械能增大 D. OP 段重力势能减小,KPHY-C003-055,EPHY-C003-017,科学推理;信息提取,0.86,pending_review,false,candidate subquestion row
QPHY-C003-2023-08-S01,QPHY-C003-2023-08,2023,8,whole,choice,,2023广州中考.pdf,真题p3,8. 图1中 ab 边所受磁场的作用力为 F. 把电源的正负极对调再接入电路，闭合开关，线圈 abcd转至图 2所示位置，则 A. 图1中流过 ab边的电流方向是从 b到a B. 图1中cd 边受到磁场作用力的方向与 F的相同 C. 图2中 ab边受到磁场作用力的方向与 F的相反 D. 图2中cd 边受到磁场作用力的方向与 F的相反,KPHY-C003-044,EPHY-C003-026,科学推理;模型建构,0.76,pending_review,false,candidate subquestion row
QPHY-C003-2023-09-S01,QPHY-C003-2023-09,2023,9,whole,choice,,2023广州中考.pdf,真题p3,9.小明将凝固点为47℃的某液态合金放在室温为 25℃的实验室中.该合金从70℃降至 47℃并保持47℃一 段时间再降至 35℃，合金在此过程 A. 对外放热，内能一直减少 B. 存在液化现象，内能一直增加 C. 温度保持47℃时，不吸热也不放热 D. 存在凝固现象，内能先减少后不变再减少 物理试卷 第3页(共8页),KPHY-C003-005,EPHY-C003-005,科学推理,0.86,pending_review,false,candidate subquestion row
QPHY-C003-2023-10-S01,QPHY-C003-2023-10,2023,10,whole,choice,,2023广州中考.pdf,真题p4,10.以下过程不发生物态变化.初温相同的两块金属甲、乙吸收了相同热量，甲的末温比乙的低； 那么， 初温相同的甲、乙放出相同热量， A.甲的末温比乙的低，但无法判断甲、乙比热容哪一个大 B. 甲的末温比乙的高，但无法判断甲、乙比热容哪一个大 C.甲的末温比乙的高，且可以判断甲、乙比热容哪一个大 D. 无法判断甲、 乙的末温哪一个高，且无法判断甲、乙比热容哪一个大 二、非选择题：本题共8小题，共60分。按题目要求作答。,KPHY-C003-060,EPHY-C003-009,数学运算;科学推理,0.86,pending_review,false,candidate subquestion row
QPHY-C003-2023-11-S01,QPHY-C003-2023-11,2023,11,1,fill_or_drawing,,2023广州中考.pdf,真题p4,"11. (6分)(1)如图1,S为光源,画出 ①光线 a的反射光线； ②S在平面镜中的像. (2)如图2，凸透镜的光心在 0cm处，物体 MN上M发出的光线 b经过光心，M 发出的光线 c经过凸 透镜后的光线平行于主光轴. ①画出b经过光心后的光线； ②该凸透镜的焦距为 cm；MN经凸透镜成的像相对于 MN是 (选填“放大”“缩 小”“等大”)、 (选填“正立”“倒立”)的像.",KPHY-C003-040,EPHY-C003-025,科学推理;实验探究,0.86,pending_review,false,candidate subquestion row
QPHY-C003-2023-11-S02,QPHY-C003-2023-11,2023,11,①,fill_or_drawing,,2023广州中考.pdf,真题p4,同题内小问；需人工进一步拆分,KPHY-C003-040,EPHY-C003-025,科学推理;实验探究,0.86,pending_review,false,candidate subquestion row
QPHY-C003-2023-11-S03,QPHY-C003-2023-11,2023,11,②,fill_or_drawing,,2023广州中考.pdf,真题p4,同题内小问；需人工进一步拆分,KPHY-C003-040,EPHY-C003-025,科学推理;实验探究,0.86,pending_review,false,candidate subquestion row
QPHY-C003-2023-11-S04,QPHY-C003-2023-11,2023,11,2,fill_or_drawing,,2023广州中考.pdf,真题p4,同题内小问；需人工进一步拆分,KPHY-C003-040,EPHY-C003-025,科学推理;实验探究,0.86,pending_review,false,candidate subquestion row
QPHY-C003-2023-12-S01,QPHY-C003-2023-12,2023,12,1,fill_or_drawing,,2023广州中考.pdf,真题p4,"12.(4分)图1中工人用工具搬运石头，该工具可简化成图 2 中杠杆 AB，移动支架，可使支点 O在 AB间 移动. 杆水平静止，忽略杆重. (1)人对杆的压力为 F₁,绳对杆的拉力为 F₂, F₁、F₂竖直向下, ①在图2中画出F₁的力臂l₁; ②F₂的力臂 l₂= (用F₁、F₂、l₁表示). (2)同一石头仍悬挂在杆B端，人对杆A端的压力方向不变，只通过移动支点O 使该压力变小，杆 仍保持水平静止，支点 O 应向 (选填“A”“B”)端移动. 物理试卷 第 4页(共8…",KPHY-C003-084,EPHY-C003-040,信息提取,0.86,pending_review,false,candidate subquestion row
QPHY-C003-2023-12-S02,QPHY-C003-2023-12,2023,12,①,fill_or_drawing,,2023广州中考.pdf,真题p4,同题内小问；需人工进一步拆分,KPHY-C003-084,EPHY-C003-040,信息提取,0.86,pending_review,false,candidate subquestion row
QPHY-C003-2023-12-S03,QPHY-C003-2023-12,2023,12,②,fill_or_drawing,,2023广州中考.pdf,真题p4,同题内小问；需人工进一步拆分,KPHY-C003-084,EPHY-C003-040,信息提取,0.86,pending_review,false,candidate subquestion row
QPHY-C003-2023-12-S04,QPHY-C003-2023-12,2023,12,2,fill_or_drawing,,2023广州中考.pdf,真题p4,同题内小问；需人工进一步拆分,KPHY-C003-084,EPHY-C003-040,信息提取,0.86,pending_review,false,candidate subquestion row
QPHY-C003-2023-13-S01,QPHY-C003-2023-13,2023,13,1,fill_or_drawing,,2023广州中考.pdf,真题p5,"13.(7分)物体 A重5N，如图 1，A在水平拉力F₁作用下，在水平面从M匀速直线运动到 N用时 3s； 如图2，在A上放置一个钩码，A在水平拉力F₂作用下，在另一水平面从P匀速直线运动 到 Q用时 2s. (1)在 MN、PQ段,A 的速度分别为 v₁、v₂,A所受摩擦力分别为f1、f₂,则 v₁ v₂,f1 f₂. (均选填“>”“=”“<”) (2)A 从M运动到N,F₁做的功为 J、功率为 W,A 所受重力做的功为 J.",KPHY-C003-026,EPHY-C003-002,信息提取;数学运算,0.86,pending_review,false,candidate subquestion row
QPHY-C003-2023-13-S02,QPHY-C003-2023-13,2023,13,2,fill_or_drawing,,2023广州中考.pdf,真题p5,同题内小问；需人工进一步拆分,KPHY-C003-026,EPHY-C003-002,信息提取;数学运算,0.86,pending_review,false,candidate subquestion row
QPHY-C003-2023-14-S01,QPHY-C003-2023-14,2023,14,1,comprehensive_calculation,,2023广州中考.pdf,真题p5,"14.(5分)(1)如图1，用力把重力G=3N的测力计压在水平桌面上，测力计对桌面的压力F=50N， 与桌面的接触面积 𝑆𝑆₁ = 1 × 10⁻⁴𝑚𝑚², 桌面的面积 S₂=0.5m²,用题中物理量符号写出测力计对 桌面的压强表达式为 ，该压强是 Pa. (2)如图2，塑料管两端开口，抽气时，A点的空气流速小于 B点的，A点的气压 _________B点的气压(选填“大于”“等于”“小于”)； 用气压计测出 A 点的气压是 9.9×10⁴Pa,该气压值等于 m高的静止水柱…",KPHY-C003-032,EPHY-C003-020,数学运算;科学推理,0.86,pending_review,false,candidate subquestion row
QPHY-C003-2023-14-S02,QPHY-C003-2023-14,2023,14,2,comprehensive_calculation,,2023广州中考.pdf,真题p5,同题内小问；需人工进一步拆分,KPHY-C003-032,EPHY-C003-020,数学运算;科学推理,0.86,pending_review,false,candidate subquestion row
QPHY-C003-2023-15-S01,QPHY-C003-2023-15,2023,15,whole,comprehensive_calculation,,2023广州中考.pdf,真题p6,"15.(4分)小明按图示电路图正确连接电路，电阻R标有“5Ω”，灯 L标有“3.8V,0.3A”. 闭合开关S, L发光, 电流表A和 A₁正常工 作，示数均为 0.24A. 小明认为出现上述现象的原因是 R 被短路. 该说法是否正确? ；若正确，写出理 由； 若不正确，分析出现该实验现象的原因并写出分析",KPHY-C003-065,EPHY-C003-031,模型建构;科学推理,0.86,pending_review,false,candidate subquestion row
QPHY-C003-2023-16-S01,QPHY-C003-2023-16,2023,16,1,comprehensive_calculation,,2023广州中考.pdf,真题p6,"16.(11分)把一个某种类型的电阻 R接在电压恒为 12V的电源两端，通电后，同时记录 R的温度 —时间图线、流过R的电流—时间图线如图所示. (1)根据图线，R的温度为 50℃时，流过R的电流为 A； (2)求在 30s时R的阻值和电功率； (3)30s～40s, R产生的热量为 Q₁; 90s～100s,R产生的热量为Q2,Q1______Q2（选填 “>”“=”“<”）, 写出判断依据: . 物理试卷 第 6页(共8页) 15.(4分)小明按图示电路图正确连接电路，…",KPHY-C003-065,EPHY-C003-031,模型建构;科学推理,0.86,pending_review,false,candidate subquestion row
QPHY-C003-2023-16-S02,QPHY-C003-2023-16,2023,16,2,comprehensive_calculation,,2023广州中考.pdf,真题p6,同题内小问；需人工进一步拆分,KPHY-C003-065,EPHY-C003-031,模型建构;科学推理,0.86,pending_review,false,candidate subquestion row
QPHY-C003-2023-16-S03,QPHY-C003-2023-16,2023,16,3,comprehensive_calculation,,2023广州中考.pdf,真题p6,同题内小问；需人工进一步拆分,KPHY-C003-065,EPHY-C003-031,模型建构;科学推理,0.86,pending_review,false,candidate subquestion row
QPHY-C003-2023-17-S01,QPHY-C003-2023-17,2023,17,2,experiment_inquiry,,2023广州中考.pdf,真题p7,"17.(18分)小明自制的“温度计”中有密度随温度升高而变小的液体. 如图1，当该液体温度为 19℃时， 质量为4 × 10⁻³𝑘𝑘𝑘𝑘 的小球 b悬浮, b标记“19℃”;另外两个小球分别标记“15℃”“23℃”，当小球悬浮 时，它标记的温度与液体温度相等.图1、 图 2、 图 3中小球a、b、c均静止,忽略小球体积变化, g取 10N/kg. (2)图2中b漂浮, ①此时b所受浮力 图1中 b所受浮力(选填“大于”“等于”“小于”)； ②此时液体温度 19℃(选填“高于…",KPHY-C003-034,EPHY-C003-022,模型建构;数学运算;科学推理,0.86,pending_review,false,candidate subquestion row
QPHY-C003-2023-17-S02,QPHY-C003-2023-17,2023,17,①,experiment_inquiry,,2023广州中考.pdf,真题p7,同题内小问；需人工进一步拆分,KPHY-C003-034,EPHY-C003-022,模型建构;数学运算;科学推理,0.86,pending_review,false,candidate subquestion row
QPHY-C003-2023-17-S03,QPHY-C003-2023-17,2023,17,②,experiment_inquiry,,2023广州中考.pdf,真题p7,同题内小问；需人工进一步拆分,KPHY-C003-034,EPHY-C003-022,模型建构;数学运算;科学推理,0.86,pending_review,false,candidate subquestion row
QPHY-C003-2023-18-S01,QPHY-C003-2023-18,2023,18,①,experiment_inquiry,,2023广州中考.pdf,真题p8,18.(5分)小明计划制作一个简易弹簧测力计，要求： ①测量范围为 0～30N; ②分度值为 1N; ③用木板 M做刻度板; ④ 相邻两刻度线之间的 距离相等且适当大一些. 为了满足上述要求，小明对已有的四根弹簧做了如下测试： 如图 1，把弹簧挂在竖直木板 M上，测出弹簧原长 l₀，如图 2，把30N 的重物挂在弹簧 下端，测出弹簧总长 l. 测试结果如下表. 请你帮小明选择一根最合适的弹簧，并说明不选其他三根的理由. 弹簧代号 甲 乙 丙 丁 l₀/cm 2.00 4.0…,KPHY-C003-084,EPHY-C003-040,信息提取,0.86,pending_review,false,candidate subquestion row
QPHY-C003-2023-18-S02,QPHY-C003-2023-18,2023,18,②,experiment_inquiry,,2023广州中考.pdf,真题p8,同题内小问；需人工进一步拆分,KPHY-C003-084,EPHY-C003-040,信息提取,0.86,pending_review,false,candidate subquestion row
QPHY-C003-2023-18-S03,QPHY-C003-2023-18,2023,18,③,experiment_inquiry,,2023广州中考.pdf,真题p8,同题内小问；需人工进一步拆分,KPHY-C003-084,EPHY-C003-040,信息提取,0.86,pending_review,false,candidate subquestion row
QPHY-C003-2023-18-S04,QPHY-C003-2023-18,2023,18,④,experiment_inquiry,,2023广州中考.pdf,真题p8,同题内小问；需人工进一步拆分,KPHY-C003-084,EPHY-C003-040,信息提取,0.86,pending_review,false,candidate subquestion row
QPHY-C003-2024-01-S01,QPHY-C003-2024-01,2024,1,whole,choice,,2024广州中考.pdf,真题p1,1.答题前，考生务必在答题卡第1 面和第3 面上用黑色字迹的圆珠笔或钢笔填写自己的考生 号、姓名；将自己的条形码粘贴在答题卡的“条形码粘贴处”。,KPHY-C003-084,EPHY-C003-040,信息提取,0.76,pending_review,false,candidate subquestion row
QPHY-C003-2024-02-S01,QPHY-C003-2024-02,2024,2,whole,choice,,2024广州中考.pdf,真题p1,2.选择题每小题选出答案后，用2B 铅笔把答题卡上对应题目的答案标号涂黑；如需改动，用 橡皮擦干净后，再选涂其他答案标号。答案不能答在试卷上。,KPHY-C003-084,EPHY-C003-040,信息提取,0.76,pending_review,false,candidate subquestion row
QPHY-C003-2024-03-S01,QPHY-C003-2024-03,2024,3,whole,choice,,2024广州中考.pdf,真题p1,3.非选择题答案必须用黑色字迹的圆珠笔或钢笔写在答题卡各题目指定区域内的相应位置 上，作图可用2B 铅笔；如需改动，先划掉原来的答案，然后再写上新的答案，改动后的答 案也不能超出指定的区域；不准使用铅笔（作图除外）、涂改液和修正带。不按以上要求作 答的答案无效。,KPHY-C003-084,EPHY-C003-040,信息提取,0.76,pending_review,false,candidate subquestion row
QPHY-C003-2024-04-S01,QPHY-C003-2024-04,2024,4,whole,choice,,2024广州中考.pdf,真题p1,4.考生必须保持答题卡的整洁，考试结束后，将本试卷和答题卡一并交回。 一、选择题：本题共10 小题，每小题3 分，共30 分。在每小题给出的四个选项中，只有一 项最符合题目要求。 1. 如图，光导纤维在传递信息时，光从内芯的一端传输到另一端，其原理应用了光的（ ） A. 折射 B. 反射 C. 色散 D. 直线传播 2. 监测器测得某次鸟鸣和猫叫的声音信息如下表，则（ ） 声音 鸟鸣 猫叫 声音的频率/Hz 5000 800 声音强弱的等级/dB 30 60 A. 鸟鸣的响…,KPHY-C003-037,EPHY-C003-003,信息提取;科学推理,0.86,pending_review,false,candidate subquestion row
QPHY-C003-2024-05-S01,QPHY-C003-2024-05,2024,5,whole,choice,,2024广州中考.pdf,真题p2,5. 广州春季“回南天”到来时，课室的黑板、墙壁和玻璃都容易“出水”，如图是在“出水”玻璃上写的 字。这些“水”是由于水蒸气（ ） A. 遇热汽化吸热形成的 B. 遇热汽化放热形成的 C. 遇冷液化放热形成的 D. 遇冷液化吸热形成的,KPHY-C003-005,EPHY-C003-005,科学推理,0.86,pending_review,false,candidate subquestion row
QPHY-C003-2024-06-S01,QPHY-C003-2024-06,2024,6,whole,choice,,2024广州中考.pdf,真题p2,6. 潜水艇从海水高密度区驶入低密度区，急剧下降的过程称为“掉深”。如图，某潜水艇从a 处驶入低密 度海水区，“掉深”到b 处。与a 处相比，潜水艇在b 处（ ） A. 受到浮力大小变小 B. 受到浮力大小变大 C. 排开液体重力不变 D. 排开液体重力变大 .,KPHY-C003-034,EPHY-C003-022,模型建构;数学运算;科学推理,0.86,pending_review,false,candidate subquestion row
QPHY-C003-2024-07-S01,QPHY-C003-2024-07,2024,7,whole,choice,,2024广州中考.pdf,真题p3,7. 如图，带负电的云层靠近建筑物上的避雷针时，向避雷针剧烈放电形成雷电，下列说法正确的是 （ ） A. 云层带负电是由于失去了大量正电荷 B. 云层带负电是由于摩擦创造了负电荷 C. 放电时电荷从避雷针向云层方向移动 D. 放电时电流方向是从避雷针流向云层,KPHY-C003-043,EPHY-C003-012,科学推理,0.76,pending_review,false,candidate subquestion row
QPHY-C003-2024-08-S01,QPHY-C003-2024-08,2024,8,whole,choice,,2024广州中考.pdf,真题p3,8. 如图，某家庭电路 输电线甲、乙从右端进户。闭合开关S，LED 灯发光、电风扇正常工作，用试电笔 检测插座，只有检测右孔时氖管发光。由于出现故障，电风扇停止工作，LED 灯仍发光，用试电笔检测插 座两孔，氖管均发光。该故障是（ ） A. 电风扇短路 B. 插座两孔短路 C. 输电线甲a、b 两点之间断路 D. 输电线甲b、c 两点之间断路,KPHY-C003-065,EPHY-C003-035,实验探究;科学推理,0.86,pending_review,false,candidate subquestion row
QPHY-C003-2024-09-S01,QPHY-C003-2024-09,2024,9,whole,choice,,2024广州中考.pdf,真题p3,9. 如图是地磅工作原理示意图，秤台连在竖直弹簧上，电路与恒压电源连接。未称量时，滑动变阻器R 的 滑片P 在最上端，称量时，滑片P 向下滑动。闭合开关S，车辆总质量越大时（ ） A. 电压表的示数越大 B. 电压表的示数越小 C. 电流表 示数越大 D. 电流表的示数越小,KPHY-C003-081,EPHY-C003-032,实验探究;规范表达,0.86,pending_review,false,candidate subquestion row
QPHY-C003-2024-10-S01,QPHY-C003-2024-10,2024,10,whole,choice,,2024广州中考.pdf,真题p3,10. 某居民楼水塔液面与各楼层水龙头的竖直距离如图所示，若ρ 水=1.0×103kg/m3，g=10N/kg，水龙头关闭 的 的,KPHY-C003-084,EPHY-C003-040,信息提取,0.76,pending_review,false,candidate subquestion row
QPHY-C003-2024-11-S01,QPHY-C003-2024-11,2024,11,1,fill_or_drawing,,2024广州中考.pdf,真题p4,11. 如图，光线a（图中未画出）射到平面镜上，其反射光线b 平行凸透镜的主光轴，b 经凸透镜折射后， 射到屏上的A 点。 （1）画出光线a；____ （2）画出光线b 经凸透镜折射后的光路，并标出凸透镜右侧的焦点F；____ （3）保持光线a 不变，若平面镜转动角度小于90° ，则__________（选填“顺时针”“逆时针”）转动平 面镜，可使a 的反射光线通过凸透镜光心O。,KPHY-C003-038,EPHY-C003-023,科学推理;信息提取,0.86,pending_review,false,candidate subquestion row
QPHY-C003-2024-11-S02,QPHY-C003-2024-11,2024,11,2,fill_or_drawing,,2024广州中考.pdf,真题p4,同题内小问；需人工进一步拆分,KPHY-C003-038,EPHY-C003-023,科学推理;信息提取,0.86,pending_review,false,candidate subquestion row
QPHY-C003-2024-11-S03,QPHY-C003-2024-11,2024,11,3,fill_or_drawing,,2024广州中考.pdf,真题p4,同题内小问；需人工进一步拆分,KPHY-C003-038,EPHY-C003-023,科学推理;信息提取,0.86,pending_review,false,candidate subquestion row
QPHY-C003-2024-12-S01,QPHY-C003-2024-12,2024,12,whole,fill_or_drawing,,2024广州中考.pdf,真题p4,12. 如图，某同学将篮球掷向地面，经过甲位置后碰到地面，接着向上反弹经过乙位置，忽略空气的作用 力。 位置 机械能/J 重力势能/J 甲 13 6,KPHY-C003-055,EPHY-C003-017,科学推理;信息提取,0.86,pending_review,false,candidate subquestion row
QPHY-C003-2024-13-S01,QPHY-C003-2024-13,2024,13,whole,fill_or_drawing,,2024广州中考.pdf,真题p4,13 6,KPHY-C003-084,EPHY-C003-040,信息提取,0.76,pending_review,false,candidate subquestion row
QPHY-C003-2024-14-S01,QPHY-C003-2024-14,2024,14,1,comprehensive_calculation,,2024广州中考.pdf,真题p5,14. 如图是燃气灶烧水的情境和该燃气灶灶头的示意图。 （1）天然气本身无色无味，为了安全和警示，通常会向天然气中加入臭味剂。拧动点火装置，若燃气未 点燃，会闻到臭味，表明__________（选填“分子间有引力”“分子间有斥力”或“分子做无规则运 动”）； （2）拧动点火装置，天然气和空气在进口处混合流向燃烧头被点燃，天然气不会从进口处外泄，原因 是：天然气的喷入导致进口处的天然气流速__________（选填“大”“小”），压强__________（选填 “大于”“小于…,KPHY-C003-033,EPHY-C003-021,科学推理;信息提取,0.86,pending_review,false,candidate subquestion row
QPHY-C003-2024-14-S02,QPHY-C003-2024-14,2024,14,2,comprehensive_calculation,,2024广州中考.pdf,真题p5,同题内小问；需人工进一步拆分,KPHY-C003-033,EPHY-C003-021,科学推理;信息提取,0.86,pending_review,false,candidate subquestion row
QPHY-C003-2024-15-S01,QPHY-C003-2024-15,2024,15,1,comprehensive_calculation,,2024广州中考.pdf,真题p6,15. 某电热敷腰带如图甲所示，有高温、中温和低温三个挡位，图乙是内部简化电路图， 1R 、 2 R 、 3R 为 加热电阻，其中 1R 、 2 R 的阻值均为1100Ω，通过旋转开关可以实现挡位切换。把电热敷腰带接入220V 的家庭电路中。 （1）旋转开关转至______（选填“ab”、“bc”、“cd”或“de”）时，电热敷腰带处于高温挡工作，理 由是：______； （2）电热敷腰带在高温挡工作时的总电流为0.25A ，求通电10min 消耗的电能；______ （3…,KPHY-C003-065,EPHY-C003-031,模型建构;科学推理,0.86,pending_review,false,candidate subquestion row
QPHY-C003-2024-15-S02,QPHY-C003-2024-15,2024,15,2,comprehensive_calculation,,2024广州中考.pdf,真题p6,同题内小问；需人工进一步拆分,KPHY-C003-065,EPHY-C003-031,模型建构;科学推理,0.86,pending_review,false,candidate subquestion row
QPHY-C003-2024-16-S01,QPHY-C003-2024-16,2024,16,1,comprehensive_calculation,,2024广州中考.pdf,真题p6,16. 如图，吊车在建筑工地进行作业时，由支腿将吊车撑起并脱离地面，吊臂上的滑轮组在1s 内，将重为 3 9 N 10 × 的建筑材料沿竖直方向匀速提升1m，滑轮组上钢丝绳自由端受到的拉力F 为 3 5 10 N × ； （1）支腿做成“ ”形而非“ ”形的作用是：__________； （2）求钢丝绳自由端的移动速度；____ （3）求拉力F 的功率和滑轮组的机械效率。____,KPHY-C003-053,EPHY-C003-018,数学运算;信息提取,0.86,pending_review,false,candidate subquestion row
QPHY-C003-2024-16-S02,QPHY-C003-2024-16,2024,16,2,comprehensive_calculation,,2024广州中考.pdf,真题p6,同题内小问；需人工进一步拆分,KPHY-C003-053,EPHY-C003-018,数学运算;信息提取,0.86,pending_review,false,candidate subquestion row
QPHY-C003-2024-16-S03,QPHY-C003-2024-16,2024,16,3,comprehensive_calculation,,2024广州中考.pdf,真题p6,同题内小问；需人工进一步拆分,KPHY-C003-053,EPHY-C003-018,数学运算;信息提取,0.86,pending_review,false,candidate subquestion row
QPHY-C003-2024-17-S01,QPHY-C003-2024-17,2024,17,whole,experiment_inquiry,,2024广州中考.pdf,真题p6,17. 在学习“电与磁”后，某小组做了如下实验研究。,KPHY-C003-001,EPHY-C003-044,迁移应用;信息提取,0.76,pending_review,false,candidate subquestion row
QPHY-C003-2024-18-S01,QPHY-C003-2024-18,2024,18,1,experiment_inquiry,,2024广州中考.pdf,真题p7,18. 实验小组在探究弹簧伸长量（x）与弹簧受到拉力（F）关系的实验中，得到如图甲所示的F x − 关系 图像（图线记为a）。 （1）分析图甲的数据，得到实验结论： = ( ) k 弹簧受到的拉力常量设为 弹簧的伸长量 ，则比值k 的单位是______， 这根弹簧k 的大小为______； （2）把这根弹簧截去一部分，剩余部分弹簧的k 是否会发生变化？实验小组的同学对此产生了兴趣并提出 了各自的猜想： 甲同学：因为是同一根弹簧，所以k 不变；,KPHY-C003-084,EPHY-C003-040,信息提取,0.86,pending_review,false,candidate subquestion row
QPHY-C003-2024-18-S02,QPHY-C003-2024-18,2024,18,2,experiment_inquiry,,2024广州中考.pdf,真题p7,同题内小问；需人工进一步拆分,KPHY-C003-084,EPHY-C003-040,信息提取,0.86,pending_review,false,candidate subquestion row
QPHY-C003-2025-01-S01,QPHY-C003-2025-01,2025,1,whole,choice,,2025广州中考.pdf,真题p1,1．答题前，考生务必在答题卡第1 面和第3 面上用黑色字迹的圆珠笔或钢笔填写自己的考生 号、姓名：将自己的条形码粘贴在答题卡的“条形码粘贴处”。,KPHY-C003-084,EPHY-C003-040,信息提取,0.76,pending_review,false,candidate subquestion row
QPHY-C003-2025-02-S01,QPHY-C003-2025-02,2025,2,whole,choice,,2025广州中考.pdf,真题p1,2．选择题每小题选出答案后，用2B 铅笔把答题卡上对应题目的答案标号涂黑；如需改动，用 橡皮擦干净后，再选涂其他答案标号。答案不能答在试卷上。,KPHY-C003-084,EPHY-C003-040,信息提取,0.76,pending_review,false,candidate subquestion row
QPHY-C003-2025-03-S01,QPHY-C003-2025-03,2025,3,whole,choice,,2025广州中考.pdf,真题p1,3．非选择题答案必须用黑色字迹的圆珠笔或钢笔写在答题卡各题目指定区域内的相应位置上， 作图可用2B 铅笔；如需改动，先划掉原来的答案，然后再写上新的答案，改动后的答案也不 能超出指定的区域；不准使用铅笔（作图除外）、涂改液和修正带。不按以上要求作答的答案 无效。,KPHY-C003-084,EPHY-C003-040,信息提取,0.76,pending_review,false,candidate subquestion row
QPHY-C003-2025-04-S01,QPHY-C003-2025-04,2025,4,whole,choice,,2025广州中考.pdf,真题p1,4．考生必须保持答题卡的整洁，考试结束后，将本试卷和答题卡一并交回。 一、选择题：本题共10 小题，每小题3 分，共30 分。在每小题给出的四个选项中，只有一项 最符合题目要求。 1. AI 智能音箱收到调低音量的指令时，就会自动改变声音的（ ） A. 音调 B. 响度 C. 音色 D. 频率 2. 如图是氦原子的结构示意图，则氦原子（ ） A. 核外有2 个电子 B. 整体有4 个电子 C. 核外有2 个正电荷 D. 整体有4 个正电荷 3. 某广播电台发射频率为 8 1…,KPHY-C003-037,EPHY-C003-003,信息提取;科学推理,0.86,pending_review,false,candidate subquestion row
QPHY-C003-2025-05-S01,QPHY-C003-2025-05,2025,5,whole,choice,,2025广州中考.pdf,真题p2,5. 如图，蜡烛距凸透镜20cm 时，烛焰在光屏上成清晰的倒立缩小像，则该凸透镜的焦距可能是（ ） A 5cm B. 20cm C. 30cm D. 40cm,KPHY-C003-040,EPHY-C003-025,科学推理;实验探究,0.86,pending_review,false,candidate subquestion row
QPHY-C003-2025-06-S01,QPHY-C003-2025-06,2025,6,whole,choice,,2025广州中考.pdf,真题p2,6. 出租车驾驶室内设计了控制电路来显示是否载有乘客，车顶指示灯显示红色时载有乘客，显示绿色时未 载乘客。下列电路图中，通过开关S 接“1”或“2”可以符合上述设计要求的是（ ） A. B. C. D.,KPHY-C003-065,EPHY-C003-031,模型建构;科学推理,0.86,pending_review,false,candidate subquestion row
QPHY-C003-2025-07-S01,QPHY-C003-2025-07,2025,7,whole,choice,,2025广州中考.pdf,真题p2,7. 在如图所示的粗糙程度相同的水平冰面上，运动员用水平推力从a 点推动冰壶，经过b 点时松手，冰壶 到达c 点停止运动，由a 到b 和由b 到c 的过程中，设冰壶受到的滑动摩擦力分别为 ab f 和 bc f ，运动员对冰 壶做的功分别为 ab W 和 bc W ，则（ ） .,KPHY-C003-027,EPHY-C003-015,科学推理;数学运算,0.86,pending_review,false,candidate subquestion row
QPHY-C003-2025-08-S01,QPHY-C003-2025-08,2025,8,whole,choice,,2025广州中考.pdf,真题p1,8 1.027 10 Hz × 的电磁波，根据如图信息，该电磁波属于（ ） A. 无线电波 B. 红外线 C. 紫外线 D. γ 射线,KPHY-C003-049,EPHY-C003-030,信息提取;科学推理,0.86,pending_review,false,candidate subquestion row
QPHY-C003-2025-09-S01,QPHY-C003-2025-09,2025,9,whole,choice,,2025广州中考.pdf,真题p3,9. 某种汽车安全带控制装置如图a，摆锤竖直悬挂时，锁棒水平，棘轮可以自由转动，安全带能被拉动，由 此可判断汽车静止或正常行驶：如图b，摆锤摆起时，锁棒锁定棘轮，安全带不能被拉动，由此可判断汽车 可能（ ） A. 向西匀速行驶 B. 向东匀速行驶 C. 向西紧急刹车 D. 向东紧急刹车,KPHY-C003-027,EPHY-C003-014,科学推理;模型建构,0.86,pending_review,false,candidate subquestion row
QPHY-C003-2025-10-S01,QPHY-C003-2025-10,2025,10,whole,choice,,2025广州中考.pdf,真题p3,10. 如图是用于测量汽车轮胎内气体压强的胎压计，其数值的单位是“ 2 kg / cm ”，表示 2 1cm 的受力面积 上，所受的压力大小相当于1kg 物体的重力大小。若g 取10N/kg，则 2 1kg / cm 相当于（ ） 为,KPHY-C003-032,EPHY-C003-020,数学运算;科学推理,0.86,pending_review,false,candidate subquestion row
QPHY-C003-2025-11-S01,QPHY-C003-2025-11,2025,11,1,fill_or_drawing,,2025广州中考.pdf,真题p4,11. 如图所示的“风光互补”路灯，其太阳能电池板和风力发电机产生的电能，输送至蓄电池储存起来， 供路灯照明使用； （1）工作时，风力发电机将______能转化成电能，太阳能电池板将______能转化成电能，风能和太阳能 是______（选填“可再生”“不可再生”）的______（选填“一次”“二次”）能源； （2）蓄电池储存的电能为4.8kW·h，若全部用于路灯供电，可供额定功率为80W 的路灯正常发光 ______h。,KPHY-C003-071,EPHY-C003-039,信息提取;跨学科应用,0.86,pending_review,false,candidate subquestion row
QPHY-C003-2025-11-S02,QPHY-C003-2025-11,2025,11,2,fill_or_drawing,,2025广州中考.pdf,真题p4,同题内小问；需人工进一步拆分,KPHY-C003-071,EPHY-C003-039,信息提取;跨学科应用,0.86,pending_review,false,candidate subquestion row
QPHY-C003-2025-12-S01,QPHY-C003-2025-12,2025,12,whole,fill_or_drawing,,2025广州中考.pdf,真题p4,12. 图a 是旅游景区某大山及其等高线地形图的示意图，A、B 是山上的两个位置，地形图上的 1 1 A B 、 分别 对应A、B，AC 为垂直电梯通道，CB 为水平隧道。某游客乘电梯从A 到C，再通过隧道到B；,KPHY-C003-084,EPHY-C003-040,信息提取,0.76,pending_review,false,candidate subquestion row
QPHY-C003-2025-13-S01,QPHY-C003-2025-13,2025,13,1,fill_or_drawing,,2025广州中考.pdf,真题p5,13. 如图a，顾客站在倾斜放置 平面镜前观察自己的像； （1）用AB 表示站在平面镜前 顾客，在图b 中画出其在镜中的像_______； （2）顾客在镜子里看不到自己鞋子的像，她应______（选填“远离”“靠近”）平面镜移动，才能看到 自己鞋子的像，顾客移动过程中，鞋子像的大小______（选填“变大”“变小”或“不变”）。,KPHY-C003-084,EPHY-C003-040,信息提取,0.86,pending_review,false,candidate subquestion row
QPHY-C003-2025-13-S02,QPHY-C003-2025-13,2025,13,2,fill_or_drawing,,2025广州中考.pdf,真题p5,同题内小问；需人工进一步拆分,KPHY-C003-084,EPHY-C003-040,信息提取,0.86,pending_review,false,candidate subquestion row
QPHY-C003-2025-14-S01,QPHY-C003-2025-14,2025,14,1,comprehensive_calculation,,2025广州中考.pdf,真题p5,14. 图a 所示的斜拉桥，可逐步简化成图b、c、d 的模型； （1）以O 点为支点，在图d 中作出 1 2 F F 、 的力臂1 2 l l 、 _______； （2）为了减小钢索承受的拉力，可适当______（选填“升高”“降低”）钢索悬挂点在桥塔上的高度， 理由是：______。 第15、16 题结合题目要求，涉及计算的，应写出必要的文字说明、公式和重要演算步骤，只 写出最后答案的不能得分；有数值计算的题，演算过程及结果都要在数字的后面写上正确的单 位。,KPHY-C003-100,EPHY-C003-046,模型建构;跨学科应用;科学推理,0.86,pending_review,false,candidate subquestion row
QPHY-C003-2025-14-S02,QPHY-C003-2025-14,2025,14,2,comprehensive_calculation,,2025广州中考.pdf,真题p5,同题内小问；需人工进一步拆分,KPHY-C003-100,EPHY-C003-046,模型建构;跨学科应用;科学推理,0.86,pending_review,false,candidate subquestion row
QPHY-C003-2025-15-S01,QPHY-C003-2025-15,2025,15,whole,comprehensive_calculation,,2025广州中考.pdf,真题p5,15. 图a 是实践小组设计的自动储水箱简图，竖直细杆固定在水箱底部，浮筒可沿细杆上下移动，水箱中 水深为0.1m 时，浮筒对水箱底部的压力刚好为零；水深为0.4m 时，浮筒开始接触进水阀门；水深为0.6m 时，浮筒使进水阀门完全关闭，浮筒所受浮力和水深关系的图像如图b，已知 3 3 1.0 10 kg / m ρ = × 水 ，g 取 的 的,KPHY-C003-084,EPHY-C003-040,信息提取,0.86,pending_review,false,candidate subquestion row
QPHY-C003-2025-16-S01,QPHY-C003-2025-16,2025,16,1,comprehensive_calculation,,2025广州中考.pdf,真题p6,16. 图a 所示的电热加湿器，其内部结构及电路简图如图b，通电后，发热电阻R 使加热仓中的水沸腾变 成水蒸气喷出，增加环境湿度。已知水的比热容为 ( ) 3 4.2 10 J / kg × ⋅℃、密度为 3 3 1.0 10 kg / m × ，沸点为 100℃； （1）加热仓中的水变成水蒸气属于______（选填“液化”“汽化”）现象： （2）已知R 阻值为550Ω，求电热加湿器的功率______； （3）若消耗电能 4 1.2 10 J × ，可使加热仓内 5 3 3…,KPHY-C003-005,EPHY-C003-005,科学推理,0.86,pending_review,false,candidate subquestion row
QPHY-C003-2025-16-S02,QPHY-C003-2025-16,2025,16,2,comprehensive_calculation,,2025广州中考.pdf,真题p6,同题内小问；需人工进一步拆分,KPHY-C003-005,EPHY-C003-005,科学推理,0.86,pending_review,false,candidate subquestion row
QPHY-C003-2025-16-S03,QPHY-C003-2025-16,2025,16,3,comprehensive_calculation,,2025广州中考.pdf,真题p6,同题内小问；需人工进一步拆分,KPHY-C003-005,EPHY-C003-005,科学推理,0.86,pending_review,false,candidate subquestion row
QPHY-C003-2025-17-S01,QPHY-C003-2025-17,2025,17,whole,experiment_inquiry,,2025广州中考.pdf,真题p6,17. “探究串联电路中电流的特点”实验。,KPHY-C003-065,EPHY-C003-031,模型建构;科学推理,0.76,pending_review,false,candidate subquestion row
QPHY-C003-2025-18-S01,QPHY-C003-2025-18,2025,18,1,experiment_inquiry,,2025广州中考.pdf,真题p7,18. 跨学科实践小组设计了“测量气球在空气中所受浮力”的实验； （1）实验过程： ①如图a，用细线穿过自制标尺的O 点并悬挂，使其处于水平平衡状态，其中标尺分度值为1mm（图中毫 米刻度线没有画出）； ②将充足气的篮球和套有气针的干瘪气球，固定悬挂在标尺左端距O 点为 0L 的位置；在标尺右端对称位 为,KPHY-C003-034,EPHY-C003-022,模型建构;数学运算;科学推理,0.76,pending_review,false,candidate subquestion row
QPHY-C003-2025-18-S02,QPHY-C003-2025-18,2025,18,①,experiment_inquiry,,2025广州中考.pdf,真题p7,同题内小问；需人工进一步拆分,KPHY-C003-034,EPHY-C003-022,模型建构;数学运算;科学推理,0.76,pending_review,false,candidate subquestion row
QPHY-C003-2025-18-S03,QPHY-C003-2025-18,2025,18,②,experiment_inquiry,,2025广州中考.pdf,真题p7,同题内小问；需人工进一步拆分,KPHY-C003-034,EPHY-C003-022,模型建构;数学运算;科学推理,0.76,pending_review,false,candidate subquestion row
